{"vocabulary": {"Adarkar Wastes": 15, "Beza, the Bounding Spring": 204, "Caretaker's Talent": 384, "Chrome Host Seedshark": 456, "Deduce": 619, "Demolition Field": 641, "Elspeth's Smite": 784, "Fountainport": 1020, "Get Lost": 1073, "Island": 1438, "Meticulous Archive": 1735, "No More Lies": 1861, "Plains": 2034, "Restless Anchorage": 2204, "Seachrome Coast": 2354, "Season of the Burrow": 2367, "Sunfall": 2633, "Sunken Citadel": 2636, "Teferi, Temporal Pilgrim": 2701, "Temporary Lockdown": 2714, "Three Steps Ahead": 2822, "Boon-Bringer Valkyrie_SB": 276, "Chrome Host Seedshark_SB": 457, "Get Lost_SB": 1074, "Jace, the Perfected Mind_SB": 1450, "Loran of the Third Path_SB": 1645, "Negate_SB": 1837, "Temporary Lockdown_SB": 2715, "Tishana's Tidebinder_SB": 2854, "Archangel Elspeth": 92, "Carrot Cake": 389, "Fabled Passage": 876, "Go for the Throat": 1140, "Kaya, Spirits' Justice": 1493, "Lay Down Arms": 1569, "Preacher of the Schism": 2059, "Restless Fortress": 2210, "Sanguine Evangelist": 2305, "Shadowy Backstreet": 2396, "Swamp": 2657, "Virtue of Loyalty": 3074, "Aclazotz, Deepest Betrayal_SB": 12, "Kaya, Intangible Slayer_SB": 1492, "Legions to Ashes_SB": 1581, "Serra Paragon_SB": 2389, "Soul Search_SB": 2502, "Sunfall_SB": 2634, "Aclazotz, Deepest Betrayal": 11, "Caves of Koilos": 416, "Concealed Courtyard": 510, "Cut Down": 580, "Deep-Cavern Bat": 621, "Legions to Ashes": 1580, "Liliana of the Veil": 1611, "Loran of the Third Path": 1644, "Shoot the Sheriff": 2418, "Virtue of Persistence": 3076, "Zoraline, Cosmos Caller": 3217, "Beza, the Bounding Spring_SB": 205, "Cruelclaw's Heist_SB": 556, "Duress_SB": 744, "Elspeth's Smite_SB": 785, "Liliana of the Veil_SB": 1612, "Blackcleave Cliffs": 218, "Callous Sell-Sword": 368, "Emberheart Challenger": 793, "Fugitive Codebreaker": 1033, "Heartfire Hero": 1258, "Lightning Strike": 1607, "Manifold Mouse": 1697, "Might of the Meek": 1743, "Monastery Swiftspear": 1793, "Monstrous Rage": 1798, "Mountain": 1810, "Rabid Gnaw": 2101, "Rockface Village": 2254, "Shock": 2416, "Sulfurous Springs": 2625, "Go for the Throat_SB": 1141, "Lithomantic Barrage_SB": 1620, "Smash to Dust_SB": 2482, "Tectonic Hazard_SB": 2699, "Urabrask's Forge_SB": 2990, "Audacity": 141, "Cacophony Scamp": 359, "Copperline Gorge": 529, "Forest": 1008, "Giant Growth": 1096, "Karplusan Forest": 1488, "Restless Ridgeline": 2214, "Slickshot Show-Off": 2478, "Snakeskin Veil": 2487, "Obliterating Bolt_SB": 1888, "Pawpatch Formation_SB": 1978, "Scorching Shot_SB": 2338, "Sunspine Lynx_SB": 2642, "Battlefield Forge": 189, "Case of the Gateway Express": 394, "Gleeful Demolition": 1126, "Imodane's Recruiter": 1357, "Inspiring Vantage": 1390, "Knight-Errant of Eos": 1530, "Novice Inspector": 1874, "Resolute Reinforcements": 2198, "Shivan Reef": 2415, "Spirebluff Canal": 2543, "Spyglass Siren": 2558, "Warden of the Inner Sky": 3125, "Warleader's Call": 3130, "Yotian Frontliner": 3201, "Destroy Evil_SB": 658, "Protect the Negotiators_SB": 2079, "Torch the Tower_SB": 2874, "Witchstalker Frenzy_SB": 3177, "Innkeeper's Talent": 1376, "Questing Druid": 2094, "Witchstalker Frenzy": 3176, "Pick Your Poison_SB": 2020, "Snakeskin Veil_SB": 2488, "Abrade_SB": 4, "Caught in the Crossfire_SB": 407, "Anoint with Affliction": 77, "Darkslick Shores": 589, "Duress": 743, "Ertai Resurrected": 826, "Faerie Mastermind": 886, "Gix, Yawgmoth Praetor": 1112, "Gix's Command": 1110, "Mirrex": 1758, "Phantom Interference": 1997, "Plumecreed Escort": 2040, "Restless Reef": 2212, "Sheoldred, the Apocalypse": 2408, "Tishana's Tidebinder": 2853, "Underground River": 2948, "Cut Down_SB": 581, "Disdainful Stroke_SB": 670, "Gix's Command_SB": 1111, "Harvester of Misery_SB": 1237, "Malicious Eclipse_SB": 1694, "Thran Portal": 2813, "Demonic Ruckus": 649, "Flowstone Infusion": 997, "Restless Vents": 2218, "Furnace Reins_SB": 1044, "Pilfer_SB": 2027, "Pyroclasm_SB": 2089, "Caustic Bronco": 409, "Hostile Investigator_SB": 1335, "Cavern of Souls": 413, "Fireglass Mentor": 973, "Flamecache Gecko": 978, "Gev, Scaled Scorch": 1079, "Hired Claw": 1314, "Iridescent Vinelasher": 1434, "Laughing Jasper Flint": 1564, "Mudflat Village": 1814, "Thought-Stalker Warlock": 2806, "Valley Flamecaller": 3017, "Case of the Crimson Pulse_SB": 392, "Azure Beastbinder": 157, "Karumonix, the Rat King": 1490, "Lilypad Village": 1615, "Lord Skitter, Sewer King": 1648, "Nezumi Informant": 1847, "Patchwork Banner": 1975, "Persistent Marshstalker": 1990, "Pile On": 2024, "Shoreline Looter": 2422, "Vren, the Relentless": 3114, "Kaito, Dancing Shadow_SB": 1478, "Elegant Parlor": 775, "Parting Gust": 1973, "The Eternal Wanderer": 2739, "Imodane's Recruiter_SB": 1358, "Not on My Watch_SB": 1873, "Sunder the Gateway_SB": 2632, "Lightning Helix": 1605, "Restless Bivouac": 2206, "Torch the Tower": 2873, "Urabrask's Forge": 2989, "Bonehoard Dracosaur_SB": 269, "Brotherhood's End_SB": 336, "Rest in Peace_SB": 2203, "Season of the Burrow_SB": 2368, "Virtue of Loyalty_SB": 3075, "Archfiend of the Dross": 100, "Harvester of Misery": 1236, "Ancient Cornucopia": 61, "Atraxa, Grand Unifier": 139, "Bitter Triumph": 215, "Blooming Marsh": 255, "Botanical Sanctum": 284, "Fallaji Archaeologist": 893, "Founding the Third Path": 1017, "Hedge Maze": 1267, "Jace, the Perfected Mind": 1449, "Llanowar Wastes": 1630, "Lumra, Bellow of the Woods": 1661, "Picklock Prankster": 2021, "Squirming Emergence": 2562, "The Cruelty of Gix": 2731, "Undercity Sewers": 2946, "Underground Mortuary": 2947, "Wail of the Forgotten": 3116, "Yavimaya Coast": 3196, "Anoint with Affliction_SB": 78, "Bonny Pall, Clearcutter_SB": 271, "Long Goodbye_SB": 1635, "Nissa, Ascended Animist_SB": 1858, "Tear Asunder_SB": 2697, "Terror Tide_SB": 2722, "Tranquil Frillback_SB": 2888, "Glissa Sunslayer": 1130, "Mosswood Dreadknight": 1808, "Restless Cottage": 2208, "Sentinel of the Nameless City": 2385, "Tear Asunder": 2696, "Vraska, Betrayal's Sting": 3111, "Caustic Bronco_SB": 410, "Choking Miasma_SB": 455, "Soul-Guide Lantern_SB": 2505, "Crumb and Get It": 557, "Mirran Banesplitter": 1757, "Skrelv, Defector Mite": 2453, "Break the Spell_SB": 313, "Dewdrop Cure_SB": 665, "Analyze the Pollen": 57, "Bushwhack": 355, "Cache Grab": 357, "Eddymurk Crab": 763, "Into the Flood Maw": 1397, "Seed of Hope": 2374, "Sleight of Hand": 2474, "Stormchaser's Talent": 2607, "This Town Ain't Big Enough": 2796, "Tolarian Terror": 2867, "Up the Beanstalk": 2986, "Long River's Pull_SB": 1638, "Obstinate Baloth_SB": 1892, "The Filigree Sylex_SB": 2743, "Three Steps Ahead_SB": 2823, "Case of the Crimson Pulse": 391, "Glistening Deluge_SB": 1132, "Laughing Jasper Flint_SB": 1565, "Scales of Shale_SB": 2327, "Duelist of the Mind": 741, "Faerie Dreamthief": 883, "Invasion of Amonkhet": 1404, "Proft's Eidetic Memory": 2070, "Steamcore Scholar": 2580, "Blot Out_SB": 259, "Lightning Helix_SB": 1606, "Hostile Investigator": 1334, "Outcaster Trailblazer": 1931, "Phyrexian Obliterator": 2013, "Tail Swipe": 2677, "The Stone Brain_SB": 2780, "Bandit's Talent": 171, "Hopeless Nightmare": 1328, "Invasion of Eldraine": 1408, "No Witnesses": 1865, "Nurturing Pixie": 1879, "Phyrexian Arena": 2003, "Tithing Blade": 2859, "Elesh Norn, Mother of Machines_SB": 781, "Two-Headed Hunter": 2924, "Questing Druid_SB": 2095, "Royal Treatment_SB": 2270, "Tyvar's Stand_SB": 2932, "Nissa, Ascended Animist": 1857, "Charming Scoundrel": 443, "Goddric, Cloaked Reveler": 1151, "Obliterating Bolt": 1887, "Squee, Dubious Monarch": 2560, "Cruelclaw's Heist": 555, "Feed the Cycle": 934, "Disfigure_SB": 674, "Sheoldred's Edict_SB": 2407, "Dreadmaw's Ire": 724, "Sugar Rush": 2623, "Sunder the Gateway": 2631, "Forsaken Miner": 1013, "Dreams of Steel and Oil_SB": 730, "The Huntsman's Redemption_SB": 2748, "Phyrexian Fleshgorger": 2009, "Sheoldred's Edict": 2406, "Pest Control_SB": 1992, "Kaito, Dancing Shadow": 1477, "Archangel of Wrath": 96, "Brushland": 338, "Heaped Harvest": 1256, "Herd Migration": 1284, "Leyline Binding": 1587, "Lush Portico": 1667, "Vaultborn Tyrant_SB": 3039, "Blossoming Tortoise": 257, "Cenote Scout": 422, "Disfigure": 673, "Tinybones, the Pickpocket": 2850, "Brotherhood's End": 335, "Calamity, Galloping Inferno": 364, "Commercial District": 506, "Glimpse the Core": 1129, "Roxanne, Starfall Savant": 2267, "Smuggler's Surprise": 2485, "Spinewoods Armadillo": 2539, "Terror of the Peaks": 2723, "Trumpeting Carnosaur": 2906, "Vaultborn Tyrant": 3038, "Volcanic Spite": 3092, "Tyrranax Rex_SB": 2929, "Chart a Course": 447, "Haughty Djinn": 1239, "Helping Hand": 1277, "Moment of Truth": 1788, "Monastery Mentor": 1791, "Recommission": 2165, "Shore Up": 2420, "Soul Partition": 2499, "Surge of Salvation": 2647, "Doorkeeper Thrull_SB": 698, "Kutzil's Flanker_SB": 1553, "Soul Partition_SB": 2500, "Surge of Salvation_SB": 2648, "Anim Pakal, Thousandth Moon": 68, "Requisition Raid": 2196, "Anointed Peacekeeper_SB": 80, "Aven Interrupter_SB": 150, "Requisition Raid_SB": 2197, "Song of Totentanz_SB": 2496, "Urgent Necropsy_SB": 2998, "Malcolm, Alluring Scoundrel": 1690, "Honest Rutstein": 1324, "Inti, Seneschal of the Sun": 1391, "Lazav, Wearer of Faces": 1572, "Marchesa, Dealer of Death": 1703, "Plaza of Heroes": 2039, "Relic of Legends": 2183, "Rona, Herald of Invasion": 2263, "Tinybones Joins Up": 2847, "Bitter Triumph_SB": 216, "Kaervek, the Punisher_SB": 1472, "Virtue of Persistence_SB": 3077, "Builder's Talent": 341, "Scorching Shot": 2337, "Charming Scoundrel_SB": 444, "Goddric, Cloaked Reveler_SB": 1152, "Mirrex_SB": 1759, "Pillage the Bog": 2028, "Tranquil Frillback": 2887, "The Cruelty of Gix_SB": 2732, "Sunfire Torch": 2635, "Binding Negotiation_SB": 208, "Invasion of Gobakhan": 1411, "Invasion of Gobakhan_SB": 1412, "Kaya, Intangible Slayer": 1491, "Scoured Barrens": 2340, "Urza's Sylex": 3003, "White Sun's Twilight": 3153, "Caves of Koilos_SB": 417, "Chimil, the Inner Sun_SB": 452, "Deadly Cover-Up": 607, "Pawpatch Formation": 1977, "Razorverge Thicket": 2149, "Tarrian's Journal": 2693, "Urgent Necropsy": 2997, "Outrageous Robbery_SB": 1937, "Glarb, Calamity's Augur": 1117, "Long Goodbye": 1634, "Ertai Resurrected_SB": 827, "Glissa Sunslayer_SB": 1131, "Haywire Mite_SB": 1248, "Spellgyre_SB": 2530, "Vren, the Relentless_SB": 3115, "Felonious Rage": 950, "Blanchwood Prowler": 223, "Cruel Somnophage": 554, "Gnawing Vermin": 1138, "Hollow Marauder": 1319, "Mockingbird": 1776, "Overwhelming Remorse": 1956, "Rubblebelt Maverick": 2271, "Souls of the Lost": 2510, "Urborg Lhurgoyf": 2991, "Scrapshooter_SB": 2342, "Soulless Jailer_SB": 2509, "Invasion of Shandalar": 1422, "Invasion of Tolvada": 1427, "Lord Skitter, Sewer King_SB": 1649, "Abrade": 3, "Agate-Blade Assassin": 28, "All Will Be One": 47, "Bloodfell Caves": 243, "Jagged Barrens": 1452, "Ob Nixilis, Captive Kingpin": 1885, "Raucous Theater": 2140, "Tectonic Hazard": 2698, "Staggering Size_SB": 2565, "Sanguine Evangelist_SB": 2306, "Leyline of Resonance": 1591, "Royal Treatment": 2269, "Thornspire Verge": 2801, "Turn Inside Out": 2913, "Brave the Wilds": 304, "Get Out": 1075, "Mountain_SB": 1811, "Overlord of the Hauntwoods": 1948, "Overlord of the Mistmoors": 1950, "Zur, Eternal Schemer": 3221, "Unidentified Hovership": 2959, "Season of Loss_SB": 2364, "Unidentified Hovership_SB": 2960, "Braids, Arisen Nightmare": 296, "Nowhere to Run": 1875, "Phyrexian Missionary": 2011, "Surgical Suite && Hospital Room": 2650, "Bandit's Talent_SB": 172, "Exorcise_SB": 852, "Ghost Vacuum_SB": 1089, "Shrouded Shepherd_SB": 2427, "Enduring Innocence": 803, "Entity Tracker": 818, "Ethereal Armor": 842, "Fae Flight": 879, "Floodfarm Verge": 989, "Gremlin Tamer": 1186, "Inquisitive Glimmer": 1379, "Optimistic Scavenger": 1914, "Ossification": 1923, "Shardmage's Rescue": 2398, "Sheltered by Ghosts": 2403, "Kitnap_SB": 1521, "Ossification_SB": 1924, "The End": 2736, "Archangel of Wrath_SB": 97, "Invasion of Shandalar_SB": 1423, "Rankle's Prank_SB": 2132, "The End_SB": 2737, "Valgavoth, Terror Eater_SB": 3014, "Bitter Reunion": 213, "Blazemire Verge": 228, "Brass's Tunnel-Grinder": 302, "Coiling Rebirth": 486, "Fear of Missing Out": 923, "Lich-Knights' Conquest": 1599, "Overlord of the Balemurk": 1942, "Overlord of the Boilerbilges": 1944, "Cavern of Souls_SB": 414, "Enduring Courage_SB": 800, "Nowhere to Run_SB": 1876, "Rottenmouth Viper_SB": 2266, "Doppelgang": 699, "Hushwood Verge": 1346, "Overlord of the Floodpits": 1946, "Artist's Talent": 119, "Capricious Hellraiser": 378, "Chandra, Hope's Beacon": 432, "Ill-Timed Explosion": 1354, "Pyroclasm": 2088, "Restless Spire": 2216, "Roaring Furnace && Steaming Sauna": 2248, "Season of Weaving": 2365, "Thundering Falls": 2837, "Fires of Victory_SB": 975, "Into the Flood Maw_SB": 1398, "Abhorrent Oculus": 1, "Restless Ridgeline_SB": 2215, "Regal Bunnicorn": 2175, "Splitskin Doll": 2551, "Steel Seraph": 2584, "Subterranean Schooner": 2621, "Zoetic Glyph": 3213, "Shardmage's Rescue_SB": 2399, "Archfiend of the Dross_SB": 101, "Breach the Multiverse": 308, "Collector's Vault": 494, "Conspiracy Unraveler": 520, "Gloomlake Verge": 1134, "Reenact the Crime": 2172, "Terror Tide": 2721, "The Tale of Tamiyo": 2784, "Vohar, Vodalian Desecrator": 3089, "Geological Appraiser": 1069, "Molten Collapse": 1781, "Undead Sprinter": 2943, "Screaming Nemesis_SB": 2348, "Harried Spearguard": 1233, "Painter's Studio && Defaced Gallery": 1964, "Phoenix Chick": 2001, "Felonious Rage_SB": 951, "Ferocification_SB": 953, "Wrenn's Resolve_SB": 3192, "Cursed Recording": 576, "Fires of Victory": 974, "Ral, Crackling Wit": 2124, "The Everflowing Well": 2741, "Faerie Mastermind_SB": 887, "Frolicking Familiar_SB": 1029, "Bloodletter of Aclazotz": 245, "Demonic Counsel": 643, "Rush of Dread": 2284, "Unstoppable Slasher": 2977, "Phyrexian Arena_SB": 2004, "Sheoldred_SB": 2410, "Fountainport_SB": 1022, "Dreadmaw's Ire_SB": 725, "Enduring Curiosity": 801, "Chainsaw": 428, "Split Up_SB": 2550, "The Wandering Rescuer": 2786, "Cease // Desist_SB": 419, "Picnic Ruiner": 2022, "Witch's Mark": 3173, "Twisted Fealty_SB": 2922, "Emberheart Challenger_SB": 794, "Enduring Innocence_SB": 804, "Overlord of the Mistmoors_SB": 1951, "Floodpits Drowner": 990, "Hard-Hitting Question": 1228, "Jadelight Spelunker": 1451, "Merfolk Cave-Diver": 1731, "Mistbreath Elder": 1771, "Nicanzil, Current Conductor": 1849, "Vodalian Hexcatcher": 3087, "Cryptic Coat_SB": 563, "Deeproot Pilgrimage_SB": 625, "Sword of Once and Future_SB": 2668, "Unable to Scream_SB": 2938, "Errant and Giada": 824, "No More Lies_SB": 1862, "Sheltered by Ghosts_SB": 2404, "Monastery Mentor_SB": 1792, "Roaring Furnace // Steaming Sauna": 2250, "Toby, Beastie Befriender": 2862, "Aven Interrupter": 149, "Sleep-Cursed Faerie": 2473, "High Noon_SB": 1307, "Roaring Furnace // Steaming Sauna_SB": 2251, "Zimone, All-Questioning": 3211, "Don't Make a Sound": 695, "Phantom Interference_SB": 1998, "Kaito, Bane of Nightmares": 1473, "Fear of Impostors": 916, "Ghostly Dancers": 1090, "Mirror Room // Fractured Realm": 1761, "Rottenmouth Viper": 2265, "Silent Hallcreeper": 2433, "Virtue of Knowledge": 3072, "Beastie Beatdown": 194, "Betrayer's Bargain": 202, "Growing Dread": 1195, "Patchwork Beastie": 1976, "Scrapshooter": 2341, "Scrapwork Mutt": 2343, "Wildfire Wickerfolk": 3159, "Atraxa's Fall_SB": 138, "Choking Miasma": 454, "Thrun, Breaker of Silence_SB": 2835, "Calix, Guided by Fate": 365, "Combat Research": 502, "Elvish Archivist": 789, "Restless Vinestalk": 2219, "Enduring Vitality": 807, "Hearth Elemental": 1263, "Scalding Viper": 2324, "Scorching Dragonfire": 2335, "Slick Sequence": 2477, "Stormsplitter": 2610, "Hide in Plain Sight_SB": 1301, "Scorching Dragonfire_SB": 2336, "Virtue of Strength_SB": 3079, "Case of the Stashed Skeleton": 399, "Conduit Pylons": 512, "Corpses of the Lost": 530, "Darkstar Augur": 590, "Scorn-Blade Berserker": 2339, "Withering Torment_SB": 3179, "Split Up": 2549, "Karn's Sylex_SB": 1485, "Nettle Guard_SB": 1842, "Zoraline, Cosmos Caller_SB": 3218, "Serra Paragon": 2388, "Dawn's Truce_SB": 595, "Phyrexian Vindicator_SB": 2017, "Altanak, the Thrice-Called": 49, "Say Its Name": 2320, "Screaming Nemesis": 2347, "The Rollercrusher Ride": 2771, "Balustrade Wurm_SB": 169, "Ephara's Dispersal": 820, "Unwanted Remake_SB": 2984, "Song of Totentanz": 2495, "Valley Floodcaller": 3018, "Stormkeld Vanguard_SB": 2609, "Change the Equation": 438, "Horned Loch-Whale": 1330, "Invasion of Arcavios": 1406, "Silver Scrutiny": 2436, "Change the Equation_SB": 439, "Doppelgang_SB": 700, "Lay Down Arms_SB": 1570, "Cheeky House-Mouse": 449, "Collector's Cage": 492, "Flowerfoot Swordmaster": 996, "Lavaspur Boots": 1567, "Lost Jitte": 1650, "Mabel, Heir to Cragflame": 1671, "Valley Questcaller": 3021, "Vengeful Possession_SB": 3047, "Leyline of the Void_SB": 1597, "Elesh Norn, Mother of Machines": 780, "Outrageous Robbery": 1936, "Exorcise": 851, "Dissection Tools_SB": 678, "Mishra's Foundry": 1769, "Jaya, Fiery Negotiator_SB": 1455, "Sheoldred, the Apocalypse_SB": 2409, "Up the Beanstalk_SB": 2987, "Destroy Evil": 657, "Restless Prairie": 2211, "Scrollshift": 2349, "Atraxa, Grand Unifier_SB": 140, "Painter's Studio // Defaced Gallery": 1966, "Hearth Elemental_SB": 1264, "Render Inert": 2187, "Starfall Invocation": 2571, "Archangel Elspeth_SB": 93, "Deep-Cavern Bat_SB": 622, "Urza's Sylex_SB": 3004, "Essence Channeler": 832, "Lunar Convocation": 1662, "Ruin-Lurker Bat": 2274, "Skullcap Snail_SB": 2458, "Unscrupulous Agent_SB": 2970, "Assassin's Trophy": 130, "Seized from Slumber": 2380, "Crystal Grotto": 568, "Invasion of Segovia": 1421, "Protect the Negotiators": 2078, "Caretaker's Talent_SB": 385, "Rest in Peace": 2202, "Untimely Malfunction_SB": 2982, "Ruthless Negotiation": 2290, "Phyrexian Obliterator_SB": 2014, "Thought-Stalker Warlock_SB": 2807, "Lightning Strike_SB": 1608, "Shock_SB": 2417, "Glass Casket_SB": 1120, "Spellgyre": 2529, "Balustrade Wurm": 168, "Fear of Being Hunted": 912, "Tyvar's Stand": 2931, "Charred Foyer // Warped Space_SB": 446, "Breach the Multiverse_SB": 309, "Conduit of Worlds_SB": 514, "Cease // Desist": 418, "Ill-Timed Explosion_SB": 1355, "Ezrim, Agency Chief": 872, "Unwanted Remake": 2983, "Deadly Riposte_SB": 610, "Spiteful Hexmage": 2545, "Torch the Witness": 2875, "Rona's Vortex": 2261, "Surgical Suite // Hospital Room": 2652, "Valgavoth's Faithful": 3009, "Rona's Vortex_SB": 2262, "Kitsa, Otterball Elite": 1522, "Matzalantli, the Great Door": 1714, "Push // Pull": 2086, "Osseous Sticktwister": 1921, "Razorlash Transmogrant_SB": 2147, "Agrus Kos, Spirit of Justice": 33, "Annie Joins Up": 74, "Baylen, the Haymaker": 191, "Hugs, Grisly Guardian": 1339, "Kellan, Daring Traveler": 1503, "Pia Nalaar, Consul of Revival": 2018, "Rocco, Street Chef": 2253, "Defabricate_SB": 628, "Grand Abolisher_SB": 1169, "Braided Net": 294, "Chimil, the Inner Sun": 451, "Clay-Fired Bricks": 475, "Farsight Ritual": 902, "Simulacrum Synthesizer": 2442, "Ezrim, Agency Chief_SB": 873, "Feather of Flight": 930, "Invasion of Theros": 1426, "Spellbook Vendor": 2528, "Toadstool Admirer": 2861, "Expel the Interlopers_SB": 855, "Flowstone Infusion_SB": 998, "Giant Growth_SB": 1097, "Enduring Tenacity": 805, "Gumdrop Poisoner": 1207, "Vadmir, New Blood": 3007, "Vinereap Mentor": 3065, "Come Back Wrong_SB": 505, "Callous Sell-Sword_SB": 369, "The Eternal Wanderer_SB": 2740, "Negate": 1836, "Minor Misstep_SB": 1753, "Barbed Batterfist": 178, "Blacksmith's Talent": 219, "Bladehold War-Whip": 222, "Jor Kadeen, First Goldwarden": 1465, "Kellan, the Fae-Blooded": 1508, "Rebel Salvo": 2157, "Beseech the Mirror": 199, "Rite of the Moth": 2238, "Valgavoth, Terror Eater": 3013, "No Witnesses_SB": 1866, "Phyrexian Fleshgorger_SB": 2010, "Kellan, Inquisitive Prodigy_SB": 1505, "Contested Game Ball_SB": 525, "Razorkin Needlehead_SB": 2145, "Witch's Mark_SB": 3174, "Danitha, Benalia's Hope_SB": 587, "Wear Down_SB": 3142, "Case of the Uneaten Feast": 401, "Leyline of Hope": 1589, "Lupinflower Village": 1665, "Starscape Cleric": 2573, "Blazing Crescendo": 229, "Overgrown Zealot": 1941, "Abraded Bluffs": 5, "Alania's Pathmaker": 44, "Banishing Light": 173, "Nahiri's Resolve": 1827, "Tinker's Tote": 2846, "Wind-Scarred Crag": 3164, "Disenchant_SB": 672, "Recommission_SB": 2166, "Volcanic Spite_SB": 3093, "Campus Renovation": 370, "Cityscape Leveler": 466, "Combat Thresher": 503, "Emerge from the Cocoon": 795, "Fear of Abduction": 911, "Galvanize": 1051, "Portal to Phyrexia": 2053, "Raucous Carnival": 2138, "Su-Chi Cave Guard": 2620, "Boulderbranch Golem_SB": 290, "Outlaw Medic_SB": 1933, "Scrollshift_SB": 2350, "Beanstalk Wurm": 193, "Blossoming Sands": 256, "Etched Cornfield": 840, "Getaway Glamer": 1077, "Hauntwoods Shrieker": 1246, "Manifest Dread": 1696, "Riftburst Hellion": 2228, "Rust Goliath": 2286, "Salvation Swan": 2299, "Threats Around Every Corner": 2819, "Valgavoth's Onslaught": 3011, "Monstrous Emergence_SB": 1797, "Neglected Manor": 1838, "Ruthless Lawbringer": 2288, "Skullcap Snail": 2457, "Stockpiling Celebrant": 2596, "Found Footage_SB": 1016, "Griffnaut Tracker_SB": 1191, "Dwarven Forge-Chanter": 750, "Urabrask": 2988, "Whirling Strike_SB": 3149, "Pawpatch Recruit": 1979, "Manifold Mouse_SB": 1698, "Back for Seconds": 159, "Corrupt": 532, "Corrupted Conviction": 533, "Final Vengeance": 969, "Hidden Necropolis": 1297, "Lively Dirge": 1622, "The Dross Pits": 2733, "Unscrupulous Agent": 2969, "Candy Grapple_SB": 373, "Tithing Blade_SB": 2860, "Kaito, Bane of Nightmares_SB": 1474, "Calamity's Wake_SB": 363, "Wrenn's Resolve": 3191, "Koth, Fire of Resistance_SB": 1542, "Clockwork Percussionist": 480, "Disturbing Mirth": 684, "Greedy Freebooter": 1181, "Scavenger's Talent": 2331, "Dusk Rose Reliquary": 746, "High Noon": 1306, "Monstrous Emergence": 1796, "Ephara's Dispersal_SB": 821, "Get Out_SB": 1076, "Teferi, Temporal Pilgrim_SB": 2702, "The Wandering Rescuer_SB": 2787, "Assimilation Aegis": 132, "Thundertrap Trainer": 2841, "Realmbreaker, the Invasion Tree_SB": 2155, "Unstable Glyphbridge_SB": 2975, "Bring the Ending": 322, "Dismal Backwater": 675, "Distorted Curiosity": 679, "Drown in Ichor": 735, "Experimental Augury": 856, "Infectious Inquiry": 1370, "Murky Sewer": 1822, "Prologue to Phyresis": 2074, "Reject Imperfection": 2181, "Vraska's Fall": 3109, "Infectious Inquiry_SB": 1371, "Pestilent Syphoner_SB": 1994, "Vivisurgeon's Insight_SB": 3086, "Alabaster Host Intercessor": 43, "Fanatic of the Harrowing": 896, "Haunted Mire": 1243, "Jungle Hollow": 1470, "Nurturing Bristleback": 1878, "Radiant Grove": 2104, "Shroudstomper": 2428, "Spectral Snatcher": 2522, "Sunlit Marsh": 2638, "Fanatic of the Harrowing_SB": 897, "Urborg Repossession_SB": 2993, "Winter's Intervention_SB": 3168, "Virtue of Courage": 3070, "Push // Pull_SB": 2087, "Break Out": 311, "Keen-Eyed Curator_SB": 1498, "Deadly Cover-Up_SB": 608, "Make Your Own Luck": 1686, "Niv-Mizzet, Supreme": 1860, "Make Your Own Luck_SB": 1687, "The Infamous Cruelclaw": 2749, "Vein Ripper": 3041, "Blood Hustler": 238, "Desert's Due": 654, "Eroded Canyon": 823, "Gisa, the Hellraiser": 1104, "Intimidation Campaign": 1393, "Kaervek, the Punisher": 1471, "Lazav, Familiar Stranger": 1571, "Magda, the Hoardmaster": 1677, "Raven of Fell Omens": 2141, "Seize the Secrets": 2378, "Soured Springs": 2513, "Ego Drain": 767, "Faerie Fencing": 884, "Obyra, Dreaming Duelist": 1893, "Season of Loss": 2363, "Spell Stutter": 2526, "Invasion of Amonkhet_SB": 1405, "Spell Stutter_SB": 2527, "Talion's Messenger_SB": 2687, "Fade from History_SB": 878, "Bilious Skulldweller": 206, "Venser, Corpse Puppet": 3050, "Drag to the Bottom_SB": 711, "Drown in Ichor_SB": 736, "Reject Imperfection_SB": 2182, "Serum Snare_SB": 2391, "Venser, Corpse Puppet_SB": 3051, "Vraska, Betrayal's Sting_SB": 3112, "Whisper of the Dross_SB": 3152, "Abandoned Campground": 0, "Fear of Isolation": 920, "Grand Entryway // Elegant Rotunda": 1171, "Hopeful Vigil": 1327, "Meat Locker // Drowned Diner": 1720, "The Princess Takes Flight": 2767, "Tranquil Cove": 2885, "Underwater Tunnel // Slimy Aquarium": 2950, "Deathcap Marionette": 613, "Desperate Bloodseeker": 655, "Gloomfang Mauler": 1133, "Possessed Goat": 2055, "Vile Mutilator": 3064, "Extract a Confession_SB": 868, "Make Your Move_SB": 1685, "Ghalta, Stampede Tyrant": 1083, "Withering Torment": 3178, "Annex Sentry_SB": 72, "Freestrider Lookout": 1023, "Ghost Vacuum": 1088, "Meathook Massacre II": 1721, "Zur, Eternal Schemer_SB": 3222, "Grievous Wound": 1189, "Razorkin Needlehead": 2144, "Vial Smasher, Gleeful Grenadier": 3059, "Scales of Shale": 2326, "Invasion of Tolvada_SB": 1428, "Unholy Annex && Ritual Chamber": 2955, "Unholy Annex && Ritual Chamber_SB": 2956, "Preacher of the Schism_SB": 2060, "Spelunking": 2532, "Market Gnome": 1704, "Zephyr Singer": 3206, "Nashi, Searcher in the Dark": 1832, "Betrayer's Bargain_SB": 203, "Loran's Escape": 1646, "Seedglaive Mentor_SB": 2375, "Valgavoth's Lair": 3010, "Idyllic Beachfront": 1353, "Wrenn and Realmbreaker": 3188, "Undead Sprinter_SB": 2944, "Ojer Kaslem, Deepest Growth": 1899, "Restless Cottage_SB": 2209, "Elusive Otter": 786, "Otterball Antics": 1927, "Pearl of Wisdom": 1981, "Stormcatch Mentor": 2606, "Ral, Crackling Wit_SB": 2125, "Overlord of the Balemurk_SB": 1943, "Torpor Orb_SB": 2878, "Fortified Beachhead": 1014, "Harbin, Vanguard Aviator": 1223, "Recruitment Officer": 2167, "Werefox Bodyguard": 3147, "Zephyr Sentinel": 3205, "Cryptic Coat": 562, "Fell_SB": 948, "Evolving Adaptive": 847, "Omnivorous Flytrap": 1909, "Stubborn Burrowfiend": 2618, "Hunter's Talent_SB": 1344, "Trial of Agony_SB": 2900, "Wrenn and Realmbreaker_SB": 3189, "Bonny Pall, Clearcutter": 270, "Thornvault Forager": 2802, "Doomsday Excruciator": 696, "Drag the Canal": 708, "Intrude on the Mind": 1403, "Malicious Eclipse": 1693, "Essence Scatter": 834, "Sazacap's Brew": 2322, "Fortune, Loyal Steed": 1015, "Frontier Seeker": 1030, "Sorcerous Spyglass_SB": 2498, "Defiled Crypt // Cadaver Lab": 635, "Pitiless Carnage": 2031, "Popular Egotist": 2050, "Ego Drain_SB": 768, "Jaya, Fiery Negotiator": 1454, "Squee, Dubious Monarch_SB": 2561, "Stoic Sphinx_SB": 2599, "Blot Out": 258, "Diabolic Intent": 666, "Drag to the Bottom": 710, "Soul of Windgrace": 2503, "Chandra, Hope's Beacon_SB": 433, "Season of Gathering_SB": 2362, "Unholy Annex // Ritual Chamber": 2957, "Impulse": 1364, "The Huntsman's Redemption": 2747, "Armored Scrapgorger": 117, "Axebane Ferox": 152, "Green Sun's Twilight": 1182, "Llanowar Loamspeaker": 1628, "Railway Brawler": 2114, "Tyrranax Rex": 2928, "Bite Down_SB": 212, "Hard-Hitting Question_SB": 1229, "Unstoppable Slasher_SB": 2978, "Overprotect": 1952, "Valgavoth's Onslaught_SB": 3012, "Embereth Veteran": 792, "Drannith Ruins_SB": 723, "Escape Tunnel": 830, "Live or Die": 1621, "Hopeless Nightmare_SB": 1329, "No One Left Behind": 1863, "Not Dead After All": 1870, "Oblivious Bookworm": 1889, "Satoru, the Infiltrator": 2312, "Splash Portal": 2547, "Cankerbloom_SB": 376, "The Swarmweaver_SB": 2783, "Enduring Courage": 799, "Rakdos Joins Up": 2118, "The Elder Dragon War": 2734, "Khenra Spellspear": 1514, "Blue Sun's Twilight_SB": 260, "Third Path Iconoclast_SB": 2793, "Helga, Skittish Seer": 1270, "Koth, Fire of Resistance": 1541, "Phyrexian Dragon Engine_SB": 2008, "Elas il-Kor, Sadistic Pilgrim": 771, "Hajar, Loyal Bodyguard": 1210, "Rakdos, the Muscle": 2121, "Ratadrabik of Urborg": 2135, "The Jolly Balloon Man": 2752, "Boon-Bringer Valkyrie": 275, "Rockface Village_SB": 2255, "Elesh Norn_SB": 782, "Long River's Pull": 1637, "Sunspine Lynx": 2641, "Stoic Sphinx": 2598, "Blast Zone": 226, "Fomori Vault": 1001, "Skitterbeam Battalion": 2450, "Stern Lesson": 2588, "The Mightstone and Weakstone": 2760, "Thran Spider": 2814, "Agatha's Soul Cauldron": 29, "Nettle Guard": 1841, "Raging Battle Mouse": 2113, "Voldaren Thrillseeker": 3095, "Parting Gust_SB": 1974, "Assimilation Aegis_SB": 133, "Vraan, Executioner Thane": 3107, "Valley Rotcaller": 3022, "Goldvein Hydra_SB": 1156, "Azure Beastbinder_SB": 158, "Gix, Yawgmoth Praetor_SB": 1113, "Geological Appraiser_SB": 1070, "Flow of Knowledge": 994, "Abhorrent Oculus_SB": 2, "Shore Up_SB": 2421, "Unauthorized Exit_SB": 2940, "Djeru and Hazoret": 691, "Dragonhawk, Fate's Tempest": 715, "Etali, Primal Conqueror": 837, "Huatli, Poet of Unity": 1338, "Kogla and Yidaro": 1533, "Dollmaker's Shop // Porcelain Gallery_SB": 694, "Commune with Evil": 508, "Nemata, Primeval Warden": 1839, "Hammerhand_SB": 1221, "Aftermath Analyst": 25, "Akawalli, the Seething Tower": 42, "Bringer of the Last Gift": 324, "Maha, Its Feathers Night": 1683, "Strangled Cemetery": 2611, "Terramorphic Expanse": 2719, "Uurg, Spawn of Turg": 3006, "Voracious Varmint": 3101, "Wary Watchdog": 3135, "Murder_SB": 1820, "Broodspinner": 333, "Huskburster Swarm": 1347, "Writhing Necromass": 3193, "Desperate Bloodseeker_SB": 656, "Echo of Dusk_SB": 761, "Voracious Varmint_SB": 3102, "Armored Armadillo": 114, "Creosote Heath": 553, "Crystal Carapace": 567, "Hunter's Talent": 1343, "Slumbering Keepguard": 2481, "Loran's Escape_SB": 1647, "Petrify_SB": 1996, "Conceited Witch": 511, "Fear of Infinity": 918, "Glimmerlight": 1128, "The Witch's Vanity": 2788, "Forlorn Flats": 1012, "Hero of the Dunes": 1286, "Phyrexian Rager": 2015, "Overwhelming Remorse_SB": 1957, "Vanish into Eternity_SB": 3034, "Gixian Infiltrator": 1114, "Sawblade Skinripper": 2318, "Not Dead After All_SB": 1871, "Unseal the Necropolis_SB": 2971, "Bonecache Overseer": 265, "Ichor Drinker": 1350, "Insidious Roots": 1385, "Izoni, Center of the Web": 1444, "Ozolith, the Shattered Spire": 1960, "Skyfisher Spider": 2463, "Snarling Gorehound": 2490, "Twitching Doll": 2923, "Urborg Repossession": 2992, "Enduring Curiosity_SB": 802, "Third Path Iconoclast": 2792, "Artist's Talent_SB": 120, "Kellan, Inquisitive Prodigy": 1504, "Valley Floodcaller_SB": 3019, "Etali's Favor": 836, "Insatiable Avarice": 1381, "Archdruid's Charm": 98, "Arid Archway": 111, "Skrelv's Hive_SB": 2452, "Anzrag's Rampage_SB": 82, "Terisian Mindbreaker": 2718, "The Mindskinner": 2763, "Eliminate the Impossible_SB": 783, "Aspirant's Ascent": 128, "Enter the Enigma": 816, "Ivy, Gleeful Spellthief": 1441, "Molten Duplication": 1783, "Take the Fall": 2684, "Venerated Rotpriest": 3043, "Ivy, Gleeful Spellthief_SB": 1442, "Pawpatch Recruit_SB": 1980, "Highway Robbery": 1310, "Treasure Map": 2896, "Jodah, the Unifier": 1460, "Melira, the Living Cure": 1725, "Sigarda, Font of Blessings": 2431, "Drana and Linvala_SB": 720, "Kellan, the Kid_SB": 1510, "Kutzil, Malamet Exemplar_SB": 1555, "Myrel, Shield of Argive_SB": 1825, "Skrelv, Defector Mite_SB": 2454, "Tinybones Joins Up_SB": 2848, "Gishath, Sun's Avatar": 1106, "Ojer Axonil, Deepest Might": 1898, "Draconic Destiny": 707, "War Squeak": 3123, "Take Up the Shield_SB": 2682, "Kogla and Yidaro_SB": 1534, "Fae Flight_SB": 880, "Silent Hallcreeper_SB": 2434, "Stenn, Paranoid Partisan": 2586, "Gremlin Tamer_SB": 1187, "Dreams of Steel and Oil": 729, "Unholy Annex // Ritual Chamber_SB": 2958, "Amalia Benavides Aguirre": 50, "Thousand Moons Smithy": 2810, "Unstable Glyphbridge": 2974, "Worldwalker Helm": 3185, "Spring-Loaded Sawblades_SB": 2556, "Quick Study": 2097, "Awaken the Woods": 151, "Goldvein Hydra": 1155, "Nissa, Resurgent Animist": 1859, "Pick Your Poison": 2019, "Surge Engine": 2645, "Training Grounds": 2883, "Vorinclex": 3103, "Aftermath Analyst_SB": 26, "Training Grounds_SB": 2884, "Regal Bunnicorn_SB": 2176, "Corpses of the Lost_SB": 531, "Slickshot Show-Off_SB": 2479, "Bandit's Haul": 170, "Conduit of Worlds": 513, "Faunsbane Troll": 908, "The Goose Mother": 2745, "Anointed Peacekeeper": 79, "Archangel of Tithes": 94, "Guardian of New Benalia": 1202, "Veteran Survivor": 3056, "Tocasia's Welcome_SB": 2865, "Commercial District_SB": 507, "Innkeeper's Talent_SB": 1377, "Darkstar Augur_SB": 591, "Arabella, Abandoned Doll": 83, "Case of the Gateway Express_SB": 395, "Crawling Chorus": 551, "Skrelv's Hive": 2451, "Sword of Forge and Frontier_SB": 2666, "Sword of Forge and Frontier": 2665, "Sword of Once and Future": 2667, "Fleeting Reflection": 985, "Reasonable Doubt": 2156, "Serum Snare": 2390, "The Seedcore": 2773, "Bring the Ending_SB": 323, "Keen-Eyed Curator": 1497, "Jawbone Duelist": 1453, "Seal from Existence": 2355, "Not on My Watch": 1872, "Render Inert_SB": 2188, "Overlord of the Floodpits_SB": 1947, "Dollmaker's Shop && Porcelain Gallery": 692, "Demolition Field_SB": 642, "Agatha's Soul Cauldron_SB": 30, "Lavaspur Boots_SB": 1568, "Arabella, Abandoned Doll_SB": 84, "Restless Anchorage_SB": 2205, "Overlord of the Boilerbilges_SB": 1945, "Island_SB": 1439, "Invasion of Innistrad": 1413, "Fugitive Codebreaker_SB": 1034, "Misery's Shadow_SB": 1766, "Lukka, Bound to Ruin": 1655, "Migloz, Maze Crusher": 1745, "Quintorius Kand_SB": 2099, "Walk-In Closet && Forgotten Cellar": 3119, "Assassin's Trophy_SB": 131, "Osseous Sticktwister_SB": 1922, "Unable to Scream": 2937, "Horned Loch-Whale_SB": 1331, "Piggy Bank": 2023, "Rankle's Prank": 2131, "Sunken Citadel_SB": 2637, "Farsight Ritual_SB": 903, "Bladecoil Serpent_SB": 221, "Curate": 573, "Proft's Eidetic Memory_SB": 2071, "Starscape Cleric_SB": 2574, "Confounding Riddle": 515, "The Enigma Jewel": 2738, "The Swarmweaver": 2782, "Sheoldred": 2405, "Insatiable Avarice_SB": 1382, "Virtue of Knowledge_SB": 3073, "Ruthless Negotiation_SB": 2291, "Legion Extruder": 1577, "Coati Scavenger": 484, "Drag to the Roots": 712, "One with the Multiverse": 1911, "Trapped in the Screen": 2891, "Shoot the Sheriff_SB": 2419, "Baird, Argivian Recruiter": 162, "Dollmaker's Shop // Porcelain Gallery": 693, "Knight of Dusk's Shadow_SB": 1527, "Arcane Proxy": 89, "Astor, Bearer of Blades": 134, "Dissection Tools": 677, "Chrome Prowler": 458, "Hidden Cataract": 1294, "Hidden Courtyard": 1295, "Liberator, Urza's Battlethopter": 1598, "Out Cold": 1928, "Lost in the Maze_SB": 1653, "Spark Rupture_SB": 2516, "Meeting of Minds": 1724, "Stoke the Flames": 2600, "The Skullspore Nexus": 2774, "Glass Casket": 1119, "Repel Calamity": 2191, "Walk-In Closet && Forgotten Cellar_SB": 3120, "Twinferno": 2916, "Sandstorm Verge": 2304, "Pest Control": 1991, "Tarnation Vista": 2692, "Pillage the Bog_SB": 2029, "Cankerbloom": 375, "Violent Urge": 3067, "Argentum Masticore_SB": 109, "Archdruid's Charm_SB": 99, "Ghostly Dancers_SB": 1091, "Micromancer": 1739, "Case of the Filched Falcon": 393, "Clement, the Worrywort": 477, "Dour Port-Mage": 703, "Dreamdew Entrancer": 727, "Long River Lurker": 1636, "Oakhollow Village": 1883, "Pond Prophet": 2049, "Sunshower Druid": 2639, "Three Tree Scribe": 2826, "Valley Mightcaller": 3020, "Invasion of Ixalan": 1414, "Bristlebud Farmer_SB": 326, "Drannith Ruins": 722, "Coppercoat Vanguard": 527, "Valiant Veteran": 3015, "Syr Ginger, the Meal Ender": 2674, "Teething Wurmlet": 2700, "Tough Cookie": 2879, "Tail Swipe_SB": 2678, "Misery's Shadow": 1765, "Sharp-Eyed Rookie": 2400, "Metropolis Reformer_SB": 1738, "Burrowguard Mentor": 352, "Finneas, Ace Archer": 971, "Hop to It": 1325, "Seasoned Warrenguard": 2370, "Treeguard Duo_SB": 2898, "Fauna Shaman": 906, "Haywire Mite": 1247, "Kami of Whispered Hopes": 1482, "Likeness Looter": 1610, "Nashi, Moon's Legacy": 1831, "Tyvar, Jubilant Brawler": 2933, "Annex Sentry": 71, "Slaughter Singer": 2472, "Ajani, Sleeper Agent_SB": 39, "Bristly Bill, Spine Sower": 328, "Case of the Locked Hothouse": 396, "Evolving Wilds": 848, "Festering Gulch": 954, "Fake Your Own Death_SB": 892, "Forest_SB": 1009, "Heaped Harvest_SB": 1257, "Swamp_SB": 2658, "Demand Answers": 640, "Magebane Lizard_SB": 1679, "Breeches, Eager Pillager": 314, "Captain Storm, Cosmium Raider": 381, "Goblin Tomb Raider": 1150, "Kitesail Larcenist": 1519, "Malcolm, the Eyes": 1692, "Reckless Lackey": 2160, "Roaming Throne": 2246, "Staunch Crewmate": 2578, "Roaming Throne_SB": 2247, "Return the Favor": 2223, "Chainsaw_SB": 429, "Might of the Meek_SB": 1744, "Rabid Gnaw_SB": 2102, "Turn Inside Out_SB": 2914, "Take Up the Shield": 2681, "Jirina, Dauntless General_SB": 1459, "Slime Against Humanity": 2480, "Explosive Derailment": 860, "Fell": 947, "Great Train Heist": 1177, "Chupacabra Echo": 459, "Hollow Scavenger": 1321, "Hedge Shredder": 1268, "Grievous Wound_SB": 1190, "Cathartic Parting_SB": 406, "Impulse_SB": 1365, "Lich-Knights' Conquest_SB": 1600, "Overlord of the Hauntwoods_SB": 1949, "Bovine Intervention_SB": 293, "Scatter Ray": 2329, "Ashiok, Wicked Manipulator_SB": 124, "Ghired, Mirror of the Wilds": 1084, "Cult Conscript": 569, "Roaring Furnace && Steaming Sauna_SB": 2249, "Hidetsugu and Kairi": 1303, "Under the Skin": 2945, "Elusive Otter_SB": 787, "Unyielding Gatekeeper": 2985, "Etali, Primal Conqueror_SB": 838, "Restricted Office && Lecture Hall_SB": 2220, "Season of Weaving_SB": 2366, "Cunning Coyote": 571, "Osteomancer Adept": 1925, "Thraxodemon": 2817, "Fear of Lost Teeth": 922, "Invasion of Azgol": 1407, "The Witch's Vanity_SB": 2789, "Tinybones, the Pickpocket_SB": 2851, "Decadent Dragon": 617, "Rakdos, Patron of Chaos": 2120, "Gingerbrute": 1103, "Marvin, Murderous Mimic": 1709, "Kitesail Larcenist_SB": 1520, "Repulsive Mutation_SB": 2194, "The Infamous Cruelclaw_SB": 2750, "Pollen-Shield Hare": 2044, "Three Tree City": 2824, "Ashiok, Wicked Manipulator": 123, "Final Showdown": 967, "Kutzil's Flanker": 1552, "Ingenious Prodigy": 1375, "Plumecreed Escort_SB": 2041, "Captivating Cave": 382, "Aloe Alchemist": 48, "Yavimaya Iconoclast": 3197, "Neutralize the Guards_SB": 1844, "Bloodletter of Aclazotz_SB": 246, "Braids, Arisen Nightmare_SB": 297, "Torch the Witness_SB": 2876, "Pugnacious Hammerskull_SB": 2084, "Glarb, Calamity's Augur_SB": 1118, "Warden of the Inner Sky_SB": 3126, "Kambal, Profiteering Mayor_SB": 1481, "Painter's Studio && Defaced Gallery_SB": 1965, "Planar Disruption_SB": 2037, "Overprotect_SB": 1953, "Portent of Calamity": 2054, "The Irencrag": 2751, "Floodpits Drowner_SB": 991, "Lukka, Bound to Ruin_SB": 1656, "Roxanne, Starfall Savant_SB": 2268, "Black Sun's Twilight": 217, "Iridescent Vinelasher_SB": 1435, "Werefox Bodyguard_SB": 3148, "Lost in the Maze": 1652, "Great Train Heist_SB": 1178, "Bristling Backwoods": 327, "Rugged Highlands": 2273, "Razortrap Gorge": 2148, "Herbology Instructor_SB": 1283, "Hidden Grotto": 1296, "Heroic Reinforcements": 1290, "Maelstrom Pulse": 1675, "Scavenging Ooze": 2332, "Vivien Reid": 3083, "Liliana, Dreadhorde General_SB": 1614, "Maelstrom Pulse_SB": 1676, "Back for Seconds_SB": 160, "Case of the Stashed Skeleton_SB": 400, "Homicide Investigator_SB": 1323, "Burst Lightning": 353, "Boros Charm": 278, "Llanowar Elves": 1625, "Abyssal Harvester": 9, "Soulstone Sanctuary": 2511, "Scavenging Ooze_SB": 2333, "Vivien Reid_SB": 3084, "Basilisk Collar_SB": 186, "Day of Judgment": 597, "Authority of the Consuls_SB": 147, "Devout Decree_SB": 663, "Flashfreeze_SB": 982, "Evangel of Synthesis": 845, "Zombify": 3215, "Desecration Demon_SB": 653, "Wail of the Forgotten_SB": 3117, "Sun-Blessed Healer": 2627, "Temple of Triumph": 2713, "Campus Renovation_SB": 371, "Boltwave": 263, "Splitskin Doll_SB": 2552, "Heartflame Duelist_SB": 1262, "Slagstorm_SB": 2471, "Mazemind Tome": 1718, "Crystal Barricade_SB": 566, "Bloodthirsty Conqueror_SB": 250, "Kellan, Planar Trailblazer": 1506, "Opt": 1912, "Kaito, Cunning Infiltrator_SB": 1476, "Feed the Swarm_SB": 938, "Spinner of Souls": 2541, "Pitiless Carnage_SB": 2032, "Kiora, the Rising Tide": 1517, "Ghitu Lavarunner": 1086, "Thrill of Possibility": 2829, "Blooming Blast_SB": 254, "Elenda, Saint of Dusk": 777, "Garna, Bloodfist of Keld": 1054, "Kellan, the Kid": 1509, "Secluded Courtyard": 2372, "Faebloom Trick": 881, "Felidar Retreat": 944, "Herald of Eternal Dawn": 1278, "Loot, Exuberant Explorer": 1640, "Mossborn Hydra": 1806, "Authority of the Consuls": 146, "Exemplar of Light": 849, "Fiendish Panda": 959, "Hinterland Sanctifier": 1312, "Elenda, Saint of Dusk_SB": 778, "Spectral Sailor": 2521, "Unsummon": 2979, "Giant Cindermaw_SB": 1095, "Bloodthirsty Conqueror": 249, "Heartflame Duelist": 1261, "Viashino Pyromancer": 3060, "Ball Lightning": 165, "Bloodfeather Phoenix": 241, "Grab the Prize": 1164, "Lyra Dawnbringer_SB": 1669, "Virtue of Courage_SB": 3071, "Brineborn Cutthroat_SB": 321, "Ertai's Scorn_SB": 829, "Flow of Knowledge_SB": 995, "Haughty Djinn_SB": 1240, "Urza's Rebuff_SB": 3001, "Abyssal Harvester_SB": 10, "Painter's Studio // Defaced Gallery_SB": 1967, "Hero's Downfall": 1287, "Liliana, Dreadhorde General": 1613, "Temple of Malady": 2708, "Temple of Plenty": 2711, "Temple of Silence": 2712, "Mortify_SB": 1805, "White Sun's Twilight_SB": 3154, "Kaito, Cunning Infiltrator": 1475, "Sphinx of Forgotten Lore": 2533, "Aetherize_SB": 23, "Feldon's Cane_SB": 940, "Demonic Pact": 647, "Harmless Offering": 1232, "Cathar Commando": 404, "Knight of Grace": 1528, "Ajani, Caller of the Pride_SB": 36, "Ethereal Armor_SB": 843, "Reclamation Sage_SB": 2164, "Dead Weight": 602, "Gixian Puppeteer": 1116, "Revenge of the Rats": 2224, "Terror Ballista": 2720, "The Ancient One": 2729, "An Offer You Can't Refuse_SB": 56, "Trapped in the Screen_SB": 2892, "Llanowar Greenwidow": 1627, "Zurgo and Ojutai": 3223, "Final Showdown_SB": 968, "Subterranean Schooner_SB": 2622, "Virtue of Strength": 3078, "Worldsoul's Rage": 3184, "Hero's Downfall_SB": 1288, "Boros Charm_SB": 279, "Ashroot Animist": 127, "Polukranos Reborn": 2047, "Ruby, Daring Tracker": 2272, "Muerra, Trash Tactician_SB": 1816, "Refute": 2173, "Curator of Destinies_SB": 574, "Day of Judgment_SB": 598, "Bloated Contaminator": 235, "High Stride": 1308, "Infectious Bite": 1369, "Aspirant's Ascent_SB": 129, "Distorted Curiosity_SB": 680, "Enter the Enigma_SB": 817, "Fleeting Reflection_SB": 986, "High Stride_SB": 1309, "Prologue to Phyresis_SB": 2075, "This Town Ain't Big Enough_SB": 2797, "Jirina, Dauntless General": 1458, "Deathmark_SB": 614, "Joust Through_SB": 1467, "Knight of Grace_SB": 1529, "Raise the Past_SB": 2116, "Arcanis the Omnipotent_SB": 91, "Feed the Cycle_SB": 935, "Insidious Fungus_SB": 1384, "Stab_SB": 2564, "Blooming Blast": 253, "Coruscation Mage": 536, "Firebrand Archer": 972, "Dazzling Denial": 600, "Empyrean Eagle": 796, "Healer's Hawk": 1255, "Temple of Deceit": 2705, "Sentinel of the Nameless City_SB": 2386, "Doubling Season": 701, "Cathar Commando_SB": 405, "Elegant Parlor_SB": 776, "Thrun, Breaker of Silence": 2834, "Greed's Gambit": 1179, "Molten Collapse_SB": 1782, "Sire of Seven Deaths_SB": 2445, "Invasion of Zendikar": 1429, "Urborg Scavengers_SB": 2995, "Ajani's Pridemate": 34, "Arahbo, the First Fang": 86, "Joust Through": 1466, "Prideful Parent": 2062, "Regal Caracal": 2177, "Savannah Lions": 2314, "Skyknight Squire": 2465, "Banishing Light_SB": 174, "Claws Out_SB": 474, "Audacity_SB": 142, "Brineborn Cutthroat": 320, "Desecration Demon": 652, "Cynical Loner": 583, "Driver of the Dead": 733, "Gatekeeper of Malakir": 1064, "Infestation Sage": 1372, "Kalastria Highborn": 1479, "Nullpriest of Oblivion": 1877, "Pulse Tracker": 2085, "Vampire Nighthawk": 3029, "Vengeful Bloodwitch": 3045, "Undergrowth Recon": 2949, "Walk-In Closet // Forgotten Cellar": 3121, "An Offer You Can't Refuse": 55, "Carnelian Orb of Dragonkind": 386, "Invasion of Tarkir": 1424, "Sarkhan, Soul Aflame": 2311, "Slagstorm": 2470, "Stingerback Terror": 2591, "Twinflame Tyrant": 2918, "Omniscience": 1908, "Drag to the Roots_SB": 713, "Buried in the Garden": 346, "Clifftop Lookout": 478, "Fecund Greenshell": 932, "Genesis Wave": 1068, "Tender Wildguide": 2716, "Invasion of Regatha": 1419, "Luminous Rebuke": 1659, "Primal Might": 2063, "Arcanis the Omnipotent": 90, "Moment of Craving_SB": 1786, "Tinybones, Bauble Burglar": 2849, "Sphinx of Forgotten Lore_SB": 2534, "Ashnod's Intervention": 126, "Witness Protection_SB": 3181, "Bloodfeather Phoenix_SB": 242, "Koma, World-Eater": 1538, "Fear of Impostors_SB": 917, "Giada, Font of Hope": 1092, "Guardian of Ghirapur": 1201, "Lyra Dawnbringer": 1668, "Resplendent Angel": 2199, "Youthful Valkyrie": 3202, "Witness Protection": 3180, "Fabrication Foundry": 877, "Fumigate": 1036, "Hammerhand": 1220, "Sawblade Scamp": 2317, "Citanul Stalwart": 465, "Dwynen's Elite": 752, "Elvish Archdruid": 788, "Imperious Perfect": 1361, "Leaf-Crowned Visionary": 1573, "Surrak and Goreclaw": 2654, "Tyvar the Bellicose": 2930, "Tyvar, the Pummeler": 2934, "Dwynen, Gilt-Leaf Daen_SB": 754, "Unsummon_SB": 2980, "Deeproot Wayfinder": 626, "Surrak, the Hunt Caller": 2656, "Wildborn Preserver_SB": 3157, "Sire of Seven Deaths": 2444, "Searslicer Goblin": 2359, "Stromkirk Noble": 2617, "Reclamation Sage": 2163, "Case of the Locked Hothouse_SB": 397, "Bulk Up": 343, "Chandra, Flameshaper": 430, "Swiftblade Vindicator": 2660, "Leyline Axe": 1586, "Sporogenic Infection": 2553, "Commune with Evil_SB": 509, "Fear of Missing Out_SB": 924, "Archmage of Runes": 102, "Ertai's Scorn": 828, "Metamorphic Blast": 1733, "Unauthorized Exit": 2939, "Harrier Strix_SB": 1235, "Strix Lookout_SB": 2614, "The Tale of Tamiyo_SB": 2785, "Twist Reality_SB": 2920, "Coppercoat Vanguard_SB": 528, "Garna, Bloodfist of Keld_SB": 1055, "Helpful Hunter": 1276, "Knight of Dawn's Light": 1524, "Raise the Past": 2115, "Enduring Tenacity_SB": 806, "Leyline of Hope_SB": 1590, "Massacre Wurm_SB": 1713, "Burst Lightning_SB": 354, "Banner of Kinship": 175, "Dewdrop Cure": 664, "Hare Apparent": 1231, "Kayla's Reconstruction": 1496, "Hinterland Sanctifier_SB": 1313, "Vampire Nighthawk_SB": 3030, "Runic Shot_SB": 2282, "Razorlash Transmogrant": 2146, "Huskburster Swarm_SB": 1348, "Invasion of Tarkir_SB": 1425, "Hearthborn Battler": 1265, "Contaminated Aquifer": 524, "Marauding Brinefang": 1701, "Soul-Guide Lantern": 2504, "Union of the Third Path": 2961, "Vanish into Eternity": 3033, "Elesh Norn": 779, "Goblin Surprise": 1149, "Irreverent Gremlin": 1437, "Krenko, Mob Boss": 1548, "Norin, Swift Survivalist": 1867, "Vicious Clown": 3062, "Involuntary Employment_SB": 1433, "Outlaws' Fury": 1934, "Ravine Raider": 2142, "Agate Assault_SB": 27, "Bake into a Pie_SB": 163, "Hazardous Blast_SB": 1249, "Azorius Guildgate": 156, "Boros Guildgate": 280, "Circuitous Route": 464, "Dimir Guildgate": 668, "Eaten Alive": 758, "Expedition Map": 853, "Golgari Guildgate": 1158, "Gruul Guildgate": 1198, "Insidious Fungus": 1383, "Izzet Guildgate": 1446, "Maze's End": 1716, "Muldrotha, the Gravetide": 1817, "Orzhov Guildgate": 1920, "Rakdos Guildgate": 2117, "Selesnya Guildgate": 2382, "Simic Guildgate": 2441, "Tatyova, Benthic Druid": 2694, "Brightblade Stoat_SB": 317, "Savor_SB": 2316, "Thornwood Falls": 2803, "Deadly Brew": 605, "Candy Trail": 374, "Marauding Blight-Priest": 1700, "Moment of Craving": 1785, "Murder": 1819, "Savor": 2315, "Servant of the Stinger": 2392, "Sanguine Indulgence_SB": 2307, "Soul-Shackled Zombie_SB": 2507, "Electrostatic Infantry": 774, "Frenzied Goblin_SB": 1026, "The Autonomous Furnace": 2730, "Guardian of the Great Door": 1203, "Lonely Arroyo": 1633, "Norn's Inquisitor": 1869, "Spring-Loaded Sawblades": 2555, "Midnight Mayhem": 1741, "Ratcatcher Trainee": 2136, "Scytheclaw Raptor_SB": 2353, "Tocasia's Dig Site": 2863, "Bartolom\u00e9 del Presidio": 182, "Midnight Reaper": 1742, "Nezumi Linkbreaker": 1848, "Vampire Gourmand": 3028, "Impact Tremors": 1359, "Kindlespark Duo": 1515, "Ral's Reinforcements": 2123, "Rodeo Pyromancers": 2257, "Deadeye Duelist_SB": 604, "Skewer Slinger_SB": 2447, "Thunder Salvo_SB": 2836, "Basilisk Collar": 185, "Prophetic Prism": 2077, "Dragon Fodder": 714, "Keldon Strike Team_SB": 1500, "Ambush Wolf_SB": 52, "Dead Weight_SB": 603, "Fog of War_SB": 1000, "Aetherize": 22, "Peculiar Lighthouse": 1982, "Swiftwater Cliffs": 2663, "Tolarian Terror_SB": 2868, "Union of the Third Path_SB": 2962, "Hidetsugu's Second Rite": 1304, "Ghitu Lavarunner_SB": 1087, "Boulderbranch Golem": 289, "Fierce Empath": 961, "Galewind Moose": 1049, "Gossip's Talent": 1163, "Gruff Triplets": 1197, "Lush Oasis": 1666, "Mirage Mesa": 1755, "Outcaster Greenblade": 1930, "Sunshower Druid_SB": 2640, "Drag the Canal_SB": 709, "Scatter Ray_SB": 2330, "Stingerback Terror_SB": 2592, "Flamewake Phoenix_SB": 980, "Grand Entryway && Elegant Rotunda": 1170, "Karplusan Forest_SB": 1489, "Argoth, Sanctum of Nature": 110, "Cosmic Rebirth": 539, "Elvish Regrower": 791, "Springbloom Druid": 2557, "Titania, Voice of Gaea": 2857, "Tolsimir, Midnight's Light": 2869, "Twisted Fealty": 2921, "Aegis Turtle_SB": 18, "Temple of Malice": 2709, "Night of the Sweets' Revenge": 1851, "Welcome to Sweettooth": 3146, "Cosmium Confluence_SB": 542, "See Double_SB": 2373, "Volatile Fault_SB": 3091, "Fiery Annihilation_SB": 963, "Calix, Guided by Fate_SB": 366, "Divine Resilience_SB": 690, "Unflinching Courage_SB": 2954, "Valorous Stance_SB": 3027, "Immersturm Predator": 1356, "Trygon Predator_SB": 2907, "Dwynen, Gilt-Leaf Daen": 753, "Lathril, Blade of the Elves": 1562, "Wildborn Preserver": 3156, "Anthem of Champions": 81, "Armasaur Guide": 113, "Biogenic Upgrade": 209, "Charming Prince": 442, "Dazzling Angel": 599, "Felidar Savior": 946, "Felling Blow": 949, "Gnarlid Colony": 1137, "Good-Fortune Unicorn": 1162, "Inspiring Call": 1387, "Inspiring Paladin": 1389, "Leonin Vanguard": 1582, "Mild-Mannered Librarian": 1747, "Pacifism": 1961, "Wary Thespian": 3134, "Wildwood Scourge": 3160, "Ajani, Caller of the Pride": 35, "Angel of Vitality": 65, "Extinguish the Light_SB": 867, "Nine-Lives Familiar": 1856, "Voracious Greatshark": 3100, "Rite of Replication": 2235, "Swiftfoot Boots_SB": 2662, "Eaten by Piranhas_SB": 760, "Silver Scrutiny_SB": 2437, "Axebane Ferox_SB": 153, "Flourishing Bloom-Kin": 993, "Ghalta, Primal Hunger": 1081, "Alesha, Who Laughs at Fate": 46, "Aurelia, the Law Above": 144, "Perforating Artist": 1986, "Voldaren Thrillseeker_SB": 3096, "Feed the Swarm": 937, "Crash Through": 549, "Drake Hatcher": 718, "Crawling Barrens": 550, "Mazemind Tome_SB": 1719, "Phyrexian Censor": 2005, "Phyrexian Vindicator": 2016, "Volatile Fault": 3090, "Seal from Existence_SB": 2356, "Stasis Snare_SB": 2576, "Urborg Scavengers": 2994, "Zetalpa, Primal Dawn": 3208, "Ichormoon Gauntlet": 1351, "Jace Reawakened": 1447, "Jin-Gitaxias": 1457, "Temple of Epiphany": 2707, "Galvanize_SB": 1052, "Tocasia's Welcome": 2864, "Bonehoard Dracosaur": 268, "Dragonlord's Servant": 716, "Incinerator of the Guilty": 1366, "Kolaghan Warmonger": 1535, "Rivaz of the Claw": 2239, "Tyrant of Kher Ridges": 2925, "Joint Exploration": 1464, "Titania's Command_SB": 2856, "Burglar Rat": 345, "Halo Forager": 1217, "Macabre Waltz": 1673, "Mindsplice Apparatus": 1750, "Painful Quandary": 1962, "Psychic Whorl": 2081, "Rune-Scarred Demon": 2280, "The Key to the Vault": 2755, "The Rollercrusher Ride_SB": 2772, "Titania, Voice of Gaea_SB": 2858, "Dawn's Truce": 594, "Colossal Rattlewurm": 499, "Rattleback Apothecary": 2137, "Tatyova, Steward of Tides": 2695, "Tomb Trawler_SB": 2871, "Nashi, Searcher in the Dark_SB": 1833, "Inspiration from Beyond": 1386, "Filter Out_SB": 965, "Kutzil, Malamet Exemplar": 1554, "Runic Shot": 2281, "Herald of Eternal Dawn_SB": 1279, "Sun-Blessed Healer_SB": 2628, "Mortify": 1804, "Seeker's Folly": 2376, "Coveted Falcon": 546, "Greed's Gambit_SB": 1180, "Stab": 2563, "Ferocification": 952, "Dreadwing Scavenger": 726, "Broodspinner_SB": 334, "The Gitrog, Ravenous Ride_SB": 2744, "Fiery Annihilation": 962, "Beseech the Mirror_SB": 200, "Heroic Reinforcements_SB": 1291, "Peerless Recycling_SB": 1983, "Essence Scatter_SB": 835, "Wing Commando": 3166, "Cerebral Confiscation_SB": 425, "Haunted Screen": 1245, "Prayer of Binding": 2058, "Furnace Reins": 1043, "River's Rebuke": 2240, "Koma, World-Eater_SB": 1539, "Primeval Bounty_SB": 2065, "River's Rebuke_SB": 2241, "Regal Caracal_SB": 2178, "Kiora, the Rising Tide_SB": 1518, "Rat Out_SB": 2134, "Plains_SB": 2035, "Faebloom Trick_SB": 882, "Throne of the Grim Captain": 2831, "The Kenriths' Royal Funeral_SB": 2754, "Saiba Cryptomancer": 2298, "Zoetic Glyph_SB": 3214, "Seized from Slumber_SB": 2381, "Inspiring Overseer": 1388, "Mischievous Pup": 1764, "Angel of Finality_SB": 64, "Belligerent Yearling": 198, "Colossadactyl": 498, "Earthshaker Dreadmaw": 757, "Giant Cindermaw": 1094, "Itzquinth, Firstborn of Gishath": 1440, "Ixalli's Lorekeeper": 1443, "Rogue's Passage": 2258, "Scytheclaw Raptor": 2352, "Thrashing Brontodon": 2816, "Triumphant Chomp": 2904, "Armored Kincaller_SB": 116, "Kraul Whipcracker": 1543, "Wardens of the Cycle": 3127, "Badlands Revival": 161, "Copper Host Crusher": 526, "Feed the Infection": 936, "Vinereap Mentor_SB": 3066, "Ankle Biter": 70, "Fynn, the Fangbearer": 1045, "Nimraiser Paladin": 1855, "The Hunter Maze": 2746, "At Knifepoint": 136, "Fanatical Firebrand": 898, "Hellspur Brute": 1272, "Mourner's Surprise_SB": 1812, "Unflinching Courage": 2953, "Sandstorm Salvager": 2302, "Autonomous Assembler": 148, "Quintorius Kand": 2098, "Kayla's Command_SB": 1495, "Starfall Invocation_SB": 2572, "Hired Claw_SB": 1315, "Luminous Rebuke_SB": 1660, "Massacre Wurm": 1712, "Stalactite Stalker": 2566, "Felidar Retreat_SB": 945, "Dreamdew Entrancer_SB": 728, "Spinner of Souls_SB": 2542, "Gisa, the Hellraiser_SB": 1105, "Bitter Reunion_SB": 214, "Jace Reawakened_SB": 1448, "Dust Animus": 748, "Steel Seraph_SB": 2585, "Dust Animus_SB": 749, "Gumdrop Poisoner_SB": 1208, "Archangel of Tithes_SB": 95, "Demonic Counsel_SB": 644, "Warleader's Call_SB": 3131, "Phyrexian Censor_SB": 2006, "Rat Out": 2133, "Herbology Instructor": 1282, "Restless Bivouac_SB": 2207, "Lively Dirge_SB": 1623, "Cavernous Maw": 415, "Forgotten Monument": 1011, "Titania's Command": 2855, "Imperious Perfect_SB": 1362, "Sandstorm Salvager_SB": 2303, "Tough Cookie_SB": 2880, "Raucous Carnival_SB": 2139, "Seize the Spoils": 2379, "Curious Forager": 575, "The Mycotyrant": 2766, "Sporogenic Infection_SB": 2554, "Funeral Room // Awakening Hall_SB": 1039, "Rise of the Dark Realms_SB": 2233, "Canonized in Blood": 377, "Cemetery Recruitment": 421, "Diregraf Ghoul": 669, "Hungry Ghoul": 1342, "Mephitic Draught": 1730, "Offer Immortality": 1895, "Sanguine Syphoner": 2308, "Skeleton Archer": 2446, "Vampiric Rites": 3032, "Temple of Enlightenment": 2706, "Urza, Lord Protector": 3005, "Fumigate_SB": 1037, "Valkyrie's Call_SB": 3016, "Skystrike Officer": 2469, "Mockingbird_SB": 1777, "Temple of Mystery": 2710, "Timely Interference": 2845, "Vesuvan Duplimancy": 3054, "Dive Down_SB": 686, "Scrawling Crawler_SB": 2345, "Dryad Militant_SB": 739, "Bristlebud Farmer": 325, "Charred Foyer && Warped Space_SB": 445, "Absolving Lammasu_SB": 6, "Think Twice": 2790, "Micromancer_SB": 1740, "Coruscation Mage_SB": 537, "Bruse Tarl, Roving Rancher": 337, "Fblthp, Lost on the Range": 909, "Weakstone's Subjugation": 3139, "Fblthp, Lost on the Range_SB": 910, "Weakstone's Subjugation_SB": 3140, "Bottomless Pool && Locker Room": 285, "Hidetsugu's Second Rite_SB": 1305, "Invasion of Karsus_SB": 1417, "Mirror Room && Fractured Realm_SB": 1760, "Sword of Wealth and Power_SB": 2670, "Wildfire Howl_SB": 3158, "Zurgo and Ojutai_SB": 3224, "Halo Forager_SB": 1218, "Mabel, Heir to Cragflame_SB": 1672, "Ballyrush Banneret": 166, "Siege Veteran_SB": 2429, "Soulstone Sanctuary_SB": 2512, "Karn, Living Legacy": 1486, "Metropolis Reformer": 1737, "Krenko's Buzzcrusher_SB": 1547, "Rundvelt Hordemaster": 2278, "Blood Spatter Analysis": 240, "Final Vengeance_SB": 970, "Silverback Elder_SB": 2438, "Branchblight Stalker": 300, "Gitaxian Anatomist": 1107, "Goliath Hatchery": 1159, "Ichorspit Basilisk": 1352, "Lakeside Shack": 1559, "Maze's Mantle": 1717, "Mesmerizing Dose": 1732, "Paladin of Predation": 1968, "Plague Nurse": 2033, "Tainted Observer": 2680, "Tangled Islet": 2691, "Thrummingbird": 2833, "Tyrranax Atrocity": 2927, "Venomous Brutalizer": 3049, "Viral Spawning": 3069, "Vivisurgeon's Insight": 3085, "Angelic Intervention": 66, "Omenpath Journey": 1907, "Poison Dart Frog": 2042, "Rampaging Baloths": 2126, "Migloz, Maze Crusher_SB": 1746, "Seraphic Steed": 2387, "Meticulous Excavation_SB": 1736, "Seeker's Folly_SB": 2377, "Realmbreaker, the Invasion Tree": 2154, "Deeproot Pilgrimage": 624, "Mistway Spy": 1773, "Aegis Turtle": 17, "Venerated Rotpriest_SB": 3044, "Grabby Giant": 1166, "Rite of the Dragoncaller": 2236, "Hulking Raptor": 1341, "Pugnacious Hammerskull": 2083, "Invasion of Kaldheim": 1415, "Doomsday Excruciator_SB": 697, "Getaway Glamer_SB": 1078, "Bottomless Pool // Locker Room": 287, "Necrogen Communion": 1834, "Vraska Joins Up": 3108, "Thirsting Roots_SB": 2795, "Gwenna, Eyes of Gaea": 1209, "Halana and Alena, Partners": 1212, "Inga and Esika": 1374, "Myrel, Shield of Argive": 1824, "Hajar, Loyal Bodyguard_SB": 1211, "Surrak and Goreclaw_SB": 2655, "Battlefly Swarm": 190, "Solemn Simulacrum": 2492, "Maha, Its Feathers Night_SB": 1684, "Viashino Pyromancer_SB": 3061, "The Stone Brain": 2779, "Decadent Dragon_SB": 618, "Defiled Crypt // Cadaver Lab_SB": 636, "Heraldic Banner": 1280, "Heraldic Banner_SB": 1281, "Thalia and The Gitrog Monster": 2725, "Surgical Suite && Hospital Room_SB": 2651, "Rebel Salvo_SB": 2158, "Entity Tracker_SB": 819, "Aether Channeler": 19, "Defiled Crypt && Cadaver Lab": 633, "Exuberant Fuseling": 871, "Thundertrap Trainer_SB": 2842, "Abuelo's Awakening": 7, "Kitsa, Otterball Elite_SB": 1523, "Rona, Herald of Invasion_SB": 2264, "Unnerving Grasp_SB": 2967, "Wilt-Leaf Liege_SB": 3163, "Fear of Surveillance": 925, "Mechanized Warfare": 1723, "Kona, Rescue Beastie": 1540, "Time Stop": 2843, "Fleeting Flight_SB": 984, "Trash the Town_SB": 2894, "Muerra, Trash Tactician": 1815, "Quick Draw_SB": 2096, "Smuggler's Surprise_SB": 2486, "Whisper of the Dross": 3151, "Vraska's Fall_SB": 3110, "Blasphemous Edict": 224, "Bottomless Pool // Locker Room_SB": 288, "The Princess Takes Flight_SB": 2768, "Anim Pakal, Thousandth Moon_SB": 69, "Adaptive Automaton": 14, "Three Tree Mascot": 2825, "Palani's Hatcher": 1969, "Temple of Abandon": 2704, "Restless Reef_SB": 2213, "Mischievous Mystic": 1763, "Defiler of Flesh": 638, "Garruk's Uprising": 1056, "Zul Ashur, Lich Lord": 3220, "Kraul Whipcracker_SB": 1544, "Lifecreed Duo": 1602, "At Knifepoint_SB": 137, "Monstrous Rage_SB": 1799, "Kellan's Lightblades_SB": 1502, "Blasphemous Edict_SB": 225, "Annie Flash, the Veteran_SB": 73, "Defiled Crypt && Cadaver Lab_SB": 634, "Cultivator's Caravan": 570, "Scene of the Crime": 2334, "Demonic Ruckus_SB": 650, "Impact Tremors_SB": 1360, "Coveted Falcon_SB": 547, "Wishclaw Talisman_SB": 3171, "Swooping Lookout": 2664, "Recruitment Officer_SB": 2168, "Oko, the Ringleader_SB": 1903, "Kambal, Profiteering Mayor": 1480, "Kaya, Spirits' Justice_SB": 1494, "Highway Robbery_SB": 1311, "Intrepid Paleontologist": 1401, "Bolt Bend_SB": 262, "Wishclaw Talisman": 3170, "Feldon's Cane": 939, "Neutralize the Guards": 1843, "Ayli, Eternal Pilgrim": 155, "Disturbing Conversion": 682, "Shipwreck Dowser": 2412, "Abuelo's Awakening_SB": 8, "Builder's Talent_SB": 342, "Eerie Interference_SB": 766, "Untimely Malfunction": 2981, "Imprisoned in the Moon_SB": 1363, "Inquisitive Glimmer_SB": 1380, "Refute_SB": 2174, "Argentum Masticore": 108, "Hall of Tagsin": 1215, "Hedron Archive": 1269, "The Mycosynth Gardens": 2765, "Tomakul Honor Guard": 2870, "Obstinate Baloth": 1891, "Bramble Familiar": 298, "Sphinx of the Final Word_SB": 2535, "Walk with the Ancestors": 3118, "Meathook Massacre II_SB": 1722, "Repulsive Mutation": 2193, "Sylvan Scavenging_SB": 2673, "Thundering Falls_SB": 2838, "Dowsing Device": 705, "Gleaming Geardrake": 1125, "Saheeli, Filigree Master": 2296, "Saheeli, Filigree Master_SB": 2297, "Scrawling Crawler": 2344, "Case of the Ransacked Lab": 398, "The Surgical Bay": 2781, "War Squeak_SB": 3124, "Spirebluff Canal_SB": 2544, "Ajani, Sleeper Agent": 38, "Charge of the Mites": 440, "Chandra, Flameshaper_SB": 431, "Expel the Interlopers": 854, "Bite Down": 211, "Gaea's Gift": 1047, "Trash the Town": 2893, "Corsair Captain": 535, "Lost Jitte_SB": 1651, "Blazing Crescendo_SB": 230, "Rip, Spawn Hunter": 2230, "Funeral Room // Awakening Hall": 1038, "Outlaw Medic": 1932, "Wilt-Leaf Liege": 3162, "Thousand Moons Smithy_SB": 2811, "Blightbelly Rat": 233, "Unnatural Restoration": 2964, "Carnivorous Canopy_SB": 387, "Gaea's Gift_SB": 1048, "Give In to Violence_SB": 1109, "Cityscape Leveler_SB": 467, "Nahiri's Resolve_SB": 1828, "Brazen Collector": 307, "Generous Plunderer": 1067, "Trial of Agony": 2899, "Zoyowa's Justice": 3219, "Ancestors' Aid_SB": 60, "Leyline of Resonance_SB": 1592, "Churning Reservoir": 460, "Magmatic Sprinter": 1680, "Sardian Cliffstomper": 2309, "Solphim, Mayhem Dominus": 2494, "The Monumental Facade": 2764, "Churning Reservoir_SB": 461, "Magmatic Sprinter_SB": 1681, "Monastery Swiftspear_SB": 1794, "Sardian Cliffstomper_SB": 2310, "Malcolm, Alluring Scoundrel_SB": 1691, "Repel Calamity_SB": 2192, "Samut, Vizier of Naktamun": 2300, "Call a Surprise Witness": 367, "Trostani, Three Whispers": 2905, "Tribute to the World Tree_SB": 2902, "Taii Wakeen, Perfect Shot": 2676, "Unruly Catapult": 2968, "Glassworks // Shattered Yard_SB": 1122, "Hulking Metamorph": 1340, "Surge Engine_SB": 2646, "Fake Your Own Death": 891, "Massacre Girl, Known Killer": 1710, "Massacre Girl, Known Killer_SB": 1711, "Rakdos Joins Up_SB": 2119, "Rakdos, the Muscle_SB": 2122, "Ghalta and Mavren": 1080, "Hide in Plain Sight": 1300, "Progenitus": 2072, "Crystal Barricade": 565, "Green Sun's Twilight_SB": 1183, "Break Down the Door": 310, "Bubble Smuggler": 340, "Cryptid Inspector": 564, "Cursed Windbreaker": 579, "Exit Specialist": 850, "Polukranos Reborn_SB": 2048, "Hazardroot Herbalist": 1250, "Head of the Homestead": 1253, "Rabbit Response": 2100, "Treeguard Duo": 2897, "Uncharted Haven": 2941, "Warren Elder": 3132, "Head of the Homestead_SB": 1254, "Grab the Prize_SB": 1165, "Stroke of Midnight_SB": 2616, "Delney, Streetwise Lookout": 639, "Stroke of Midnight": 2615, "Ragged Playmate": 2111, "Fear of Surveillance_SB": 926, "Grand Entryway // Elegant Rotunda_SB": 1172, "Norin, Swift Survivalist_SB": 1868, "Ragged Playmate_SB": 2112, "Wandertale Mentor": 3122, "Vodalian Mindsinger_SB": 3088, "Eriette's Tempting Apple": 822, "Experimental Confectioner": 857, "Feed the Cauldron": 933, "Gingerbread Hunter": 1102, "Greta, Sweettooth Scourge": 1188, "Mintstrosity": 1754, "Return from the Wilds": 2222, "Scream Puff": 2346, "Spider Food": 2536, "Sweettooth Witch": 2659, "Three Bowls of Porridge": 2821, "Sugar Rush_SB": 2624, "Leonin Vanguard_SB": 1583, "Ruin-Lurker Bat_SB": 2275, "The Millennium Calendar_SB": 2762, "Veteran Survivor_SB": 3057, "Corrupted Conviction_SB": 534, "Deadly Brew_SB": 606, "Cheeky House-Mouse_SB": 450, "Dryad Militant": 738, "Contagious Vorrac": 523, "Necrogen Rotpriest": 1835, "Armored Scrapgorger_SB": 118, "Invasion of Fiora_SB": 1410, "Rush of Dread_SB": 2285, "Magebane Lizard": 1678, "Final Flourish_SB": 966, "Time Stop_SB": 2844, "Unnatural Restoration_SB": 2965, "Founding the Third Path_SB": 1018, "Binding Negotiation": 207, "Vraska, the Silencer": 3113, "Barkform Harvester": 179, "Rampaging Spiketail": 2128, "Invasion of Ergamon": 1409, "Beastie Beatdown_SB": 195, "Break Out_SB": 312, "Vengeful Possession": 3046, "Repair and Recharge": 2190, "Step Between Worlds_SB": 2587, "Hearthborn Battler_SB": 1266, "Hellspur Posse Boss": 1274, "Cynical Loner_SB": 584, "Hellspur Brute_SB": 1273, "Kemba, Kha Enduring": 1511, "Swiftfoot Boots": 2661, "Astor, Bearer of Blades_SB": 135, "Consuming Aberration": 522, "Knight of Dusk's Shadow": 1526, "No One Left Behind_SB": 1864, "Botanical Brawler": 283, "Dusk Legion Duelist": 745, "Stocking the Pantry": 2595, "Tribute to the World Tree": 2901, "Collector's Cage_SB": 493, "Dragonmaster Outcast": 717, "Evolved Sleeper": 846, "Friendly Teddy": 1027, "Consumed by Greed_SB": 521, "Hop to It_SB": 1326, "Skyfisher Spider_SB": 2464, "Chart a Course_SB": 448, "Johann's Stopgap_SB": 1462, "Let's Play a Game_SB": 1585, "Festerleech": 955, "Fallaji Archaeologist_SB": 894, "Kroxa and Kunoros": 1549, "Shrouded Shepherd": 2426, "Garruk's Uprising_SB": 1057, "Hexgold Halberd": 1293, "Soul Search": 2501, "Daggerfang Duo": 585, "Deathbloom Gardener": 612, "Hoarding Recluse": 1318, "Moonstone Harbinger": 1803, "Pestilent Syphoner": 1993, "Ygra, Eater of All": 3198, "Llanowar Elves_SB": 1626, "Mosswood Dreadknight_SB": 1809, "Take for a Ride_SB": 2683, "Boltwave_SB": 264, "Fleeting Flight": 983, "Stormchaser's Talent_SB": 2608, "Cactarantula": 360, "Ashnod's Harvester": 125, "Warhost's Frenzy": 3129, "Think Twice_SB": 2791, "Rustler Rampage": 2287, "Wojek Investigator": 3182, "Searslicer Goblin_SB": 2360, "Felidar Cub": 942, "Oracle of Tragedy": 1916, "Dusk Rose Reliquary_SB": 747, "Felidar Cub_SB": 943, "Knight-Errant of Eos_SB": 1531, "Ruthless Lawbringer_SB": 2289, "Detective's Satchel": 660, "Forensic Gadgeteer_SB": 1006, "Ice Out_SB": 1349, "Claim Jumper_SB": 470, "Geralf, the Fleshwright": 1071, "Geralf, the Fleshwright_SB": 1072, "Eaten Alive_SB": 759, "Ojer Pakpatiq, Deepest Epoch": 1900, "Disturbing Conversion_SB": 683, "Lithomantic Barrage": 1619, "Enduring Vitality_SB": 808, "Audience with Trostani_SB": 143, "Sentinel of Lost Lore": 2383, "Wylie Duke, Atiin Hero": 3194, "Defiler of Dreams_SB": 637, "Omen Hawker": 1905, "Leyline of the Void": 1596, "Into the Fire": 1396, "Invasion of Karsus": 1416, "Cosmic Hunger": 538, "Paranormal Analyst": 1971, "Vannifar, Evolved Enigma": 3037, "Fog Bank_SB": 999, "Surgical Suite // Hospital Room_SB": 2653, "Talion, the Kindly Lord_SB": 2689, "Extraordinary Journey": 869, "Gold Pan": 1154, "Extraordinary Journey_SB": 870, "Nurturing Pixie_SB": 1880, "Moonshaker Cavalry": 1802, "Balemurk Leech": 164, "Bashful Beastie": 184, "Cackling Slasher": 358, "Defiant Survivor": 632, "Fear of the Dark": 927, "Flesh Burrower": 987, "Give In to Violence": 1108, "Grasping Longneck": 1173, "Horrid Vigor": 1332, "Innocuous Rat": 1378, "Let's Play a Game": 1584, "Wickerfolk Thresher": 3155, "Winter's Intervention": 3167, "Leyline of Transformation": 1594, "Saheeli's Lattice": 2295, "Etali, Primal Storm_SB": 839, "Adamant Will": 13, "Goldvein Pick": 1157, "Moment of Triumph": 1787, "Pilfer": 2026, "Public Thoroughfare": 2082, "Undying Malice": 2951, "Cancel_SB": 372, "Opt_SB": 1913, "Connecting the Dots_SB": 517, "Bushwhack_SB": 356, "Mistbreath Elder_SB": 1772, "Polliwallop_SB": 2045, "Realmbreaker's Grasp_SB": 2153, "Stickytongue Sentinel_SB": 2590, "Tumbleweed Rising_SB": 2908, "Analyze the Pollen_SB": 58, "Makeshift Binding": 1688, "Pelakka Wurm": 1984, "Jump Scare_SB": 1469, "Progenitus_SB": 2073, "Harvestrite Host": 1238, "Cut Short_SB": 582, "Family Reunion_SB": 895, "Annihilating Glare": 75, "Fanatical Offering": 900, "Sword of Wealth and Power": 2669, "Skulduggery": 2455, "Skulduggery_SB": 2456, "Lassoed by the Law": 1560, "Mabel's Mettle": 1670, "Minor Misstep": 1752, "Central Elevator // Promising Stairs": 423, "Creeping Peeper": 552, "Dazzling Theater // Prop Room": 601, "Erratic Apparition": 825, "Fear of Falling": 915, "Lionheart Glimmer": 1617, "Restricted Office // Lecture Hall": 2221, "Stalked Researcher_SB": 2568, "Tunnel Surveyor_SB": 2912, "Ajani, Nacatl Pariah": 37, "Arena of Glory": 107, "Arid Mesa": 112, "Fable of the Mirror-Breaker": 874, "Flooded Strand": 988, "Galvanic Discharge": 1050, "Goblin Bombardment": 1142, "Guide of Souls": 1204, "Marsh Flats": 1708, "Ocelot Pride": 1894, "Phlage, Titan of Fire's Fury": 2000, "Ragavan, Nimble Pilferer": 2109, "Sacred Foundry": 2294, "Showdown of the Skalds": 2423, "Static Prison": 2577, "Thraben Charm": 2812, "Windswept Heath": 3165, "Drannith Magistrate_SB": 721, "Fear, Fire, Foes!_SB": 928, "Obsidian Charmaw_SB": 1890, "Orim's Chant_SB": 1918, "Showdown of the Skalds_SB": 2424, "Stony Silence_SB": 2602, "Surgical Extraction_SB": 2649, "Wear // Tear_SB": 3141, "Archon of Cruelty": 104, "Bloodstained Mire": 248, "Brazen Borrower": 305, "Counterspell": 545, "Faithless Looting": 890, "Fatal Push": 904, "Force of Negation": 1002, "Misty Rainforest": 1774, "Persist": 1989, "Polluted Delta": 2046, "Psychic Frog": 2080, "Scalding Tarn": 2323, "Sink into Stupor": 2443, "Spell Snare": 2525, "Steam Vents": 2579, "Tamiyo, Inquisitive Student": 2690, "Thoughtseize": 2808, "Unearth": 2952, "Watery Grave": 3137, "Consign to Memory_SB": 519, "Fable of the Mirror-Breaker_SB": 875, "Harbinger of the Seas_SB": 1225, "Nihil Spellbomb_SB": 1853, "Stern Scolding_SB": 2589, "Blazing Rootwalla": 231, "Burning Inquiry": 348, "Detective's Phoenix": 659, "Flameblade Adept": 977, "Goblin Lore": 1146, "Hollow One": 1320, "Lightning Bolt": 1604, "Stomping Ground": 2601, "Street Wraith": 2612, "Vengevine": 3048, "Wooded Foothills": 3183, "Cursed Totem_SB": 578, "Meltdown_SB": 1727, "Barbarian Ring": 177, "Eidolon of the Great Revel": 769, "Flare of Duplication": 981, "Goblin Guide": 1145, "Lava Spike": 1566, "Rift Bolt": 2227, "Searing Blaze": 2357, "Skewer the Critics": 2448, "Skullcrack": 2459, "Sunbaked Canyon": 2629, "Ensnaring Bridge_SB": 814, "Faerie Macabre_SB": 885, "Smash to Smithereens_SB": 2483, "Amulet of Vigor": 54, "Arboreal Grazer": 88, "Boseiju, Who Endures": 281, "Crumbling Vestige": 559, "Dryad Arbor": 737, "Dryad of the Ilysian Grove": 740, "Echoing Deeps": 762, "Explore": 859, "Green Sun's Zenith": 1184, "Gruul Turf": 1200, "Hanweir Battlements": 1222, "Lotus Field": 1654, "Mirrorpool": 1762, "Otawara, Soaring City": 1926, "Primeval Titan": 2066, "Scapeshift": 2328, "Shifting Woodland": 2411, "Simic Growth Chamber": 2440, "Summoner's Pact": 2626, "Tolaria West": 2866, "Urza's Cave": 2999, "Urza's Saga": 3002, "Valakut, the Molten Pinnacle": 3008, "Vesuva": 3052, "Bojuka Bog_SB": 261, "Collector Ouphe_SB": 491, "Defense Grid_SB": 631, "Dismember_SB": 676, "Endurance_SB": 798, "Force of Vigor_SB": 1003, "Tireless Tracker_SB": 2852, "Vampires' Vengeance_SB": 3031, "Blood Crypt": 237, "Dwarven Mine": 751, "Indomitable Creativity": 1368, "Jetmir's Garden": 1456, "Prismatic Ending": 2069, "Wrenn and Six": 3190, "Xander's Lounge": 3195, "Boseiju, Who Endures_SB": 282, "Damping Sphere_SB": 586, "Hurkyl's Recall_SB": 1345, "Toxic Deluge_SB": 2881, "Cling to Dust": 479, "Harbinger of the Seas": 1224, "Murktide Regent": 1821, "Preordain": 2061, "Thought Scour": 2805, "Engineered Explosives_SB": 811, "Mystical Dispute_SB": 1826, "Spell Pierce_SB": 2524, "The Meathook Massacre_SB": 2759, "Orcish Bowmasters": 1917, "Godless Shrine": 1153, "Phelia, Exuberant Shepherd": 1999, "Seasoned Pyromancer": 2369, "Thoughtseize_SB": 2809, "Wrath of the Skies_SB": 3186, "Den of the Bugbear": 651, "Devastating Summons": 661, "Foundry Street Denizen": 1019, "Goblin Bushwhacker": 1143, "Goblin Grenade": 1144, "Goblin Piledriver": 1148, "Legion Loyalist": 1579, "Mogg War Marshal": 1778, "Reckless Bushwhacker": 2159, "Skirk Prospector": 2449, "Sokenzan, Crucible of Defiance": 2491, "Blood Moon_SB": 239, "Magus of the Moon_SB": 1682, "Reality Hemorrhage_SB": 2151, "Shattering Spree_SB": 2402, "Tormod's Crypt_SB": 2877, "Ziatora's Proving Ground": 3210, "Terastodon_SB": 2717, "Veil of Summer_SB": 3040, "Consider": 518, "Graveyard Trespasser": 1174, "Exquisite Firecraft_SB": 862, "Searing Blood_SB": 2358, "Tunnel Ignus_SB": 2910, "Chained to the Rocks": 426, "Chained to the Rocks_SB": 427, "Ragavan, Nimble Pilferer_SB": 2110, "Vexing Bauble": 3058, "Colossal Skyturtle_SB": 500, "Generous Ent_SB": 1066, "Grist, the Hunger Tide_SB": 1194, "Hexdrinker_SB": 1292, "Over the Edge_SB": 1938, "Poison Dart Frog_SB": 2043, "Slice from the Shadows": 2476, "Talion, the Kindly Lord": 2688, "Come Back Wrong": 504, "Glassworks // Shattered Yard": 1121, "Beamtown Beatstick": 192, "Celestial Armor": 420, "Diamond Pick-Axe": 667, "Carrot Cake_SB": 390, "Edgewall Inn": 765, "Goliath Hatchery_SB": 1160, "Balmor, Battlemage Captain": 167, "Bria, Riptide Rogue": 316, "Freeze in Place": 1024, "Relic's Roar": 2184, "Run Away Together_SB": 2276, "Scalding Viper_SB": 2325, "Harrier Strix": 1234, "Snaremaster Sprite": 2489, "Hardened Escort": 1230, "Holy Cow": 1322, "Living Phone": 1624, "Unsettling Twins": 2972, "Feather of Flight_SB": 931, "Possessed Goat_SB": 2056, "Raccoon Rallier_SB": 2103, "Rogue's Passage_SB": 2259, "The Jolly Balloon Man_SB": 2753, "Unsettling Twins_SB": 2973, "Heartfire Hero_SB": 1259, "Inti, Seneschal of the Sun_SB": 1392, "Pests of Honor": 1995, "Three Blind Mice": 2820, "Dauntless Dismantler_SB": 593, "Phoenix Chick_SB": 2002, "Gleaming Barrier": 1123, "Gleaming Barrier_SB": 1124, "Solemn Simulacrum_SB": 2493, "Sure Strike_SB": 2644, "Twinferno_SB": 2917, "Ancestors' Aid": 59, "Furious Bellow": 1040, "Ghitu Amplifier": 1085, "Heartfire Immolator": 1260, "Sure Strike": 2643, "Whiskerquill Scribe": 3150, "Brambleguard Captain": 299, "Defabricate": 627, "Fear of Burning Alive": 914, "Iron-Fist Pulverizer": 1436, "Johann, Apprentice Sorcerer": 1463, "Keldon Flamesage": 1499, "Kraum, Violent Cacophony": 1545, "Molten Tributary": 1784, "Nightwhorl Hermit": 1852, "Pyrotechnic Performer": 2090, "Razzle-Dazzler": 2150, "Stop Cold": 2603, "Thopter Mechanic": 2800, "Vesuvan Drifter": 3053, "Involuntary Cooldown_SB": 1432, "Kellan, Planar Trailblazer_SB": 1507, "Mishra's Command_SB": 1768, "Out of Air_SB": 1929, "Plan the Heist_SB": 2036, "Sleight of Hand_SB": 2475, "Trick Shot_SB": 2903, "Violent Urge_SB": 3068, "The Filigree Sylex": 2742, "Halo Hopper": 1219, "Charge of the Mites_SB": 441, "Hellspur Posse Boss_SB": 1275, "Grand Abolisher": 1168, "Unnerving Grasp": 2966, "Fynn, the Fangbearer_SB": 1046, "Harbinger of the Tides": 1226, "Harbinger of the Tides_SB": 1227, "Cat Collector": 403, "Bottomless Pool && Locker Room_SB": 286, "Pile On_SB": 2025, "Growing Rites of Itlimoc": 1196, "Jump Scare": 1468, "Niko, Light of Hope": 1854, "Stalked Researcher": 2567, "Tunnel Surveyor": 2911, "Fear of Isolation_SB": 921, "Season of Gathering": 2361, "Warren Warleader": 3133, "Horrid Vigor_SB": 1333, "Lionheart Glimmer_SB": 1618, "Omnivorous Flytrap_SB": 1910, "Seasoned Warrenguard_SB": 2371, "Into the Roil": 1399, "Into the Roil_SB": 1400, "Ayara, Widow of the Realm": 154, "Arachnoid Adaptation": 85, "Throw from the Saddle": 2832, "Longstalk Brawl_SB": 1639, "Thrill of Possibility_SB": 2830, "Feldon, Ronom Excavator": 941, "Roc Hunter": 2252, "Adventuring Gear_SB": 16, "Fear of Being Hunted_SB": 913, "Vicious Clown_SB": 3063, "Splash Portal_SB": 2548, "Demonic Pact_SB": 648, "Rite of the Dragoncaller_SB": 2237, "Valorous Stance": 3026, "Lodestone Needle": 1632, "Sawblade Skinripper_SB": 2319, "Afterburner Expert": 24, "Draconautics Engineer": 706, "Dredger's Insight": 731, "Loot, the Pathfinder": 1642, "Molt Tender": 1780, "Restless Spire_SB": 2217, "Momentum Breaker": 1789, "Sunbillow Verge": 2630, "Grim Bauble": 1192, "Spell Pierce": 2523, "Defend the Rider": 629, "Hazoret, Godseeker": 1252, "Debris Beetle": 615, "Wastewood Verge": 3136, "Vein Ripper_SB": 3042, "Oildeep Gearhulk": 1896, "Haunt the Network_SB": 1242, "Bartolom\u00e9 del Presidio_SB": 183, "Lunar Convocation_SB": 1663, "Bloodghast": 244, "Valley Rotcaller_SB": 3023, "Oildeep Gearhulk_SB": 1897, "Gleeful Demolition_SB": 1127, "Monument to Endurance": 1800, "Ride's End": 2225, "Bleachbone Verge": 232, "Willowrush Verge": 3161, "Outpace Oblivion_SB": 1935, "Intimidation Tactics": 1394, "Ketramose, the New Dawn": 1512, "Transmutation Font": 2890, "Braided Net_SB": 295, "Cunning Coyote_SB": 572, "Chandra, Spark Hunter_SB": 435, "Explosive Derailment_SB": 861, "Bounce Off": 291, "Greasewrench Goblin": 1176, "Marauding Mako": 1702, "Riverpyre Verge": 2245, "Scrounging Skyray": 2351, "Bounce Off_SB": 292, "Lightwheel Enhancements": 1609, "Grim Bauble_SB": 1193, "Momentum Breaker_SB": 1790, "Tomik, Wielder of Law_SB": 2872, "Engine Rat": 809, "Gonti, Night Minister": 1161, "Perilous Snare": 1987, "Teysa, Opulent Oligarch": 2724, "Memory Guardian": 1728, "Mendicant Core, Guidelight": 1729, "Diversion Unit_SB": 688, "The Aetherspark": 2727, "Brightglass Gearhulk": 319, "Voyager Glidecar": 3105, "Chandra, Spark Hunter": 434, "Intimidation Tactics_SB": 1395, "Optimistic Scavenger_SB": 1915, "Captain Howler, Sea Scourge": 379, "Gastal Thrillroller": 1061, "Mishra's Command": 1767, "Phyrexian Dragon Engine": 2007, "Riptide Gearhulk": 2231, "Transit Mage": 2889, "Diversion Unit": 687, "Muraganda Raceway": 1818, "Nesting Bot": 1840, "Repurposing Bay": 2195, "Lumbering Worldwagon": 1657, "Gastal Thrillroller_SB": 1062, "Lifecraft Engine": 1601, "Mindspring Merfolk": 1751, "Mu Yanling, Wind Rider": 1813, "Caelorna, Coral Tyrant_SB": 361, "Overrun": 1954, "Heliod, the Radiant Dawn": 1271, "Twinblade Blessing": 2915, "The Speed Demon_SB": 2777, "Zephyr Singer_SB": 3207, "Burnout Bashtronaut": 350, "Defend the Rider_SB": 630, "Demonic Junker": 645, "Nexus of Becoming": 1845, "Amonkhet Raceway": 53, "Gastal Thrillseeker": 1063, "The Last Ride": 2756, "The Speed Demon": 2776, "Ancient Vendetta_SB": 63, "Monument to Endurance_SB": 1801, "Quag Feast": 2091, "Gastal Raider_SB": 1060, "Howlsquad Heavy": 1336, "Count on Luck_SB": 544, "Invasion of Regatha_SB": 1420, "Ketramose, the New Dawn_SB": 1513, "Thunderous Velocipede": 2839, "Regal Imperiosaur": 2179, "Intrepid Paleontologist_SB": 1402, "Voyager Glidecar_SB": 3106, "Fuel the Flames": 1031, "Skycrash": 2461, "Broadside Barrage_SB": 331, "Fuel the Flames_SB": 1032, "Locust Spray": 1631, "Riverchurn Monument": 2242, "Agonasaur Rex": 31, "Tyrox, Saurid Tyrant": 2926, "Esoteric Duplicator": 831, "Voyage Home": 3104, "Aether Syphon_SB": 21, "Spectacular Pileup": 2517, "Coalstoke Gearhulk_SB": 483, "Sandstalker Moloch_SB": 2301, "Boosted Sloop": 277, "Broadside Barrage": 330, "Thopter Fabricator_SB": 2799, "Ride's End_SB": 2226, "Thalia and The Gitrog Monster_SB": 2726, "Zahur, Glory's Past": 3204, "Leaf-Crowned Visionary_SB": 1574, "Mossborn Hydra_SB": 1807, "Overrun_SB": 1955, "Painful Quandary_SB": 1963, "Wardens of the Cycle_SB": 3128, "Quag Feast_SB": 2092, "Playful Shove": 2038, "Red Sun's Twilight_SB": 2169, "Perilous Snare_SB": 1988, "Debris Beetle_SB": 616, "Pit Automaton": 2030, "Visage of Dread": 3081, "The Last Ride_SB": 2757, "Visage of Dread_SB": 3082, "Fearless Swashbuckler": 929, "Unctus, Grand Metatect": 2942, "Mishra, Claimed by Gix": 1770, "Bloated Contaminator_SB": 236, "Melira, the Living Cure_SB": 1726, "The Aetherspark_SB": 2728, "Webstrike Elite": 3144, "Webstrike Elite_SB": 3145, "Coiling Rebirth_SB": 487, "Invasion of Mercadia": 1418, "Collision Course_SB": 497, "Gas Guzzler": 1058, "Say Its Name_SB": 2321, "Spectral Interference_SB": 2520, "Stock Up": 2593, "Spectacular Pileup_SB": 2518, "Far Fortune, End Boss": 901, "Flotsam // Jetsam_SB": 992, "Claim Jumper": 469, "Ancient Vendetta": 62, "Full Throttle_SB": 1035, "Loot, the Key to Everything_SB": 1641, "Loot, the Pathfinder_SB": 1643, "Urza's Command_SB": 3000, "Lassoed by the Law_SB": 1561, "Blast Zone_SB": 227, "Basri, Tomorrow's Champion": 187, "Skyseer's Chariot_SB": 2467, "Dive Down": 685, "Engine Rat_SB": 810, "Essence Channeler_SB": 833, "Lunar Insight": 1664, "Jodah, the Unifier_SB": 1461, "Dropkick Bomber": 734, "Coalstoke Gearhulk": 482, "Visage Bandit": 3080, "Waxen Shapethief": 3138, "Dune Drifter": 742, "Rampaging Raptor": 2127, "Agonasaur Rex_SB": 32, "Become Brutes": 196, "The Elder Dragon War_SB": 2735, "Caradora, Heart of Alacria": 383, "Skyseer's Chariot": 2466, "Valor's Flagship": 3024, "Veteran Beastrider": 3055, "Threadbind Clique": 2818, "Twining Twins": 2919, "Boommobile_SB": 274, "Radiant Lotus_SB": 2106, "Boommobile": 273, "Forging the Anchor": 1010, "Radiant Lotus": 2105, "The Mightstone and Weakstone_SB": 2761, "Bloodthorn Flail": 251, "Flamewake Phoenix": 979, "Cryptcaller Chariot_SB": 561, "Volley Veteran": 3097, "Riptide Gearhulk_SB": 2232, "Riverchurn Monument_SB": 2243, "Spiteful Hexmage_SB": 2546, "Clamorous Ironclad": 473, "Furnace Host Charger": 1041, "Alania, Divergent Storm": 45, "Frolicking Familiar": 1028, "Wishing Well": 3172, "Resplendent Angel_SB": 2200, "Cephalopod Sentry": 424, "Thopter Fabricator": 2798, "Haunt the Network": 1241, "Sorcerous Spyglass": 2497, "Demonic Junker_SB": 646, "Redshift, Rocketeer Chief": 2171, "Halana and Alena, Partners_SB": 1213, "Valor's Flagship_SB": 3025, "Stall Out": 2569, "Stall Out_SB": 2570, "Gloryheath Lynx": 1135, "Sovereign Okinec Ahau": 2514, "The Raven Man": 2769, "The Raven Man_SB": 2770, "Boom Box": 272, "Broadcast Rambler": 329, "Possession Engine": 2057, "Broodheart Engine": 332, "Bat Colony": 188, "Calamitous Cave-In": 362, "Gargantuan Leech": 1053, "Hidden Volcano": 1299, "Promising Vein": 2076, "Marketback Walker": 1706, "Sab-Sunen, Luxa Embodied": 2292, "Simian Simulacrum": 2439, "Sylvan Scavenging": 2672, "Bulwark Ox": 344, "Reluctant Role Model": 2185, "Reluctant Role Model_SB": 2186, "Leyline Binding_SB": 1588, "Mold Adder_SB": 1779, "Marketback Walker_SB": 1707, "Burnout Bashtronaut_SB": 351, "Gastal Raider": 1059, "Oviya, Automech Artisan": 1959, "Daretti, Rocketeer Engineer": 588, "Threefold Thunderhulk": 2827, "Tune Up": 2909, "Meteor Golem_SB": 1734, "Market Gnome_SB": 1705, "The Skullspore Nexus_SB": 2775, "Cosmium Confluence": 541, "Festival of Embers": 956, "Hidden Nursery": 1298, "Skycrash_SB": 2462, "Nexus of Becoming_SB": 1846, "Sab-Sunen, Luxa Embodied_SB": 2293, "Collector's Vault_SB": 495, "Thran Spider_SB": 2815, "Earthrumbler": 756, "Akal Pakal, First Among Equals_SB": 41, "Deepfathom Echo": 623, "Forensic Researcher": 1007, "Oko, the Ringleader": 1902, "Chitin Gravestalker": 453, "Starving Revenant_SB": 2575, "Steamcore Scholar_SB": 2581, "Ojer Pakpatiq, Deepest Epoch_SB": 1901, "Thunderous Velocipede_SB": 2840, "Fear of Infinity_SB": 919, "Stock Up_SB": 2594, "Dredger's Insight_SB": 732, "Fauna Shaman_SB": 907, "Barrow Naughty": 181, "Faerie Slumber Party": 888, "Mocking Sprite": 1775, "Spellscorn Coven": 2531, "Talion's Messenger": 2686, "Akal Pakal, First Among Equals": 40, "Forensic Gadgeteer": 1005, "Deduce_SB": 620, "Wreck Remover_SB": 3187, "Coerced to Kill": 485, "Etrata, Deadly Fugitive": 844, "Unstoppable Plan_SB": 2976, "Hoarding Broodlord": 1317, "Shadow-Rite Priest": 2394, "Nahiri's Warcrafting_SB": 1829, "Baral and Kari Zev": 176, "Enigma Drake": 812, "Brightfield Glider": 318, "Congregation Gryff": 516, "Giant Beaver": 1093, "Lagorin, Soul of Alacria": 1557, "Miriam, Herd Whisperer": 1756, "Ornery Tumblewagg": 1919, "Trained Arynx": 2882, "Run Over_SB": 2277, "Night Market": 1850, "Carrion Locust_SB": 388, "Stockpiling Celebrant_SB": 2597, "Fountainport Bell": 1021, "Guidelight Optimizer": 1205, "Oaken Siren": 1882, "Machine Over Matter_SB": 1674, "Spinewoods Paladin": 2540, "Phyrexian Missionary_SB": 2012, "Malcator, Purity Overseer": 1689, "Tranquil Cove_SB": 2886, "Crumb and Get It_SB": 558, "Flame Lash": 976, "Exsanguinate_SB": 864, "Exsanguinate": 863, "Syr Ginger, the Meal Ender_SB": 2675, "Legion Extruder_SB": 1578, "Blade of the Oni": 220, "Blightstep Pathway": 234, "Bloodtithe Harvester": 252, "Mutavault": 1823, "Urborg, Tomb of Yawgmoth": 2996, "Extinction Event_SB": 866, "Go Blank_SB": 1139, "Hidetsugu Consumes All_SB": 1302, "Invoke Despair_SB": 1431, "Unlicensed Hearse_SB": 2963, "Breeding Pool": 315, "Enigmatic Incarnation": 813, "Indatha Triome": 1367, "Linvala, the Preserver": 1616, "Overgrown Tomb": 1940, "Savai Triome": 2313, "Skyclave Apparition": 2460, "Spara's Headquarters": 2515, "Vanishing Verse": 3035, "Zagoth Triome": 3203, "Archon of Emeria_SB": 105, "Knockout Blow_SB": 1532, "Ruric Thar, the Unbowed_SB": 2283, "Thought Distortion_SB": 2804, "Yorion, Sky Nomad_SB": 3200, "Cauldron Familiar": 408, "Claim the Firstborn": 471, "Deadly Dispute": 609, "Mayhem Devil": 1715, "Witch's Oven": 3175, "Ob Nixilis, the Adversary_SB": 1886, "Darksteel Citadel": 592, "Ensoul Artifact": 815, "Riverglide Pathway": 2244, "Shrapnel Blast": 2425, "Smuggler's Copter": 2484, "Voldaren Epicure": 3094, "Aether Gust_SB": 20, "Annul_SB": 76, "Rending Volley_SB": 2189, "Shadowspear_SB": 2395, "Voltage Surge_SB": 3098, "Cragcrown Pathway": 548, "Ramunap Ruins": 2129, "Reckless Rage": 2162, "Soul-Scar Mage": 2506, "Experimental Frenzy_SB": 858, "Hazoret the Fervent_SB": 1251, "Redcap Melee_SB": 2170, "Extinction Event": 865, "Anger of the Gods_SB": 67, "Fatal Push_SB": 905, "Gifted Aetherborn_SB": 1098, "Claim // Fame": 468, "Infuriate": 1373, "Kumano Faces Kakkazan": 1551, "Claim the Firstborn_SB": 472, "Grafdigger's Cage_SB": 1167, "Castle Locthwain": 402, "Clearwater Pathway": 476, "Field of Ruin": 958, "Geier Reach Sanitarium": 1065, "Hall of Storm Giants": 1214, "Hive of the Eye Tyrant": 1316, "Narset, Parter of Veils": 1830, "Omen of the Sea": 1906, "Paradoxical Outcome": 1970, "Shipwreck Marsh": 2413, "Takenuma, Abandoned Mire": 2685, "The Meathook Massacre": 2758, "Ashiok, Dream Render_SB": 121, "Weathered Runestone_SB": 3143, "Collective Brutality": 489, "Faithful Mending": 889, "Greasefang, Okiba Boss": 1175, "Hallowed Fountain": 1216, "Parhelion II": 1972, "Raffine's Tower": 2108, "Shattered Sanctum": 2401, "Skysovereign, Consul Flagship": 2468, "Stubborn Denial": 2619, "Tainted Indulgence": 2679, "Deafening Silence_SB": 611, "Dovin's Veto_SB": 704, "Silence_SB": 2432, "Vanishing Verse_SB": 3036, "Fetid Pools": 957, "Yorion, Sky Nomad": 3199, "Krenko's Buzzcrusher": 1546, "Arclight Phoenix": 106, "Fiery Impulse": 964, "Izzet Charm": 1445, "Lightning Axe": 1603, "Prismari Command": 2067, "Spikefield Hazard": 2537, "Stormcarved Coast": 2605, "Treasure Cruise": 2895, "Dawnwing Marshal": 596, "Bishop of Wings": 210, "Branchloft Pathway": 301, "Cave of the Frost Dragon": 412, "Collected Company": 488, "Eiganjo, Seat of the Empire": 770, "Nykthos, Shrine to Nyx": 1881, "Overgrown Farmland": 1939, "Portable Hole": 2051, "Resplendent Marshal": 2201, "Righteous Valkyrie": 2229, "Temple Garden": 2703, "Archon of Absolution_SB": 103, "Brave the Elements_SB": 303, "Brutal Cathar_SB": 339, "Heroic Intervention_SB": 1289, "Reidane, God of the Worthy_SB": 2180, "Shapers' Sanctuary_SB": 2397, "Kroxa, Titan of Death's Hunger": 1550, "Cavalier of Thorns": 411, "Elvish Mystic": 790, "Kiora, Behemoth Beckoner": 1516, "Lair of the Hydra": 1558, "Leyline of the Guildpact": 1595, "Oath of Nissa": 1884, "Old-Growth Troll": 1904, "Storm the Festival": 2604, "Ulvenwald Oddity": 2936, "Arasta of the Endless Web_SB": 87, "Emrakul, the Promised End_SB": 797, "Setessan Petitioner_SB": 2393, "Burner Rocket": 347, "Cloudspire Skycycle": 481, "Dynamite Diver": 755, "Guidelight Synergist": 1206, "Kolodin, Triumph Caster": 1537, "Count on Luck": 543, "Frenzied Goblin": 1025, "Doubling Season_SB": 702, "Fanatical Firebrand_SB": 899, "Howlsquad Heavy_SB": 1337, "Reckless Lackey_SB": 2161, "Rundvelt Hordemaster_SB": 2279, "District Mascot": 681, "Shivan Devastator": 2414, "Zimone, Paradox Sculptor": 3212, "Tyvar, the Pummeler_SB": 2935, "Zopandrel, Hunger Dominus_SB": 3216, "Aurelia, the Warleader": 145, "Gilded Ghoda": 1101, "Ledger Shredder": 1576, "Brazen Borrower_SB": 306, "Prismari Command_SB": 2068, "Ashiok, Nightmare Muse_SB": 122, "Foreboding Ruins": 1004, "Invoke Despair": 1430, "Kolaghan's Command_SB": 1536, "Haunted Ridge": 1244, "Mana Confluence": 1695, "Barrier Breach_SB": 180, "Leyline of Sanctity_SB": 1593, "Bonecrusher Giant": 266, "Burning-Tree Emissary": 349, "Chandra, Torch of Defiance": 436, "Collision // Colossus": 496, "Gruul Spellbreaker": 1199, "Kami's Flare": 1483, "Pelt Collector": 1985, "Voltaic Brawler": 3099, "Zhur-Taa Goblin": 3209, "Bonecrusher Giant_SB": 267, "Chandra, Torch of Defiance_SB": 437, "Cindervines_SB": 463, "Kami's Flare_SB": 1484, "Roiling Vortex_SB": 2260, "Colossus Hammer": 501, "Eldritch Evolution": 773, "Raffine's Informant": 2107, "Sigarda's Aid": 2430, "Soulflayer": 2508, "Sylvan Caryatid": 2671, "Bloodline Culling_SB": 247, "Collective Brutality_SB": 490, "Portable Hole_SB": 2052, "Furnace Punisher_SB": 1042, "Rocky Roads": 2256, "Lumbering Worldwagon_SB": 1658, "Cosmic Rebirth_SB": 540, "Mondrak, Glory Dominus_SB": 1795, "Become Brutes_SB": 197, "Cindering Cutthroat_SB": 462, "Ravine Raider_SB": 2143, "Risky Shortcut_SB": 2234, "Spin Out_SB": 2538, "Steampath Charger_SB": 2582, "Drake Hatcher_SB": 719, "Eddymurk Crab_SB": 764, "Goblin Oriflamme": 1147, "Devouring Sugarmaw": 662, "Amalia Benavides Aguirre_SB": 51, "Elas il-Kor, Sadistic Pilgrim_SB": 772, "Fiendish Panda_SB": 960, "Knight of Dawn's Light_SB": 1525, "Mimeoplasm, Revered One": 1748, "Etched Familiar": 841, "Spectral Interference": 2519, "Winter, Cursed Rider": 3169, "Streetwise Negotiator_SB": 2613, "Divine Resilience": 689, "Greenhouse // Rickety Gazebo": 1185, "Silken Strength": 2435, "Map the Frontier": 1699, "Realm-Scorcher Hellkite": 2152, "Sentinel of Lost Lore_SB": 2384, "Spyglass Siren_SB": 2559, "Herd Migration_SB": 1285, "Kykar, Zephyr Awakener": 1556, "Lathril, Blade of the Elves_SB": 1563, "Gixian Infiltrator_SB": 1115, "Armored Armadillo_SB": 115, "Gloryheath Lynx_SB": 1136, "Threefold Thunderhulk_SB": 2828, "Primeval Bounty": 2064, "Cryptcaller Chariot": 560, "Steel Hellkite_SB": 2583, "Rangers' Refueler": 2130, "Cursed Recording_SB": 577, "Mindsparker_SB": 1749, "Thirsting Roots": 2794, "Gigantosaurus": 1099, "Llanowar Stalker": 1629, "Ghalta, Primal Hunger_SB": 1082, "Gigantosaurus_SB": 1100, "Disenchant": 671, "Captain Howler, Sea Scourge_SB": 380, "Karn, Living Legacy_SB": 1487, "Quaketusk Boar": 2093, "Kellan Joins Up": 1501, "Ovika, Enigma Goliath_SB": 1958, "The Stasis Coffin": 2778, "Leaping Ambush": 1575, "Bestow Greatness_SB": 201}}