{"vocabulary": {"Aclazotz, Deepest Betrayal": 11, "Beza, the Bounding Spring": 206, "Caves of Koilos": 418, "Concealed Courtyard": 513, "Cut Down": 584, "Deep-Cavern Bat": 625, "Fabled Passage": 880, "Fountainport": 1025, "Go for the Throat": 1144, "Legions to Ashes": 1582, "Liliana of the Veil": 1613, "Loran of the Third Path": 1645, "Plains": 2040, "Preacher of the Schism": 2066, "Restless Fortress": 2216, "Season of the Burrow": 2374, "Shadowy Backstreet": 2404, "Shoot the Sheriff": 2427, "Swamp": 2667, "Temporary Lockdown": 2726, "Virtue of Loyalty": 3088, "Virtue of Persistence": 3090, "Zoraline, Cosmos Caller": 3235, "Beza, the Bounding Spring_SB": 207, "Cruelclaw's Heist_SB": 560, "Duress_SB": 747, "Elspeth's Smite_SB": 788, "Kaya, Intangible Slayer_SB": 1496, "Liliana of the Veil_SB": 1614, "Sunfall_SB": 2644, "Temporary Lockdown_SB": 2727, "Copperline Gorge": 533, "Emberheart Challenger": 797, "Forest": 1013, "Heartfire Hero": 1263, "Innkeeper's Talent": 1381, "Karplusan Forest": 1492, "Manifold Mouse": 1700, "Might of the Meek": 1746, "Monastery Swiftspear": 1795, "Monstrous Rage": 1801, "Mountain": 1813, "Questing Druid": 2100, "Restless Ridgeline": 2220, "Rockface Village": 2260, "Shock": 2425, "Slickshot Show-Off": 2489, "Snakeskin Veil": 2498, "Thran Portal": 2824, "Witchstalker Frenzy": 3194, "Obliterating Bolt_SB": 1894, "Pawpatch Formation_SB": 1984, "Scorching Shot_SB": 2344, "Sunspine Lynx_SB": 2652, "Tectonic Hazard_SB": 2711, "Urabrask's Forge_SB": 3004, "Blooming Marsh": 257, "Demolition Field": 645, "Freestrider Lookout": 1028, "Gix's Command": 1113, "Iridescent Vinelasher": 1439, "Llanowar Wastes": 1631, "Lumra, Bellow of the Woods": 1663, "Mosswood Dreadknight": 1811, "Restless Cottage": 2214, "Sentinel of the Nameless City": 2393, "Sheoldred, the Apocalypse": 2416, "Tear Asunder": 2708, "Anoint with Affliction_SB": 79, "Breach the Multiverse_SB": 312, "Choking Miasma_SB": 457, "Hostile Investigator_SB": 1340, "Tear Asunder_SB": 2709, "Tranquil Frillback_SB": 2899, "Archangel of Wrath": 97, "Atraxa, Grand Unifier": 141, "Brushland": 341, "Cavern of Souls": 415, "Get Lost": 1079, "Heaped Harvest": 1261, "Hedge Maze": 1272, "Herd Migration": 1289, "Island": 1443, "Leyline Binding": 1589, "Lush Portico": 1669, "Meticulous Archive": 1738, "Nissa, Ascended Animist": 1863, "Sunfall": 2643, "Up the Beanstalk": 3000, "Get Lost_SB": 1080, "Jace, the Perfected Mind_SB": 1455, "Negate_SB": 1843, "Audacity": 143, "Cacophony Scamp": 362, "Callous Sell-Sword": 371, "Giant Growth": 1101, "Questing Druid_SB": 2101, "Torch the Tower_SB": 2885, "Witchstalker Frenzy_SB": 3195, "Blackcleave Cliffs": 220, "Dreadmaw's Ire": 727, "Restless Vents": 2224, "Sugar Rush": 2633, "Sulfurous Springs": 2635, "Cut Down_SB": 585, "Go for the Throat_SB": 1145, "Elspeth's Smite": 787, "Invasion of Tolvada_SB": 1433, "Obstinate Baloth_SB": 1898, "Fireglass Mentor": 978, "Flamecache Gecko": 983, "Gev, Scaled Scorch": 1085, "Hired Claw": 1319, "Laughing Jasper Flint": 1567, "Lightning Strike": 1609, "Mudflat Village": 1817, "Thought-Stalker Warlock": 2817, "Valley Flamecaller": 3031, "Case of the Crimson Pulse_SB": 394, "Anoint with Affliction": 78, "Cache Grab": 360, "Calamitous Cave-In": 365, "Captivating Cave": 384, "Cavernous Maw": 417, "Forgotten Monument": 1016, "Gargantuan Leech": 1059, "Hearth Elemental": 1268, "Hidden Nursery": 1303, "Promising Vein": 2083, "Seed of Hope": 2381, "Tolarian Terror": 2878, "Disdainful Stroke_SB": 674, "Dreams of Steel and Oil_SB": 733, "Pick Your Poison_SB": 2026, "Archfiend of the Dross": 101, "Caustic Bronco": 411, "Gix, Yawgmoth Praetor": 1115, "Kaervek, the Punisher": 1476, "Mirrex": 1760, "Tinybones, the Pickpocket": 2861, "Vraska, Betrayal's Sting": 3126, "Chimil, the Inner Sun_SB": 454, "Gix's Command_SB": 1114, "Harvester of Misery_SB": 1242, "Pilfer_SB": 2033, "Sheoldred_SB": 2418, "Virtue of Persistence_SB": 3091, "Jace, the Perfected Mind": 1454, "Nissa, Ascended Animist_SB": 1864, "Tishana's Tidebinder_SB": 2865, "Darkslick Shores": 593, "Duress": 746, "Ertai Resurrected": 830, "Faerie Mastermind": 890, "Phantom Interference": 2003, "Plumecreed Escort": 2046, "Restless Reef": 2218, "Spyglass Siren": 2569, "Three Steps Ahead": 2833, "Tishana's Tidebinder": 2864, "Underground River": 2961, "Aclazotz, Deepest Betrayal_SB": 12, "Malicious Eclipse_SB": 1697, "Snakeskin Veil_SB": 2499, "Glistening Deluge_SB": 1136, "Sheoldred's Edict_SB": 2415, "Glissa Sunslayer": 1133, "Sheoldred, the Apocalypse_SB": 2417, "Battlefield Forge": 192, "Case of the Gateway Express": 396, "Gleeful Demolition": 1129, "Imodane's Recruiter": 1362, "Inspiring Vantage": 1395, "Knight-Errant of Eos": 1533, "Novice Inspector": 1880, "Nurturing Pixie": 1885, "Resolute Reinforcements": 2204, "Sanguine Evangelist": 2311, "Warden of the Inner Sky": 3140, "Warleader's Call": 3145, "Yotian Frontliner": 3219, "Destroy Evil_SB": 662, "Loran of the Third Path_SB": 1646, "Requisition Raid_SB": 2203, "Charming Scoundrel": 445, "Goddric, Cloaked Reveler": 1155, "Mishra's Foundry": 1771, "Obliterating Bolt": 1893, "Squee, Dubious Monarch": 2571, "Lithomantic Barrage_SB": 1622, "Demonic Ruckus": 653, "Royal Treatment": 2275, "Harvester of Misery": 1241, "Archangel Elspeth": 93, "Caretaker's Talent": 386, "Elegant Parlor": 778, "Fortune, Loyal Steed": 1020, "Frontier Seeker": 1036, "Lay Down Arms": 1572, "Boon-Bringer Valkyrie_SB": 278, "Imodane's Recruiter_SB": 1363, "Not on My Watch_SB": 1879, "Sunder the Gateway_SB": 2642, "Chimil, the Inner Sun": 453, "No Witnesses": 1871, "Phyrexian Vindicator": 2022, "Surge of Salvation": 2657, "The Eternal Wanderer": 2752, "Urza's Sylex": 3017, "White Sun's Twilight": 3170, "Disenchant_SB": 675, "Phyrexian Vindicator_SB": 2023, "The Eternal Wanderer_SB": 2753, "Scales of Shale": 2332, "Aftermath Analyst": 25, "Escape Tunnel": 834, "Evolving Wilds": 852, "Nissa, Resurgent Animist": 1865, "Pillage the Bog": 2034, "Pitiless Carnage": 2037, "Spelunking": 2543, "Glissa Sunslayer_SB": 1134, "Terror Tide_SB": 2735, "Titania, Voice of Gaea_SB": 2869, "Abrade": 3, "Bitter Reunion": 215, "Brotherhood's End": 338, "Capricious Hellraiser": 381, "Fires of Victory": 979, "Horned Loch-Whale": 1335, "Ill-Timed Explosion": 1359, "Ral, Crackling Wit": 2131, "Restless Spire": 2222, "Season of Weaving": 2371, "Shivan Reef": 2424, "Spirebluff Canal": 2554, "Thundering Falls": 2848, "Torch the Tower": 2884, "Bonehoard Dracosaur_SB": 271, "Faerie Mastermind_SB": 891, "Frolicking Familiar_SB": 1035, "Nahiri's Warcrafting_SB": 1833, "Shifting Grift_SB": 2419, "Soul-Guide Lantern_SB": 2516, "Azure Beastbinder": 159, "Karumonix, the Rat King": 1494, "Lilypad Village": 1617, "Lord Skitter, Sewer King": 1650, "Nezumi Informant": 1853, "Patchwork Banner": 1981, "Persistent Marshstalker": 1996, "Pile On": 2030, "Shoreline Looter": 2431, "Vren, the Relentless": 3129, "Kaito, Dancing Shadow_SB": 1483, "Adarkar Wastes": 15, "Seachrome Coast": 2360, "Protect the Negotiators_SB": 2086, "Abrade_SB": 4, "Long Goodbye_SB": 1636, "Scales of Shale_SB": 2333, "Thought-Stalker Warlock_SB": 2818, "Caustic Bronco_SB": 412, "Feed the Cycle": 939, "Disfigure_SB": 677, "Mirran Banesplitter": 1759, "Innkeeper's Talent_SB": 1382, "Wrenn and Realmbreaker_SB": 3207, "Anim Pakal, Thousandth Moon": 68, "Requisition Raid": 2202, "Restless Bivouac": 2212, "Anointed Peacekeeper_SB": 81, "Aven Interrupter_SB": 152, "Kutzil's Flanker_SB": 1556, "Lightning Helix_SB": 1608, "Song of Totentanz_SB": 2507, "Deduce": 623, "Destroy Evil": 661, "Lightning Helix": 1607, "No More Lies": 1867, "Restless Anchorage": 2210, "Saheeli, Filigree Master": 2302, "Sunken Citadel": 2646, "Urabrask's Forge": 3003, "Brotherhood's End_SB": 339, "Malcolm, Alluring Scoundrel": 1693, "Malicious Eclipse": 1696, "Sheoldred's Edict": 2414, "Analyze the Pollen": 57, "Tranquil Frillback": 2898, "Underground Mortuary": 2960, "The Cruelty of Gix_SB": 2745, "Mockingbird": 1778, "Disfigure": 676, "Kaito, Dancing Shadow": 1482, "Thrun, Breaker of Silence_SB": 2846, "Case of the Filched Falcon": 395, "Cryptic Coat": 567, "Norn's Inquisitor": 1875, "Regal Bunnicorn": 2181, "Steel Seraph": 2594, "Subterranean Schooner": 2631, "Zoetic Glyph": 3231, "Glass Casket_SB": 1123, "Teferi, Temporal Pilgrim": 2713, "Chrome Host Seedshark_SB": 459, "Lay Down Arms_SB": 1573, "Bristly Bill, Spine Sower": 331, "Hostile Investigator": 1339, "Scrapshooter_SB": 2348, "The End_SB": 2750, "The Gitrog, Ravenous Ride_SB": 2757, "Invasion of Gobakhan_SB": 1417, "Honest Rutstein": 1329, "Inti, Seneschal of the Sun": 1396, "Lazav, Wearer of Faces": 1575, "Marchesa, Dealer of Death": 1706, "Plaza of Heroes": 2045, "Relic of Legends": 2189, "Rona, Herald of Invasion": 2269, "Tinybones Joins Up": 2858, "Kaervek, the Punisher_SB": 1477, "Outrageous Robbery_SB": 1944, "Arid Archway": 112, "Calamity, Galloping Inferno": 367, "Commercial District": 509, "Glimpse the Core": 1132, "Map the Frontier": 1702, "Outcaster Trailblazer": 1938, "Roxanne, Starfall Savant": 2273, "Smuggler's Surprise": 2496, "Spinewoods Armadillo": 2550, "Terror of the Peaks": 2736, "Trumpeting Carnosaur": 2917, "Vaultborn Tyrant": 3052, "Etali, Primal Conqueror_SB": 842, "Long Goodbye": 1635, "Scrapshooter": 2347, "Wear Down_SB": 3158, "Faerie Dreamthief": 887, "Spell Stutter": 2537, "Chrome Host Seedshark": 458, "Sunder the Gateway": 2641, "Dust Animus_SB": 752, "Elesh Norn, Mother of Machines_SB": 784, "Rest in Peace_SB": 2209, "War Squeak": 3138, "Cavern of Souls_SB": 416, "Bandit's Talent": 173, "Hopeless Nightmare": 1333, "Rottenmouth Viper": 2271, "Scoured Barrens": 2346, "Tithing Blade": 2870, "Bitter Triumph_SB": 218, "Carrot Cake_SB": 392, "Twinferno": 2927, "Two-Headed Hunter": 2935, "Blooming Blast_SB": 256, "Dreams of Steel and Oil": 732, "Vadmir, New Blood": 3021, "Shoot the Sheriff_SB": 2428, "Ancient Cornucopia": 61, "Doppelgang": 702, "Kogla and Yidaro": 1536, "Nahiri's Warcrafting": 1832, "Pawpatch Formation": 1983, "Raucous Theater": 2146, "Yavimaya Coast": 3214, "Change the Equation_SB": 441, "Doppelgang_SB": 703, "Carrot Cake": 391, "No Witnesses_SB": 1872, "Tocasia's Welcome_SB": 2876, "Quintorius Kand_SB": 2105, "Case of the Locked Hothouse": 398, "Clifftop Lookout": 480, "Goldvein Hydra": 1159, "Railway Brawler": 2121, "Silverback Elder": 2447, "Tender Wildguide": 2728, "Thornvault Forager": 2813, "Tyrranax Rex": 2939, "Virtue of Strength": 3092, "Vorinclex": 3117, "Wrenn and Realmbreaker": 3206, "Fecund Greenshell_SB": 937, "High Noon_SB": 1312, "Hunter's Talent_SB": 1349, "Melira, the Living Cure_SB": 1729, "Plains_SB": 2041, "Portal to Phyrexia_SB": 2060, "Tail Swipe_SB": 2689, "Serra Paragon_SB": 2397, "White Sun's Twilight_SB": 3171, "Eluge, the Shoreless Sea": 789, "Haughty Djinn": 1244, "Into the Flood Maw": 1402, "Intrude on the Mind": 1408, "Long River's Pull": 1638, "Lost in the Maze": 1654, "Freeze in Place_SB": 1030, "Horned Loch-Whale_SB": 1336, "Torpor Orb_SB": 2889, "Braids, Arisen Nightmare": 298, "Guardian of Ghirapur": 1206, "Lively Dirge": 1624, "Ruthless Lawbringer": 2294, "The Witch's Vanity": 2800, "Bandit's Talent_SB": 174, "Agatha's Soul Cauldron": 29, "Botanical Sanctum": 286, "Fallaji Archaeologist": 897, "Insidious Roots": 1390, "Kami of Whispered Hopes": 1487, "Kitsa, Otterball Elite": 1525, "Osteomancer Adept": 1932, "Skyfisher Spider": 2473, "Sleep-Cursed Faerie": 2483, "Tyvar, Jubilant Brawler": 2944, "Undercity Sewers": 2958, "Voldaren Thrillseeker": 3109, "Cankerbloom_SB": 379, "Deep-Cavern Bat_SB": 626, "Haywire Mite_SB": 1253, "Keen-Eyed Curator_SB": 1502, "Starfall Invocation_SB": 2583, "Season of the Burrow_SB": 2375, "The Stone Brain_SB": 2792, "Stormchaser's Talent": 2617, "Koth, Fire of Resistance": 1544, "Chandra, Hope's Beacon_SB": 435, "Manifold Mouse_SB": 1701, "Might of the Meek_SB": 1747, "Trash the Town_SB": 2905, "Doorkeeper Thrull_SB": 701, "Legions to Ashes_SB": 1583, "Meeting of Minds": 1727, "Pearl of Wisdom": 1987, "Stoke the Flames": 2610, "Stormcatch Mentor": 2616, "Thundertrap Trainer": 2852, "Valley Floodcaller": 3032, "Phantom Interference_SB": 2004, "Three Steps Ahead_SB": 2834, "Jungle Hollow": 1475, "Blot Out_SB": 261, "Urgent Necropsy_SB": 3012, "Coruscation Mage": 540, "Elusive Otter": 790, "Sleight of Hand": 2484, "Slick Sequence": 2488, "Explosive Derailment_SB": 865, "Into the Flood Maw_SB": 1403, "Season of the Bold_SB": 2373, "Shore Up_SB": 2430, "Ajani, Sleeper Agent": 38, "Annex Sentry": 71, "Bilious Skulldweller": 208, "Bloated Contaminator": 237, "Charge of the Mites": 442, "Crawling Chorus": 555, "Grafted Butcher": 1172, "Razorverge Thicket": 2155, "Skrelv, Defector Mite": 2463, "Skrelv's Hive": 2461, "Slaughter Singer": 2482, "The Seedcore": 2786, "Venerated Rotpriest": 3057, "Venser, Corpse Puppet": 3064, "Agatha's Soul Cauldron_SB": 30, "Ajani, Sleeper Agent_SB": 39, "Charge of the Mites_SB": 443, "Contagious Vorrac_SB": 527, "Ertai Resurrected_SB": 831, "Necrogen Rotpriest_SB": 1841, "Phyrexian Censor_SB": 2012, "Phyrexian Missionary_SB": 2018, "Undercity Upheaval_SB": 2959, "Burrowguard Mentor": 355, "Finneas, Ace Archer": 976, "Hop to It": 1330, "Lupinflower Village": 1667, "Oakhollow Village": 1889, "Pawpatch Recruit": 1985, "Seasoned Warrenguard": 2377, "Valley Mightcaller": 3034, "Valley Questcaller": 3035, "Warren Warleader": 3148, "Dewdrop Cure_SB": 669, "Parting Gust_SB": 1980, "Royal Treatment_SB": 2276, "Sandstalker Moloch_SB": 2307, "Battle-Rage Blessing": 191, "Blazing Crescendo": 231, "Builder's Talent": 344, "Three Blind Mice": 2831, "Karn's Sylex_SB": 1490, "Realmbreaker, the Invasion Tree_SB": 2161, "Ezrim, Agency Chief": 876, "Ezrim, Agency Chief_SB": 877, "Argoth, Sanctum of Nature": 111, "Bitter Triumph": 217, "Elesh Norn, Mother of Machines": 783, "Founding the Third Path": 1022, "Outrageous Robbery": 1943, "Picklock Prankster": 2027, "Portal to Phyrexia": 2059, "Squirming Emergence": 2573, "The Cruelty of Gix": 2744, "Titania, Voice of Gaea": 2868, "Wail of the Forgotten": 3131, "Bonecache Overseer": 267, "Curious Forager": 580, "Rubblebelt Maverick": 2277, "Snarling Gorehound": 2501, "Huskburster Swarm_SB": 1353, "Pile On_SB": 2031, "Coiling Rebirth": 488, "Etali, Primal Conqueror": 841, "Push // Pull": 2093, "The Infamous Cruelclaw": 2762, "Vein Ripper": 3055, "Kaya, Spirits' Justice": 1497, "Ego Drain": 770, "Faerie Fencing": 888, "Invasion of Amonkhet": 1409, "Obyra, Dreaming Duelist": 1899, "Season of Loss": 2369, "Invasion of Amonkhet_SB": 1410, "Season of Loss_SB": 2370, "Spell Stutter_SB": 2538, "Talion's Messenger_SB": 2698, "Voldaren Thrillseeker_SB": 3110, "Back for Seconds": 161, "Bloodletter of Aclazotz": 247, "Cryptex": 566, "Diabolic Intent": 670, "Insatiable Avarice": 1386, "Molten Duplication": 1785, "Phyrexian Arena": 2009, "Phyrexian Dragon Engine": 2013, "Phyrexian Fleshgorger": 2015, "Phyrexian Obliterator": 2019, "Rush of Dread": 2290, "Hearthborn Battler_SB": 1271, "Knight of Dusk's Shadow_SB": 1530, "Magda, the Hoardmaster_SB": 1680, "Neutralize the Guards_SB": 1850, "Slice from the Shadows_SB": 2487, "Bring the Ending": 325, "Experimental Augury": 860, "Jawbone Duelist": 1458, "Serum Snare": 2398, "Tyvar's Stand": 2942, "Annex Sentry_SB": 72, "Bring the Ending_SB": 326, "Krenko's Buzzcrusher_SB": 1550, "Chart a Course": 449, "Helping Hand": 1282, "Moment of Truth": 1790, "Monastery Mentor": 1793, "Recommission": 2171, "Shore Up": 2429, "Soul Partition": 2510, "Soul Partition_SB": 2511, "Virtue of Loyalty_SB": 3089, "Terror Tide": 2734, "Gingerbrute": 1106, "Hard-Hitting Question": 1233, "Kitesail Larcenist": 1522, "Lavaspur Boots": 1570, "Lost Jitte": 1652, "Restless Vinestalk": 2225, "Surge Engine": 2655, "Teething Wurmlet": 2712, "Tough Cookie": 2890, "Hard-Hitting Question_SB": 1234, "Kitesail Larcenist_SB": 1523, "Repulsive Mutation_SB": 2200, "Tarrian's Soulcleaver_SB": 2705, "Negate": 1842, "Spellgyre": 2540, "See Double_SB": 2380, "Blacksmith's Talent": 221, "Brambleguard Captain": 301, "Cheeky House-Mouse": 451, "Flowerfoot Swordmaster": 1001, "Mabel, Heir to Cragflame": 1673, "Raging Battle Mouse": 2120, "Seedglaive Mentor": 2382, "Whiskervale Forerunner": 3167, "Callous Sell-Sword_SB": 372, "Case of the Gateway Express_SB": 397, "Dawn's Truce_SB": 599, "Rabid Gnaw_SB": 2109, "Warleader's Call_SB": 3146, "Bonny Pall, Clearcutter_SB": 273, "Loran's Escape": 1647, "Nettle Guard": 1847, "Rabid Gnaw": 2108, "Jaya, Fiery Negotiator_SB": 1460, "Loran's Escape_SB": 1648, "Deadly Cover-Up": 611, "Kaya, Intangible Slayer": 1495, "Urgent Necropsy": 3011, "Ash, Party Crasher": 122, "Case of the Uneaten Feast": 403, "Legion Extruder": 1579, "Market Gnome": 1707, "Mishra's Command": 1769, "Mondrak, Glory Dominus": 1797, "Dusk Rose Reliquary_SB": 750, "Metropolis Reformer_SB": 1741, "Ossification_SB": 1931, "Phyrexian Arena_SB": 2010, "Gnawing Vermin": 1142, "Lord Skitter's Butcher": 1649, "Rat Out": 2139, "Three Tree City": 2835, "Valley Rotcaller": 3036, "Soul Search_SB": 2513, "Fugitive Codebreaker": 1039, "Smash to Dust_SB": 2493, "Bushwhack": 358, "Misery's Shadow": 1767, "Tail Swipe": 2688, "Scorching Shot": 2343, "Wrenn's Resolve": 3209, "Caught in the Crossfire_SB": 409, "Parting Gust": 1979, "Flowstone Infusion": 1002, "Furnace Reins_SB": 1050, "Chandra, Hope's Beacon": 434, "Collector's Vault": 496, "One with the Multiverse": 1918, "Repair and Recharge": 2196, "Stern Lesson": 2598, "Blanchwood Prowler": 225, "Cruel Somnophage": 558, "Glarb, Calamity's Augur": 1120, "Hollow Marauder": 1324, "Overwhelming Remorse": 1963, "Souls of the Lost": 2521, "Urborg Lhurgoyf": 3005, "Soulless Jailer_SB": 2520, "Surge of Salvation_SB": 2658, "Bonny Pall, Clearcutter": 272, "Deadly Cover-Up_SB": 612, "Barbed Batterfist": 180, "Blast Zone": 228, "The Filigree Sylex_SB": 2756, "Magebane Lizard": 1681, "Ravine Raider": 2148, "Magebane Lizard_SB": 1682, "Archangel Elspeth_SB": 94, "Greedy Freebooter": 1186, "Mephitic Draught": 1733, "Scavenger's Talent": 2337, "Spiteful Hexmage": 2556, "Tarrian's Journal": 2704, "Annihilating Glare_SB": 76, "Demolition Field_SB": 646, "Hopeless Nightmare_SB": 1334, "Legion Extruder_SB": 1580, "The Witch's Vanity_SB": 2801, "Tithing Blade_SB": 2871, "Obstinate Baloth": 1897, "Return from the Wilds": 2228, "Warren Warleader_SB": 3149, "Hunter's Talent": 1348, "Quirion Beastcaller": 2106, "Shock_SB": 2426, "The Irencrag": 2764, "Sunspine Lynx": 2651, "Sword of Vengeance": 2679, "Agate Assault_SB": 27, "Brambleguard Captain_SB": 302, "Koth, Fire of Resistance_SB": 1545, "Ojer Axonil, Deepest Might_SB": 1905, "Scytheclaw Raptor_SB": 2359, "Axebane Ferox": 154, "Evolving Adaptive": 851, "Flourishing Bloom-Kin": 998, "Keen-Eyed Curator": 1501, "Tyvar's Stand_SB": 2943, "Tocasia's Welcome": 2875, "Bonehoard Dracosaur": 270, "Delney, Streetwise Lookout": 643, "Skrelv's Hive_SB": 2462, "Corrupted Conviction": 537, "Splash Portal": 2558, "Wick, the Whorled Mind": 3172, "Lord Skitter, Sewer King_SB": 1651, "Sorcerous Spyglass_SB": 2509, "Fake Your Own Death": 895, "Combat Courier": 504, "Diamond Pick-Axe": 671, "Gleaming Geardrake": 1128, "Unctus's Retrofitter": 2953, "Cryptic Coat_SB": 568, "High Noon": 1311, "Liberator, Urza's Battlethopter": 1600, "Silver Scrutiny": 2445, "Simulacrum Synthesizer": 2452, "The Mightstone and Weakstone": 2773, "Unstable Glyphbridge": 2987, "Urza, Lord Protector": 3019, "Final Showdown_SB": 973, "Silver Scrutiny_SB": 2446, "Spellgyre_SB": 2541, "Assassin's Trophy": 132, "Glistening Deluge": 1135, "Vraska Joins Up_SB": 3123, "Narset, Enlightened Exile": 1834, "Spring-Loaded Sawblades": 2566, "No More Lies_SB": 1868, "Werefox Bodyguard_SB": 3164, "Invasion of Tolvada": 1432, "Assassin's Trophy_SB": 133, "Atraxa, Grand Unifier_SB": 142, "Forsaken Miner": 1018, "Up the Beanstalk_SB": 3001, "Stoic Sphinx": 2608, "Training Grounds": 2894, "Savor_SB": 2322, "Pest Control_SB": 1998, "Cruelclaw's Heist": 559, "Tenth District Hero": 2729, "Unyielding Gatekeeper_SB": 2999, "Pyroclasm_SB": 2096, "Crumb and Get It": 561, "Break the Spell_SB": 316, "Eddymurk Crab": 766, "This Town Ain't Big Enough": 2807, "Long River's Pull_SB": 1639, "Case of the Crimson Pulse": 393, "Laughing Jasper Flint_SB": 1568, "Duelist of the Mind": 744, "Proft's Eidetic Memory": 2077, "Steamcore Scholar": 2591, "Invasion of Eldraine": 1413, "The Huntsman's Redemption_SB": 2761, "Blossoming Tortoise": 259, "Cenote Scout": 424, "Vaultborn Tyrant_SB": 3053, "Volcanic Spite": 3106, "Tyrranax Rex_SB": 2940, "Charming Scoundrel_SB": 446, "Goddric, Cloaked Reveler_SB": 1156, "Mirrex_SB": 1761, "Sunfire Torch": 2645, "Binding Negotiation_SB": 210, "Invasion of Gobakhan": 1416, "Caves of Koilos_SB": 419, "Felonious Rage": 955, "Vren, the Relentless_SB": 3130, "Invasion of Shandalar": 1427, "Agate-Blade Assassin": 28, "All Will Be One": 47, "Bloodfell Caves": 245, "Jagged Barrens": 1457, "Ob Nixilis, Captive Kingpin": 1891, "Tectonic Hazard": 2710, "Staggering Size_SB": 2576, "Sanguine Evangelist_SB": 2312, "Leyline of Resonance": 1593, "Thornspire Verge": 2812, "Turn Inside Out": 2924, "Brave the Wilds": 307, "Get Out": 1081, "Mountain_SB": 1814, "Overlord of the Hauntwoods": 1955, "Overlord of the Mistmoors": 1957, "Zur, Eternal Schemer": 3239, "Unidentified Hovership": 2972, "Unidentified Hovership_SB": 2973, "Nowhere to Run": 1881, "Phyrexian Missionary": 2017, "Surgical Suite && Hospital Room": 2660, "Exorcise_SB": 856, "Ghost Vacuum_SB": 1094, "Shrouded Shepherd_SB": 2436, "Enduring Innocence": 807, "Entity Tracker": 822, "Ethereal Armor": 846, "Fae Flight": 883, "Floodfarm Verge": 994, "Gremlin Tamer": 1191, "Inquisitive Glimmer": 1384, "Optimistic Scavenger": 1921, "Ossification": 1930, "Shardmage's Rescue": 2406, "Sheltered by Ghosts": 2411, "Kitnap_SB": 1524, "The End": 2749, "Archangel of Wrath_SB": 98, "Invasion of Shandalar_SB": 1428, "Rankle's Prank_SB": 2138, "Valgavoth, Terror Eater_SB": 3028, "Blazemire Verge": 230, "Brass's Tunnel-Grinder": 305, "Fear of Missing Out": 927, "Lich-Knights' Conquest": 1601, "Overlord of the Balemurk": 1949, "Overlord of the Boilerbilges": 1951, "Enduring Courage_SB": 804, "Nowhere to Run_SB": 1882, "Rottenmouth Viper_SB": 2272, "Hushwood Verge": 1351, "Overlord of the Floodpits": 1953, "Artist's Talent": 120, "Pyroclasm": 2095, "Roaring Furnace && Steaming Sauna": 2254, "Fires of Victory_SB": 980, "Abhorrent Oculus": 1, "Restless Ridgeline_SB": 2221, "Splitskin Doll": 2562, "Shardmage's Rescue_SB": 2407, "Archfiend of the Dross_SB": 102, "Breach the Multiverse": 311, "Conspiracy Unraveler": 523, "Gloomlake Verge": 1138, "Reenact the Crime": 2178, "The Tale of Tamiyo": 2796, "Vohar, Vodalian Desecrator": 3103, "Geological Appraiser": 1075, "Molten Collapse": 1783, "Undead Sprinter": 2955, "Screaming Nemesis_SB": 2354, "Harried Spearguard": 1238, "Painter's Studio && Defaced Gallery": 1970, "Phoenix Chick": 2007, "Felonious Rage_SB": 956, "Ferocification_SB": 958, "Wrenn's Resolve_SB": 3210, "Cursed Recording": 581, "The Everflowing Well": 2754, "Demonic Counsel": 647, "Unstoppable Slasher": 2990, "Fountainport_SB": 1027, "Dreadmaw's Ire_SB": 728, "Enduring Curiosity": 805, "Chainsaw": 430, "Split Up_SB": 2561, "The Wandering Rescuer": 2798, "Cease // Desist_SB": 421, "Picnic Ruiner": 2028, "Witch's Mark": 3191, "Twisted Fealty_SB": 2933, "Emberheart Challenger_SB": 798, "Enduring Innocence_SB": 808, "Overlord of the Mistmoors_SB": 1958, "Errant and Giada": 828, "Floodpits Drowner": 995, "Sheltered by Ghosts_SB": 2412, "Aven Interrupter": 151, "Jadelight Spelunker": 1456, "Merfolk Cave-Diver": 1734, "Mistbreath Elder": 1773, "Nicanzil, Current Conductor": 1855, "Vodalian Hexcatcher": 3101, "Deeproot Pilgrimage_SB": 629, "Sword of Once and Future_SB": 2678, "Unable to Scream_SB": 2949, "Leyline of the Void_SB": 1599, "Skullcap Snail_SB": 2468, "Unscrupulous Agent_SB": 2983, "Roaring Furnace // Steaming Sauna_SB": 2257, "Zimone, All-Questioning": 3229, "Monastery Mentor_SB": 1794, "Roaring Furnace // Steaming Sauna": 2256, "Don't Make a Sound": 698, "Kaito, Bane of Nightmares": 1478, "Fear of Impostors": 920, "Ghostly Dancers": 1095, "Mirror Room // Fractured Realm": 1763, "Silent Hallcreeper": 2442, "Virtue of Knowledge": 3086, "Beastie Beatdown": 197, "Betrayer's Bargain": 204, "Growing Dread": 1200, "Patchwork Beastie": 1982, "Scrapwork Mutt": 2349, "Wildfire Wickerfolk": 3177, "Atraxa's Fall_SB": 140, "Choking Miasma": 456, "Calix, Guided by Fate": 368, "Combat Research": 505, "Elvish Archivist": 793, "Toby, Beastie Befriender": 2873, "Enduring Vitality": 811, "Scalding Viper": 2330, "Scorching Dragonfire": 2341, "Stormsplitter": 2620, "Hide in Plain Sight_SB": 1306, "Scorching Dragonfire_SB": 2342, "Virtue of Strength_SB": 3093, "Dissection Tools_SB": 681, "Ephara's Dispersal": 824, "Unwanted Remake_SB": 2997, "Change the Equation": 440, "Invasion of Arcavios": 1411, "Altanak, the Thrice-Called": 49, "Say Its Name": 2326, "Screaming Nemesis": 2353, "The Rollercrusher Ride": 2784, "Balustrade Wurm_SB": 171, "Collector's Cage": 494, "Vengeful Possession_SB": 3061, "Exorcise": 855, "Case of the Stashed Skeleton": 401, "Conduit Pylons": 515, "Corpses of the Lost": 534, "Darkstar Augur": 594, "Scorn-Blade Berserker": 2345, "Withering Torment_SB": 3197, "Split Up": 2560, "Nettle Guard_SB": 1848, "Zoraline, Cosmos Caller_SB": 3236, "Restless Prairie": 2217, "Scrollshift": 2355, "Painter's Studio // Defaced Gallery": 1972, "Hearth Elemental_SB": 1269, "Render Inert": 2193, "Starfall Invocation": 2582, "Urza's Sylex_SB": 3018, "Essence Channeler": 836, "Lunar Convocation": 1664, "Ruin-Lurker Bat": 2280, "Serra Paragon": 2396, "Bladehold War-Whip": 224, "Jor Kadeen, First Goldwarden": 1470, "Kellan, the Fae-Blooded": 1511, "Rebel Salvo": 2163, "Untimely Malfunction_SB": 2995, "Seized from Slumber": 2388, "Ruthless Negotiation": 2296, "Phyrexian Obliterator_SB": 2020, "Lightning Strike_SB": 1610, "Rest in Peace": 2208, "Unwanted Remake": 2996, "Balustrade Wurm": 170, "Fear of Being Hunted": 916, "Charred Foyer // Warped Space_SB": 448, "Conduit of Worlds_SB": 517, "Beseech the Mirror": 202, "Rite of the Moth": 2244, "Valgavoth, Terror Eater": 3027, "Phyrexian Fleshgorger_SB": 2016, "Cease // Desist": 420, "Ill-Timed Explosion_SB": 1360, "Song of Totentanz": 2506, "Stormkeld Vanguard_SB": 2619, "Deadly Riposte_SB": 614, "Torch the Witness": 2886, "Rona's Vortex": 2267, "Surgical Suite // Hospital Room": 2662, "Valgavoth's Faithful": 3023, "Rona's Vortex_SB": 2268, "Matzalantli, the Great Door": 1717, "Osseous Sticktwister": 1928, "Razorlash Transmogrant_SB": 2153, "Agrus Kos, Spirit of Justice": 33, "Annie Joins Up": 74, "Baylen, the Haymaker": 194, "Hugs, Grisly Guardian": 1344, "Kellan, Daring Traveler": 1506, "Pia Nalaar, Consul of Revival": 2024, "Rocco, Street Chef": 2259, "Defabricate_SB": 632, "Grand Abolisher_SB": 1174, "Braided Net": 296, "Clay-Fired Bricks": 477, "Farsight Ritual": 906, "Feather of Flight": 934, "Invasion of Theros": 1431, "Spellbook Vendor": 2539, "Toadstool Admirer": 2872, "Expel the Interlopers_SB": 859, "Flowstone Infusion_SB": 1003, "Giant Growth_SB": 1102, "Enduring Tenacity": 809, "Gumdrop Poisoner": 1212, "Vinereap Mentor": 3079, "Come Back Wrong_SB": 508, "Minor Misstep_SB": 1755, "Crystal Grotto": 573, "Invasion of Segovia": 1426, "Protect the Negotiators": 2085, "Caretaker's Talent_SB": 387, "Razorkin Needlehead_SB": 2151, "Witch's Mark_SB": 3192, "Danitha, Benalia's Hope_SB": 591, "Contested Game Ball_SB": 529, "Leyline of Hope": 1591, "Starscape Cleric": 2584, "Withering Torment": 3196, "Kellan, Inquisitive Prodigy_SB": 1508, "Campus Renovation": 373, "Cityscape Leveler": 468, "Combat Thresher": 506, "Emerge from the Cocoon": 799, "Fear of Abduction": 915, "Galvanize": 1057, "Raucous Carnival": 2144, "Su-Chi Cave Guard": 2630, "Wind-Scarred Crag": 3182, "Boulderbranch Golem_SB": 292, "Outlaw Medic_SB": 1940, "Scrollshift_SB": 2356, "Beanstalk Wurm": 196, "Blossoming Sands": 258, "Etched Cornfield": 844, "Getaway Glamer": 1083, "Hauntwoods Shrieker": 1251, "Manifest Dread": 1699, "Riftburst Hellion": 2234, "Rust Goliath": 2292, "Salvation Swan": 2305, "Threats Around Every Corner": 2830, "Valgavoth's Onslaught": 3025, "Monstrous Emergence_SB": 1800, "Neglected Manor": 1844, "Skullcap Snail": 2467, "Stockpiling Celebrant": 2606, "Found Footage_SB": 1021, "Griffnaut Tracker_SB": 1196, "Dwarven Forge-Chanter": 753, "Urabrask": 3002, "Whirling Strike_SB": 3165, "Abraded Bluffs": 5, "Alania's Pathmaker": 44, "Banishing Light": 175, "Nahiri's Resolve": 1830, "Tinker's Tote": 2857, "Recommission_SB": 2172, "Volcanic Spite_SB": 3107, "Assimilation Aegis": 134, "Unstable Glyphbridge_SB": 2988, "Calamity's Wake_SB": 366, "Clockwork Percussionist": 482, "Disturbing Mirth": 687, "Final Vengeance": 974, "Dusk Rose Reliquary": 749, "Monstrous Emergence": 1799, "Ephara's Dispersal_SB": 825, "Get Out_SB": 1082, "Teferi, Temporal Pilgrim_SB": 2714, "The Wandering Rescuer_SB": 2799, "Overgrown Zealot": 1948, "Kaito, Bane of Nightmares_SB": 1479, "Corrupt": 536, "Hidden Necropolis": 1302, "The Dross Pits": 2746, "Unscrupulous Agent": 2982, "Candy Grapple_SB": 376, "Dismal Backwater": 678, "Distorted Curiosity": 682, "Drown in Ichor": 738, "Infectious Inquiry": 1375, "Murky Sewer": 1825, "Prologue to Phyresis": 2081, "Reject Imperfection": 2187, "Vraska's Fall": 3124, "Infectious Inquiry_SB": 1376, "Pestilent Syphoner_SB": 2000, "Vivisurgeon's Insight_SB": 3100, "Fade from History_SB": 882, "Make Your Own Luck": 1689, "Niv-Mizzet, Supreme": 1866, "Make Your Own Luck_SB": 1690, "Virtue of Courage": 3084, "Push // Pull_SB": 2094, "Alabaster Host Intercessor": 43, "Fanatic of the Harrowing": 900, "Haunted Mire": 1248, "Nurturing Bristleback": 1884, "Radiant Grove": 2111, "Shroudstomper": 2437, "Spectral Snatcher": 2533, "Sunlit Marsh": 2648, "Fanatic of the Harrowing_SB": 901, "Urborg Repossession_SB": 3007, "Winter's Intervention_SB": 3186, "Break Out": 314, "Ghalta, Stampede Tyrant": 1088, "Drag to the Bottom_SB": 714, "Drown in Ichor_SB": 739, "Reject Imperfection_SB": 2188, "Serum Snare_SB": 2399, "Venser, Corpse Puppet_SB": 3065, "Vraska, Betrayal's Sting_SB": 3127, "Whisper of the Dross_SB": 3169, "Abandoned Campground": 0, "Fear of Isolation": 924, "Grand Entryway // Elegant Rotunda": 1176, "Hopeful Vigil": 1332, "Meat Locker // Drowned Diner": 1723, "The Princess Takes Flight": 2780, "Tranquil Cove": 2896, "Underwater Tunnel // Slimy Aquarium": 2963, "Deathcap Marionette": 617, "Desperate Bloodseeker": 659, "Gloomfang Mauler": 1137, "Possessed Goat": 2062, "Vile Mutilator": 3078, "Extract a Confession_SB": 872, "Make Your Move_SB": 1688, "Blood Hustler": 240, "Desert's Due": 658, "Eroded Canyon": 827, "Gisa, the Hellraiser": 1107, "Intimidation Campaign": 1398, "Lazav, Familiar Stranger": 1574, "Magda, the Hoardmaster": 1679, "Raven of Fell Omens": 2147, "Seize the Secrets": 2386, "Soured Springs": 2524, "Ghost Vacuum": 1093, "Meathook Massacre II": 1724, "Zur, Eternal Schemer_SB": 3240, "Grievous Wound": 1194, "Razorkin Needlehead": 2150, "Vial Smasher, Gleeful Grenadier": 3073, "Unholy Annex && Ritual Chamber": 2968, "Unholy Annex && Ritual Chamber_SB": 2969, "Preacher of the Schism_SB": 2067, "Zephyr Singer": 3224, "Nashi, Searcher in the Dark": 1837, "Betrayer's Bargain_SB": 205, "Seedglaive Mentor_SB": 2383, "Valgavoth's Lair": 3024, "Idyllic Beachfront": 1358, "Undead Sprinter_SB": 2956, "Ojer Kaslem, Deepest Growth": 1906, "Restless Cottage_SB": 2215, "Otterball Antics": 1934, "Ral, Crackling Wit_SB": 2132, "Overlord of the Balemurk_SB": 1950, "Fortified Beachhead": 1019, "Harbin, Vanguard Aviator": 1228, "Recruitment Officer": 2173, "Werefox Bodyguard": 3163, "Zephyr Sentinel": 3223, "Fell_SB": 953, "Omnivorous Flytrap": 1916, "Stubborn Burrowfiend": 2628, "Trial of Agony_SB": 2911, "Doomsday Excruciator": 699, "Drag the Canal": 711, "Essence Scatter": 838, "Sazacap's Brew": 2328, "Defiled Crypt // Cadaver Lab": 639, "Popular Egotist": 2056, "Ego Drain_SB": 771, "Jaya, Fiery Negotiator": 1459, "Squee, Dubious Monarch_SB": 2572, "Stoic Sphinx_SB": 2609, "Blot Out": 260, "Drag to the Bottom": 713, "Soul of Windgrace": 2514, "Season of Gathering_SB": 2368, "Unholy Annex // Ritual Chamber": 2970, "Impulse": 1369, "The Huntsman's Redemption": 2760, "Armored Scrapgorger": 118, "Green Sun's Twilight": 1187, "Llanowar Loamspeaker": 1630, "Bite Down_SB": 214, "Unstoppable Slasher_SB": 2991, "Overprotect": 1959, "Valgavoth's Onslaught_SB": 3026, "Embereth Veteran": 796, "Drannith Ruins_SB": 726, "Live or Die": 1623, "No One Left Behind": 1869, "Not Dead After All": 1876, "Oblivious Bookworm": 1895, "Satoru, the Infiltrator": 2318, "The Swarmweaver_SB": 2795, "Enduring Courage": 803, "Rakdos Joins Up": 2125, "The Elder Dragon War": 2747, "Khenra Spellspear": 1517, "Blue Sun's Twilight_SB": 262, "Third Path Iconoclast_SB": 2805, "Helga, Skittish Seer": 1275, "Phyrexian Dragon Engine_SB": 2014, "Elas il-Kor, Sadistic Pilgrim": 774, "Hajar, Loyal Bodyguard": 1215, "Rakdos, the Muscle": 2128, "Ratadrabik of Urborg": 2141, "The Jolly Balloon Man": 2765, "Boon-Bringer Valkyrie": 277, "Rockface Village_SB": 2261, "Elesh Norn_SB": 785, "Fomori Vault": 1006, "Skitterbeam Battalion": 2460, "Thran Spider": 2825, "Assimilation Aegis_SB": 135, "Vraan, Executioner Thane": 3121, "Goldvein Hydra_SB": 1160, "Valley Floodcaller_SB": 3033, "Azure Beastbinder_SB": 160, "Flow of Knowledge": 999, "Abhorrent Oculus_SB": 2, "Unauthorized Exit_SB": 2951, "Gix, Yawgmoth Praetor_SB": 1116, "Geological Appraiser_SB": 1076, "Nemata, Primeval Warden": 1845, "Djeru and Hazoret": 694, "Dragonhawk, Fate's Tempest": 718, "Huatli, Poet of Unity": 1343, "Dollmaker's Shop // Porcelain Gallery_SB": 697, "Commune with Evil": 511, "Hammerhand_SB": 1226, "Akawalli, the Seething Tower": 42, "Bringer of the Last Gift": 327, "Maha, Its Feathers Night": 1686, "Strangled Cemetery": 2621, "Terramorphic Expanse": 2732, "Uurg, Spawn of Turg": 3020, "Voracious Varmint": 3115, "Wary Watchdog": 3151, "Murder_SB": 1823, "Armored Armadillo": 115, "Draconic Destiny": 710, "Etali's Favor": 840, "Slumbering Keepguard": 2492, "Take Up the Shield_SB": 2693, "Broodspinner": 336, "Huskburster Swarm": 1352, "Writhing Necromass": 3211, "Desperate Bloodseeker_SB": 660, "Echo of Dusk_SB": 764, "Voracious Varmint_SB": 3116, "Creosote Heath": 557, "Crystal Carapace": 572, "Petrify_SB": 2002, "Conceited Witch": 514, "Fear of Infinity": 922, "Glimmerlight": 1131, "Forlorn Flats": 1017, "Hero of the Dunes": 1291, "Phyrexian Rager": 2021, "Overwhelming Remorse_SB": 1964, "Vanish into Eternity_SB": 3048, "Gixian Infiltrator": 1117, "Sawblade Skinripper": 2324, "Not Dead After All_SB": 1877, "Unseal the Necropolis_SB": 2984, "Ichor Drinker": 1355, "Izoni, Center of the Web": 1449, "Ozolith, the Shattered Spire": 1966, "Twitching Doll": 2934, "Urborg Repossession": 3006, "Enduring Curiosity_SB": 806, "Third Path Iconoclast": 2804, "Artist's Talent_SB": 121, "Kellan, Inquisitive Prodigy": 1507, "Anzrag's Rampage_SB": 83, "Terisian Mindbreaker": 2731, "The Mindskinner": 2776, "Eliminate the Impossible_SB": 786, "Archdruid's Charm": 99, "Pawpatch Recruit_SB": 1986, "Highway Robbery": 1315, "Treasure Map": 2907, "Jodah, the Unifier": 1465, "Melira, the Living Cure": 1728, "Sigarda, Font of Blessings": 2440, "Drana and Linvala_SB": 723, "Kellan, the Kid_SB": 1513, "Kutzil, Malamet Exemplar_SB": 1558, "Myrel, Shield of Argive_SB": 1828, "Skrelv, Defector Mite_SB": 2464, "Tinybones Joins Up_SB": 2859, "Gishath, Sun's Avatar": 1109, "Aspirant's Ascent": 130, "Enter the Enigma": 820, "Ivy, Gleeful Spellthief": 1446, "Take the Fall": 2695, "Ivy, Gleeful Spellthief_SB": 1447, "Ojer Axonil, Deepest Might": 1904, "Kogla and Yidaro_SB": 1537, "Fae Flight_SB": 884, "Silent Hallcreeper_SB": 2443, "Stenn, Paranoid Partisan": 2596, "Gremlin Tamer_SB": 1192, "Unholy Annex // Ritual Chamber_SB": 2971, "Amalia Benavides Aguirre": 50, "Thousand Moons Smithy": 2821, "Worldwalker Helm": 3203, "Spring-Loaded Sawblades_SB": 2567, "Quick Study": 2103, "Awaken the Woods": 153, "Pick Your Poison": 2025, "Aftermath Analyst_SB": 26, "Training Grounds_SB": 2895, "Regal Bunnicorn_SB": 2182, "Corpses of the Lost_SB": 535, "Bandit's Haul": 172, "Conduit of Worlds": 516, "Faunsbane Troll": 912, "The Goose Mother": 2758, "Anointed Peacekeeper": 80, "Archangel of Tithes": 95, "Guardian of New Benalia": 1207, "Veteran Survivor": 3070, "Slickshot Show-Off_SB": 2490, "Darkstar Augur_SB": 595, "Commercial District_SB": 510, "Arabella, Abandoned Doll": 84, "Sword of Forge and Frontier_SB": 2676, "Sword of Forge and Frontier": 2675, "Sword of Once and Future": 2677, "Fleeting Reflection": 990, "Reasonable Doubt": 2162, "Seal from Existence": 2361, "Not on My Watch": 1878, "Render Inert_SB": 2194, "Dollmaker's Shop && Porcelain Gallery": 695, "Overlord of the Floodpits_SB": 1954, "Lavaspur Boots_SB": 1571, "Arabella, Abandoned Doll_SB": 85, "Restless Anchorage_SB": 2211, "Overlord of the Boilerbilges_SB": 1952, "Island_SB": 1444, "Invasion of Innistrad": 1418, "Fugitive Codebreaker_SB": 1040, "Misery's Shadow_SB": 1768, "Lukka, Bound to Ruin": 1657, "Migloz, Maze Crusher": 1748, "Walk-In Closet && Forgotten Cellar": 3134, "Osseous Sticktwister_SB": 1929, "Unable to Scream": 2948, "Piggy Bank": 2029, "Rankle's Prank": 2137, "Sunken Citadel_SB": 2647, "Farsight Ritual_SB": 907, "Bladecoil Serpent_SB": 223, "Starscape Cleric_SB": 2585, "Curate": 578, "Proft's Eidetic Memory_SB": 2078, "Confounding Riddle": 518, "The Enigma Jewel": 2751, "The Swarmweaver": 2794, "Insatiable Avarice_SB": 1387, "Sheoldred": 2413, "Virtue of Knowledge_SB": 3087, "Ruthless Negotiation_SB": 2297, "Coati Scavenger": 486, "Drag to the Roots": 715, "Trapped in the Screen": 2902, "Arcane Proxy": 90, "Astor, Bearer of Blades": 136, "Dissection Tools": 680, "Baird, Argivian Recruiter": 164, "Dollmaker's Shop // Porcelain Gallery": 696, "Chrome Prowler": 460, "Hidden Cataract": 1299, "Hidden Courtyard": 1300, "Out Cold": 1935, "Lost in the Maze_SB": 1655, "Spark Rupture_SB": 2527, "The Skullspore Nexus": 2787, "Glass Casket": 1122, "Repel Calamity": 2197, "Walk-In Closet && Forgotten Cellar_SB": 3135, "Tarnation Vista": 2703, "Sandstorm Verge": 2310, "Pest Control": 1997, "Pillage the Bog_SB": 2035, "Cankerbloom": 378, "Violent Urge": 3081, "Argentum Masticore_SB": 110, "Archdruid's Charm_SB": 100, "Ghostly Dancers_SB": 1096, "Micromancer": 1742, "Clement, the Worrywort": 479, "Dour Port-Mage": 706, "Dreamdew Entrancer": 730, "Long River Lurker": 1637, "Pond Prophet": 2055, "Sunshower Druid": 2649, "Three Tree Scribe": 2837, "Invasion of Ixalan": 1419, "Bristlebud Farmer_SB": 329, "Drannith Ruins": 725, "Coppercoat Vanguard": 531, "Valiant Veteran": 3029, "Syr Ginger, the Meal Ender": 2685, "Sharp-Eyed Rookie": 2408, "Treeguard Duo_SB": 2909, "Fauna Shaman": 910, "Haywire Mite": 1252, "Likeness Looter": 1612, "Nashi, Moon's Legacy": 1836, "Festering Gulch": 959, "Fake Your Own Death_SB": 896, "Forest_SB": 1014, "Heaped Harvest_SB": 1262, "Swamp_SB": 2668, "Breeches, Eager Pillager": 317, "Captain Storm, Cosmium Raider": 383, "Goblin Tomb Raider": 1154, "Malcolm, the Eyes": 1695, "Reckless Lackey": 2166, "Roaming Throne": 2252, "Staunch Crewmate": 2589, "Roaming Throne_SB": 2253, "Demand Answers": 644, "Take Up the Shield": 2692, "Jirina, Dauntless General_SB": 1464, "Slime Against Humanity": 2491, "Explosive Derailment": 864, "Fell": 952, "Great Train Heist": 1182, "Return the Favor": 2229, "Chainsaw_SB": 431, "Turn Inside Out_SB": 2925, "Chupacabra Echo": 461, "Hollow Scavenger": 1326, "Hedge Shredder": 1273, "Grievous Wound_SB": 1195, "Cathartic Parting_SB": 408, "Impulse_SB": 1370, "Lich-Knights' Conquest_SB": 1602, "Overlord of the Hauntwoods_SB": 1956, "Bovine Intervention_SB": 295, "Scatter Ray": 2335, "Ashiok, Wicked Manipulator_SB": 126, "Ghired, Mirror of the Wilds": 1089, "Cult Conscript": 574, "Roaring Furnace && Steaming Sauna_SB": 2255, "Hidetsugu and Kairi": 1308, "Under the Skin": 2957, "Elusive Otter_SB": 791, "Unyielding Gatekeeper": 2998, "Restricted Office && Lecture Hall_SB": 2226, "Season of Weaving_SB": 2372, "Cunning Coyote": 576, "Thraxodemon": 2828, "Fear of Lost Teeth": 926, "Invasion of Azgol": 1412, "Tinybones, the Pickpocket_SB": 2862, "Marvin, Murderous Mimic": 1712, "Decadent Dragon": 621, "Rakdos, Patron of Chaos": 2127, "The Infamous Cruelclaw_SB": 2763, "Pollen-Shield Hare": 2050, "Ashiok, Wicked Manipulator": 125, "Final Showdown": 972, "Kutzil's Flanker": 1555, "Ingenious Prodigy": 1380, "Plumecreed Escort_SB": 2047, "Aloe Alchemist": 48, "Yavimaya Iconoclast": 3215, "Bloodletter of Aclazotz_SB": 248, "Braids, Arisen Nightmare_SB": 299, "Torch the Witness_SB": 2887, "Pugnacious Hammerskull_SB": 2091, "Glarb, Calamity's Augur_SB": 1121, "Kambal, Profiteering Mayor_SB": 1486, "Warden of the Inner Sky_SB": 3141, "Painter's Studio && Defaced Gallery_SB": 1971, "Planar Disruption_SB": 2043, "Overprotect_SB": 1960, "Portent of Calamity": 2061, "Floodpits Drowner_SB": 996, "Lukka, Bound to Ruin_SB": 1658, "Roxanne, Starfall Savant_SB": 2274, "Black Sun's Twilight": 219, "Iridescent Vinelasher_SB": 1440, "Great Train Heist_SB": 1183, "Bristling Backwoods": 330, "Rugged Highlands": 2279, "Razortrap Gorge": 2154, "Herbology Instructor_SB": 1288, "Hidden Grotto": 1301, "Heroic Reinforcements": 1295, "Maelstrom Pulse": 1677, "Scavenging Ooze": 2338, "Vivien Reid": 3097, "Liliana, Dreadhorde General_SB": 1616, "Maelstrom Pulse_SB": 1678, "Back for Seconds_SB": 162, "Case of the Stashed Skeleton_SB": 402, "Homicide Investigator_SB": 1328, "Burst Lightning": 356, "Boros Charm": 280, "Llanowar Elves": 1627, "Abyssal Harvester": 9, "Soulstone Sanctuary": 2522, "Scavenging Ooze_SB": 2339, "Vivien Reid_SB": 3098, "Basilisk Collar_SB": 188, "Day of Judgment": 601, "Authority of the Consuls_SB": 149, "Devout Decree_SB": 667, "Flashfreeze_SB": 987, "Evangel of Synthesis": 849, "Zombify": 3233, "Desecration Demon_SB": 657, "Wail of the Forgotten_SB": 3132, "Sun-Blessed Healer": 2637, "Temple of Triumph": 2725, "Campus Renovation_SB": 374, "Boltwave": 265, "Splitskin Doll_SB": 2563, "Heartflame Duelist_SB": 1267, "Slagstorm_SB": 2481, "Mazemind Tome": 1721, "Crystal Barricade_SB": 571, "Bloodthirsty Conqueror_SB": 252, "Kellan, Planar Trailblazer": 1509, "Opt": 1919, "Kaito, Cunning Infiltrator_SB": 1481, "Feed the Swarm_SB": 943, "Spinner of Souls": 2552, "Pitiless Carnage_SB": 2038, "Kiora, the Rising Tide": 1520, "Ghitu Lavarunner": 1091, "Thrill of Possibility": 2840, "Elenda, Saint of Dusk": 780, "Garna, Bloodfist of Keld": 1060, "Kellan, the Kid": 1512, "Secluded Courtyard": 2379, "Faebloom Trick": 885, "Authority of the Consuls": 148, "Exemplar of Light": 853, "Fiendish Panda": 964, "Hinterland Sanctifier": 1317, "Elenda, Saint of Dusk_SB": 781, "Felidar Retreat": 949, "Herald of Eternal Dawn": 1283, "Loot, Exuberant Explorer": 1641, "Mossborn Hydra": 1809, "Spectral Sailor": 2532, "Unsummon": 2992, "Giant Cindermaw_SB": 1100, "Bloodthirsty Conqueror": 251, "Heartflame Duelist": 1266, "Viashino Pyromancer": 3074, "Ball Lightning": 167, "Bloodfeather Phoenix": 243, "Grab the Prize": 1168, "Lyra Dawnbringer_SB": 1671, "Virtue of Courage_SB": 3085, "Brineborn Cutthroat_SB": 324, "Ertai's Scorn_SB": 833, "Flow of Knowledge_SB": 1000, "Haughty Djinn_SB": 1245, "Urza's Rebuff_SB": 3015, "Abyssal Harvester_SB": 10, "Painter's Studio // Defaced Gallery_SB": 1973, "Hero's Downfall": 1292, "Liliana, Dreadhorde General": 1615, "Temple of Malady": 2720, "Temple of Plenty": 2723, "Temple of Silence": 2724, "Mortify_SB": 1808, "Kaito, Cunning Infiltrator": 1480, "Sphinx of Forgotten Lore": 2544, "Aetherize_SB": 23, "Feldon's Cane_SB": 945, "Demonic Pact": 651, "Harmless Offering": 1237, "Ethereal Armor_SB": 847, "Cathar Commando": 406, "Knight of Grace": 1531, "Ajani, Caller of the Pride_SB": 36, "Reclamation Sage_SB": 2170, "Dead Weight": 606, "Gixian Puppeteer": 1119, "Revenge of the Rats": 2230, "Terror Ballista": 2733, "The Ancient One": 2742, "Zurgo and Ojutai": 3241, "Llanowar Greenwidow": 1629, "An Offer You Can't Refuse_SB": 56, "Trapped in the Screen_SB": 2903, "Subterranean Schooner_SB": 2632, "Worldsoul's Rage": 3202, "Hero's Downfall_SB": 1293, "Refute": 2179, "Curator of Destinies_SB": 579, "Day of Judgment_SB": 602, "Ashroot Animist": 129, "Polukranos Reborn": 2053, "Ruby, Daring Tracker": 2278, "Muerra, Trash Tactician_SB": 1819, "Boros Charm_SB": 281, "High Stride": 1313, "Infectious Bite": 1374, "Aspirant's Ascent_SB": 131, "Distorted Curiosity_SB": 683, "Enter the Enigma_SB": 821, "Fleeting Reflection_SB": 991, "High Stride_SB": 1314, "Prologue to Phyresis_SB": 2082, "This Town Ain't Big Enough_SB": 2808, "Jirina, Dauntless General": 1463, "Deathmark_SB": 618, "Joust Through_SB": 1472, "Knight of Grace_SB": 1532, "Raise the Past_SB": 2123, "Arcanis the Omnipotent_SB": 92, "Feed the Cycle_SB": 940, "Insidious Fungus_SB": 1389, "Stab_SB": 2575, "Dazzling Denial": 604, "Empyrean Eagle": 800, "Healer's Hawk": 1260, "Blooming Blast": 255, "Firebrand Archer": 977, "Greed's Gambit": 1184, "Molten Collapse_SB": 1784, "Sire of Seven Deaths_SB": 2455, "Temple of Deceit": 2717, "Sentinel of the Nameless City_SB": 2394, "Doubling Season": 704, "Cathar Commando_SB": 407, "Elegant Parlor_SB": 779, "Thrun, Breaker of Silence": 2845, "Buried in the Garden": 349, "Fecund Greenshell": 936, "Genesis Wave": 1074, "Invasion of Zendikar": 1434, "Urborg Scavengers_SB": 3009, "Ajani's Pridemate": 34, "Arahbo, the First Fang": 87, "Joust Through": 1471, "Prideful Parent": 2069, "Regal Caracal": 2183, "Savannah Lions": 2320, "Skyknight Squire": 2475, "Banishing Light_SB": 176, "Claws Out_SB": 476, "Audacity_SB": 144, "Brineborn Cutthroat": 323, "Desecration Demon": 656, "Cynical Loner": 587, "Driver of the Dead": 736, "Gatekeeper of Malakir": 1070, "Infestation Sage": 1377, "Kalastria Highborn": 1484, "Nullpriest of Oblivion": 1883, "Pulse Tracker": 2092, "Vampire Nighthawk": 3043, "Vengeful Bloodwitch": 3059, "Undergrowth Recon": 2962, "Walk-In Closet // Forgotten Cellar": 3136, "An Offer You Can't Refuse": 55, "Carnelian Orb of Dragonkind": 388, "Invasion of Tarkir": 1429, "Sarkhan, Soul Aflame": 2317, "Slagstorm": 2480, "Stingerback Terror": 2601, "Twinflame Tyrant": 2929, "Omniscience": 1915, "Drag to the Roots_SB": 716, "Invasion of Regatha": 1424, "Luminous Rebuke": 1661, "Witness Protection_SB": 3199, "Primal Might": 2070, "Arcanis the Omnipotent": 91, "Moment of Craving_SB": 1788, "Tinybones, Bauble Burglar": 2860, "Sphinx of Forgotten Lore_SB": 2545, "Ashnod's Intervention": 128, "Bloodfeather Phoenix_SB": 244, "Koma, World-Eater": 1541, "Fear of Impostors_SB": 921, "Giada, Font of Hope": 1097, "Lyra Dawnbringer": 1670, "Resplendent Angel": 2205, "Youthful Valkyrie": 3220, "Witness Protection": 3198, "Fabrication Foundry": 881, "Fumigate": 1042, "Hammerhand": 1225, "Sawblade Scamp": 2323, "Citanul Stalwart": 467, "Dwynen's Elite": 755, "Elvish Archdruid": 792, "Imperious Perfect": 1366, "Leaf-Crowned Visionary": 1576, "Surrak and Goreclaw": 2664, "Tyvar the Bellicose": 2941, "Tyvar, the Pummeler": 2945, "Dwynen, Gilt-Leaf Daen_SB": 757, "Deeproot Wayfinder": 630, "Unsummon_SB": 2993, "Sire of Seven Deaths": 2454, "Surrak, the Hunt Caller": 2666, "Wildborn Preserver_SB": 3175, "Searslicer Goblin": 2365, "Stromkirk Noble": 2627, "Reclamation Sage": 2169, "Case of the Locked Hothouse_SB": 399, "Bulk Up": 346, "Chandra, Flameshaper": 432, "Swiftblade Vindicator": 2670, "Archmage of Runes": 103, "Ertai's Scorn": 832, "Metamorphic Blast": 1736, "Unauthorized Exit": 2950, "Harrier Strix_SB": 1240, "Strix Lookout_SB": 2624, "The Tale of Tamiyo_SB": 2797, "Twist Reality_SB": 2931, "Leyline Axe": 1588, "Sporogenic Infection": 2564, "Commune with Evil_SB": 512, "Fear of Missing Out_SB": 928, "Helpful Hunter": 1281, "Knight of Dawn's Light": 1527, "Raise the Past": 2122, "Enduring Tenacity_SB": 810, "Leyline of Hope_SB": 1592, "Coppercoat Vanguard_SB": 532, "Garna, Bloodfist of Keld_SB": 1061, "Burst Lightning_SB": 357, "Massacre Wurm_SB": 1716, "The Autonomous Furnace": 2743, "Vampire Nighthawk_SB": 3044, "Runic Shot_SB": 2288, "Razorlash Transmogrant": 2152, "Hearthborn Battler": 1270, "Invasion of Tarkir_SB": 1430, "Candy Trail": 377, "Marauding Blight-Priest": 1703, "Moment of Craving": 1787, "Murder": 1822, "Savor": 2321, "Servant of the Stinger": 2400, "Sanguine Indulgence_SB": 2313, "Soul-Shackled Zombie_SB": 2518, "Contaminated Aquifer": 528, "Marauding Brinefang": 1704, "Soul-Guide Lantern": 2515, "Union of the Third Path": 2974, "Vanish into Eternity": 3047, "Dewdrop Cure": 668, "Elesh Norn": 782, "Goblin Surprise": 1153, "Irreverent Gremlin": 1442, "Krenko, Mob Boss": 1551, "Norin, Swift Survivalist": 1873, "Vicious Clown": 3076, "Involuntary Employment_SB": 1438, "Outlaws' Fury": 1941, "Bake into a Pie_SB": 165, "Hazardous Blast_SB": 1254, "Azorius Guildgate": 158, "Boros Guildgate": 282, "Circuitous Route": 466, "Dimir Guildgate": 672, "Eaten Alive": 761, "Expedition Map": 857, "Golgari Guildgate": 1162, "Gruul Guildgate": 1203, "Insidious Fungus": 1388, "Izzet Guildgate": 1451, "Maze's End": 1719, "Muldrotha, the Gravetide": 1820, "Orzhov Guildgate": 1927, "Rakdos Guildgate": 2124, "Selesnya Guildgate": 2390, "Simic Guildgate": 2451, "Tatyova, Benthic Druid": 2706, "Brightblade Stoat_SB": 320, "Thornwood Falls": 2814, "Bartolom\u00e9 del Presidio": 184, "Midnight Reaper": 1745, "Nezumi Linkbreaker": 1854, "Vampire Gourmand": 3042, "Deadly Brew": 609, "Tocasia's Dig Site": 2874, "Electrostatic Infantry": 777, "Frenzied Goblin_SB": 1032, "Impact Tremors": 1364, "Kindlespark Duo": 1518, "Ral's Reinforcements": 2130, "Rodeo Pyromancers": 2263, "Deadeye Duelist_SB": 608, "Skewer Slinger_SB": 2457, "Thunder Salvo_SB": 2847, "Midnight Mayhem": 1744, "Ratcatcher Trainee": 2142, "Dragon Fodder": 717, "Keldon Strike Team_SB": 1504, "Guardian of the Great Door": 1208, "Lonely Arroyo": 1634, "Boulderbranch Golem": 291, "Fierce Empath": 966, "Galewind Moose": 1055, "Gossip's Talent": 1167, "Gruff Triplets": 1202, "Lush Oasis": 1668, "Mirage Mesa": 1757, "Outcaster Greenblade": 1937, "Sunshower Druid_SB": 2650, "Banner of Kinship": 177, "Hare Apparent": 1236, "Kayla's Reconstruction": 1500, "Hinterland Sanctifier_SB": 1318, "Prophetic Prism": 2084, "Basilisk Collar": 187, "Ambush Wolf_SB": 52, "Dead Weight_SB": 607, "Fog of War_SB": 1005, "Aetherize": 22, "Peculiar Lighthouse": 1988, "Swiftwater Cliffs": 2673, "Tolarian Terror_SB": 2879, "Union of the Third Path_SB": 2975, "Hidetsugu's Second Rite": 1309, "Ghitu Lavarunner_SB": 1092, "Drag the Canal_SB": 712, "Scatter Ray_SB": 2336, "Stingerback Terror_SB": 2602, "Flamewake Phoenix_SB": 985, "Grand Entryway && Elegant Rotunda": 1175, "Karplusan Forest_SB": 1493, "Cosmic Rebirth": 543, "Elvish Regrower": 795, "Springbloom Druid": 2568, "Tolsimir, Midnight's Light": 2880, "Twisted Fealty": 2932, "Aegis Turtle_SB": 18, "Temple of Malice": 2721, "Night of the Sweets' Revenge": 1857, "Welcome to Sweettooth": 3162, "Cosmium Confluence_SB": 546, "Volatile Fault_SB": 3105, "Fiery Annihilation_SB": 968, "Calix, Guided by Fate_SB": 369, "Divine Resilience_SB": 693, "Unflinching Courage_SB": 2967, "Valorous Stance_SB": 3041, "Anthem of Champions": 82, "Armasaur Guide": 114, "Biogenic Upgrade": 211, "Charming Prince": 444, "Dazzling Angel": 603, "Felidar Savior": 951, "Felling Blow": 954, "Gnarlid Colony": 1141, "Good-Fortune Unicorn": 1166, "Inspiring Call": 1392, "Inspiring Paladin": 1394, "Leonin Vanguard": 1584, "Mild-Mannered Librarian": 1750, "Pacifism": 1967, "Wary Thespian": 3150, "Wildborn Preserver": 3174, "Wildwood Scourge": 3178, "Immersturm Predator": 1361, "Trygon Predator_SB": 2918, "Dwynen, Gilt-Leaf Daen": 756, "Lathril, Blade of the Elves": 1565, "Ajani, Caller of the Pride": 35, "Angel of Vitality": 65, "Extinguish the Light_SB": 871, "Nine-Lives Familiar": 1862, "Voracious Greatshark": 3114, "Rite of Replication": 2241, "Swiftfoot Boots_SB": 2672, "Eaten by Piranhas_SB": 763, "Axebane Ferox_SB": 155, "Ghalta, Primal Hunger": 1087, "Alesha, Who Laughs at Fate": 46, "Aurelia, the Law Above": 146, "Perforating Artist": 1992, "Crash Through": 553, "Drake Hatcher": 721, "Feed the Swarm": 942, "Crawling Barrens": 554, "Mazemind Tome_SB": 1722, "Phyrexian Censor": 2011, "Volatile Fault": 3104, "Seal from Existence_SB": 2362, "Stasis Snare_SB": 2587, "Urborg Scavengers": 3008, "Zetalpa, Primal Dawn": 3226, "Ichormoon Gauntlet": 1356, "Jace Reawakened": 1452, "Jin-Gitaxias": 1462, "Temple of Epiphany": 2719, "Galvanize_SB": 1058, "Dragonlord's Servant": 719, "Incinerator of the Guilty": 1371, "Kolaghan Warmonger": 1538, "Rivaz of the Claw": 2245, "Tyrant of Kher Ridges": 2936, "Joint Exploration": 1469, "Titania's Command_SB": 2867, "Burglar Rat": 348, "Halo Forager": 1222, "Macabre Waltz": 1675, "Mindsplice Apparatus": 1752, "Painful Quandary": 1968, "Psychic Whorl": 2088, "Rune-Scarred Demon": 2286, "The Key to the Vault": 2768, "The Rollercrusher Ride_SB": 2785, "Dawn's Truce": 598, "Tomb Trawler_SB": 2882, "Colossal Rattlewurm": 501, "Rattleback Apothecary": 2143, "Tatyova, Steward of Tides": 2707, "Nashi, Searcher in the Dark_SB": 1838, "Inspiration from Beyond": 1391, "Filter Out_SB": 970, "Kutzil, Malamet Exemplar": 1557, "Runic Shot": 2287, "Herald of Eternal Dawn_SB": 1284, "Sun-Blessed Healer_SB": 2638, "Seeker's Folly": 2384, "Mortify": 1807, "Coveted Falcon": 550, "Greed's Gambit_SB": 1185, "Stab": 2574, "Ferocification": 957, "Dreadwing Scavenger": 729, "Broodspinner_SB": 337, "Fiery Annihilation": 967, "Beseech the Mirror_SB": 203, "Heroic Reinforcements_SB": 1296, "Peerless Recycling_SB": 1989, "Wing Commando": 3184, "Essence Scatter_SB": 839, "Cerebral Confiscation_SB": 427, "Haunted Screen": 1250, "Prayer of Binding": 2065, "Furnace Reins": 1049, "River's Rebuke": 2246, "Koma, World-Eater_SB": 1542, "Primeval Bounty_SB": 2072, "River's Rebuke_SB": 2247, "Regal Caracal_SB": 2184, "Kiora, the Rising Tide_SB": 1521, "Rat Out_SB": 2140, "Faebloom Trick_SB": 886, "Throne of the Grim Captain": 2842, "The Kenriths' Royal Funeral_SB": 2767, "Saiba Cryptomancer": 2304, "Zoetic Glyph_SB": 3232, "Seized from Slumber_SB": 2389, "Inspiring Overseer": 1393, "Mischievous Pup": 1766, "Angel of Finality_SB": 64, "Kraul Whipcracker": 1546, "Wardens of the Cycle": 3142, "Badlands Revival": 163, "Copper Host Crusher": 530, "Feed the Infection": 941, "Vinereap Mentor_SB": 3080, "Belligerent Yearling": 201, "Colossadactyl": 500, "Earthshaker Dreadmaw": 760, "Giant Cindermaw": 1099, "Itzquinth, Firstborn of Gishath": 1445, "Ixalli's Lorekeeper": 1448, "Rogue's Passage": 2264, "Scytheclaw Raptor": 2358, "Thrashing Brontodon": 2827, "Triumphant Chomp": 2915, "Armored Kincaller_SB": 117, "Ankle Biter": 70, "Fynn, the Fangbearer": 1051, "Nimraiser Paladin": 1861, "The Hunter Maze": 2759, "At Knifepoint": 138, "Fanatical Firebrand": 902, "Hellspur Brute": 1277, "Mourner's Surprise_SB": 1815, "Unflinching Courage": 2966, "Sandstorm Salvager": 2308, "Hired Claw_SB": 1320, "Autonomous Assembler": 150, "Quintorius Kand": 2104, "Kayla's Command_SB": 1499, "Luminous Rebuke_SB": 1662, "Massacre Wurm": 1715, "Stalactite Stalker": 2577, "Felidar Retreat_SB": 950, "Dreamdew Entrancer_SB": 731, "Spinner of Souls_SB": 2553, "Gisa, the Hellraiser_SB": 1108, "Bitter Reunion_SB": 216, "Jace Reawakened_SB": 1453, "Dust Animus": 751, "Steel Seraph_SB": 2595, "Gumdrop Poisoner_SB": 1213, "Archangel of Tithes_SB": 96, "Demonic Counsel_SB": 648, "Herbology Instructor": 1287, "Restless Bivouac_SB": 2213, "Lively Dirge_SB": 1625, "Titania's Command": 2866, "Imperious Perfect_SB": 1367, "Sandstorm Salvager_SB": 2309, "Tough Cookie_SB": 2891, "Raucous Carnival_SB": 2145, "Seize the Spoils": 2387, "The Mycotyrant": 2779, "Sporogenic Infection_SB": 2565, "Funeral Room // Awakening Hall_SB": 1045, "Rise of the Dark Realms_SB": 2239, "Canonized in Blood": 380, "Cemetery Recruitment": 423, "Diregraf Ghoul": 673, "Hungry Ghoul": 1347, "Offer Immortality": 1901, "Sanguine Syphoner": 2314, "Skeleton Archer": 2456, "Vampiric Rites": 3046, "Temple of Enlightenment": 2718, "Fumigate_SB": 1043, "Valkyrie's Call_SB": 3030, "Skystrike Officer": 2479, "Mockingbird_SB": 1779, "Temple of Mystery": 2722, "Timely Interference": 2856, "Vesuvan Duplimancy": 3068, "Dive Down_SB": 689, "Scrawling Crawler_SB": 2351, "Dryad Militant_SB": 742, "Bristlebud Farmer": 328, "Charred Foyer && Warped Space_SB": 447, "Absolving Lammasu_SB": 6, "Think Twice": 2802, "Micromancer_SB": 1743, "Coruscation Mage_SB": 541, "Bruse Tarl, Roving Rancher": 340, "Fblthp, Lost on the Range": 913, "Weakstone's Subjugation": 3155, "Fblthp, Lost on the Range_SB": 914, "Weakstone's Subjugation_SB": 3156, "Bottomless Pool && Locker Room": 287, "Hidetsugu's Second Rite_SB": 1310, "Invasion of Karsus_SB": 1422, "Mirror Room && Fractured Realm_SB": 1762, "Sword of Wealth and Power_SB": 2681, "Wildfire Howl_SB": 3176, "Zurgo and Ojutai_SB": 3242, "Mabel, Heir to Cragflame_SB": 1674, "Halo Forager_SB": 1223, "Ballyrush Banneret": 168, "Siege Veteran_SB": 2438, "Soulstone Sanctuary_SB": 2523, "Karn, Living Legacy": 1491, "Metropolis Reformer": 1740, "Blood Spatter Analysis": 242, "Rundvelt Hordemaster": 2284, "Final Vengeance_SB": 975, "Silverback Elder_SB": 2448, "Branchblight Stalker": 303, "Gitaxian Anatomist": 1110, "Goliath Hatchery": 1163, "Ichorspit Basilisk": 1357, "Lakeside Shack": 1562, "Maze's Mantle": 1720, "Mesmerizing Dose": 1735, "Paladin of Predation": 1974, "Plague Nurse": 2039, "Tainted Observer": 2691, "Tangled Islet": 2702, "Thrummingbird": 2844, "Tyrranax Atrocity": 2938, "Venomous Brutalizer": 3063, "Viral Spawning": 3083, "Vivisurgeon's Insight": 3099, "Angelic Intervention": 66, "Omenpath Journey": 1914, "Poison Dart Frog": 2048, "Rampaging Baloths": 2133, "Migloz, Maze Crusher_SB": 1749, "Seraphic Steed": 2395, "Meticulous Excavation_SB": 1739, "Seeker's Folly_SB": 2385, "Realmbreaker, the Invasion Tree": 2160, "Deeproot Pilgrimage": 628, "Mistway Spy": 1775, "Aegis Turtle": 17, "Venerated Rotpriest_SB": 3058, "Grabby Giant": 1170, "Rite of the Dragoncaller": 2242, "Hulking Raptor": 1346, "Pugnacious Hammerskull": 2090, "Invasion of Kaldheim": 1420, "Gwenna, Eyes of Gaea": 1214, "Halana and Alena, Partners": 1217, "Inga and Esika": 1379, "Myrel, Shield of Argive": 1827, "Hajar, Loyal Bodyguard_SB": 1216, "Surrak and Goreclaw_SB": 2665, "Doomsday Excruciator_SB": 700, "Getaway Glamer_SB": 1084, "Bottomless Pool // Locker Room": 289, "Necrogen Communion": 1839, "Vraska Joins Up": 3122, "Thirsting Roots_SB": 2806, "Battlefly Swarm": 193, "Solemn Simulacrum": 2503, "Maha, Its Feathers Night_SB": 1687, "Viashino Pyromancer_SB": 3075, "The Stone Brain": 2791, "Decadent Dragon_SB": 622, "Defiled Crypt // Cadaver Lab_SB": 640, "Heraldic Banner": 1285, "Heraldic Banner_SB": 1286, "Thalia and The Gitrog Monster": 2738, "Surgical Suite && Hospital Room_SB": 2661, "Entity Tracker_SB": 823, "Rebel Salvo_SB": 2164, "Aether Channeler": 19, "Defiled Crypt && Cadaver Lab": 637, "Exuberant Fuseling": 875, "Thundertrap Trainer_SB": 2853, "Abuelo's Awakening": 7, "Kitsa, Otterball Elite_SB": 1526, "Rona, Herald of Invasion_SB": 2270, "Unnerving Grasp_SB": 2980, "Fear of Surveillance": 929, "Wilt-Leaf Liege_SB": 3181, "Mechanized Warfare": 1726, "Fleeting Flight_SB": 989, "Muerra, Trash Tactician": 1818, "Kona, Rescue Beastie": 1543, "Time Stop": 2854, "Quick Draw_SB": 2102, "Blasphemous Edict": 226, "Smuggler's Surprise_SB": 2497, "Adaptive Automaton": 14, "Three Tree Mascot": 2836, "Bottomless Pool // Locker Room_SB": 290, "The Princess Takes Flight_SB": 2781, "Anim Pakal, Thousandth Moon_SB": 69, "Palani's Hatcher": 1975, "Temple of Abandon": 2716, "Whisper of the Dross": 3168, "Vraska's Fall_SB": 3125, "Restless Reef_SB": 2219, "Mischievous Mystic": 1765, "Defiler of Flesh": 642, "Garruk's Uprising": 1062, "Zul Ashur, Lich Lord": 3238, "Kraul Whipcracker_SB": 1547, "Lifecreed Duo": 1604, "At Knifepoint_SB": 139, "Monstrous Rage_SB": 1802, "Kellan's Lightblades_SB": 1505, "Blasphemous Edict_SB": 227, "Annie Flash, the Veteran_SB": 73, "Defiled Crypt && Cadaver Lab_SB": 638, "Cultivator's Caravan": 575, "Scene of the Crime": 2340, "Demonic Ruckus_SB": 654, "Impact Tremors_SB": 1365, "Coveted Falcon_SB": 551, "Wishclaw Talisman_SB": 3189, "Swooping Lookout": 2674, "Recruitment Officer_SB": 2174, "Oko, the Ringleader_SB": 1910, "Kambal, Profiteering Mayor": 1485, "Kaya, Spirits' Justice_SB": 1498, "Highway Robbery_SB": 1316, "Intrepid Paleontologist": 1406, "Bolt Bend_SB": 264, "Wishclaw Talisman": 3188, "Feldon's Cane": 944, "Neutralize the Guards": 1849, "Ayli, Eternal Pilgrim": 157, "Disturbing Conversion": 685, "Shipwreck Dowser": 2421, "Abuelo's Awakening_SB": 8, "Builder's Talent_SB": 345, "Eerie Interference_SB": 769, "Untimely Malfunction": 2994, "Imprisoned in the Moon_SB": 1368, "Inquisitive Glimmer_SB": 1385, "Refute_SB": 2180, "Argentum Masticore": 109, "Hall of Tagsin": 1220, "Hedron Archive": 1274, "The Mycosynth Gardens": 2778, "Tomakul Honor Guard": 2881, "Bramble Familiar": 300, "Sphinx of the Final Word_SB": 2546, "Walk with the Ancestors": 3133, "Meathook Massacre II_SB": 1725, "Repulsive Mutation": 2199, "Sylvan Scavenging_SB": 2684, "Thundering Falls_SB": 2849, "Dowsing Device": 708, "Saheeli, Filigree Master_SB": 2303, "Scrawling Crawler": 2350, "Case of the Ransacked Lab": 400, "The Surgical Bay": 2793, "War Squeak_SB": 3139, "Spirebluff Canal_SB": 2555, "Chandra, Flameshaper_SB": 433, "Expel the Interlopers": 858, "Bite Down": 213, "Gaea's Gift": 1053, "Trash the Town": 2904, "Corsair Captain": 539, "Lost Jitte_SB": 1653, "Blazing Crescendo_SB": 232, "Rip, Spawn Hunter": 2236, "Funeral Room // Awakening Hall": 1044, "Outlaw Medic": 1939, "Wilt-Leaf Liege": 3180, "Thousand Moons Smithy_SB": 2822, "Blightbelly Rat": 235, "Unnatural Restoration": 2977, "Carnivorous Canopy_SB": 389, "Gaea's Gift_SB": 1054, "Give In to Violence_SB": 1112, "Cityscape Leveler_SB": 469, "Nahiri's Resolve_SB": 1831, "Brazen Collector": 310, "Generous Plunderer": 1073, "Trial of Agony": 2910, "Zoyowa's Justice": 3237, "Ancestors' Aid_SB": 60, "Leyline of Resonance_SB": 1594, "Churning Reservoir": 462, "Magmatic Sprinter": 1683, "Sardian Cliffstomper": 2315, "Solphim, Mayhem Dominus": 2505, "The Monumental Facade": 2777, "Churning Reservoir_SB": 463, "Magmatic Sprinter_SB": 1684, "Monastery Swiftspear_SB": 1796, "Sardian Cliffstomper_SB": 2316, "Malcolm, Alluring Scoundrel_SB": 1694, "Repel Calamity_SB": 2198, "Samut, Vizier of Naktamun": 2306, "Call a Surprise Witness": 370, "Trostani, Three Whispers": 2916, "Tribute to the World Tree_SB": 2913, "Taii Wakeen, Perfect Shot": 2687, "Unruly Catapult": 2981, "Glassworks // Shattered Yard_SB": 1125, "Hulking Metamorph": 1345, "Surge Engine_SB": 2656, "Massacre Girl, Known Killer": 1713, "Massacre Girl, Known Killer_SB": 1714, "Rakdos Joins Up_SB": 2126, "Rakdos, the Muscle_SB": 2129, "Ghalta and Mavren": 1086, "Hide in Plain Sight": 1305, "Progenitus": 2079, "Crystal Barricade": 570, "Green Sun's Twilight_SB": 1188, "Break Down the Door": 313, "Bubble Smuggler": 343, "Cryptid Inspector": 569, "Cursed Windbreaker": 583, "Exit Specialist": 854, "Polukranos Reborn_SB": 2054, "Hazardroot Herbalist": 1255, "Head of the Homestead": 1258, "Rabbit Response": 2107, "Treeguard Duo": 2908, "Uncharted Haven": 2952, "Warren Elder": 3147, "Head of the Homestead_SB": 1259, "Grab the Prize_SB": 1169, "Stroke of Midnight_SB": 2626, "Stroke of Midnight": 2625, "Ragged Playmate": 2118, "Fear of Surveillance_SB": 930, "Grand Entryway // Elegant Rotunda_SB": 1177, "Norin, Swift Survivalist_SB": 1874, "Ragged Playmate_SB": 2119, "Wandertale Mentor": 3137, "Vodalian Mindsinger_SB": 3102, "Eriette's Tempting Apple": 826, "Experimental Confectioner": 861, "Feed the Cauldron": 938, "Gingerbread Hunter": 1105, "Greta, Sweettooth Scourge": 1193, "Mintstrosity": 1756, "Scream Puff": 2352, "Spider Food": 2547, "Sweettooth Witch": 2669, "Three Bowls of Porridge": 2832, "Sugar Rush_SB": 2634, "Leonin Vanguard_SB": 1585, "Ruin-Lurker Bat_SB": 2281, "The Millennium Calendar_SB": 2775, "Veteran Survivor_SB": 3071, "Corrupted Conviction_SB": 538, "Deadly Brew_SB": 610, "Cheeky House-Mouse_SB": 452, "Dryad Militant": 741, "Contagious Vorrac": 526, "Necrogen Rotpriest": 1840, "Armored Scrapgorger_SB": 119, "Invasion of Fiora_SB": 1415, "Rush of Dread_SB": 2291, "Final Flourish_SB": 971, "Time Stop_SB": 2855, "Unnatural Restoration_SB": 2978, "Founding the Third Path_SB": 1023, "Binding Negotiation": 209, "Vraska, the Silencer": 3128, "Barkform Harvester": 181, "Rampaging Spiketail": 2135, "Invasion of Ergamon": 1414, "Beastie Beatdown_SB": 198, "Break Out_SB": 315, "Vengeful Possession": 3060, "Step Between Worlds_SB": 2597, "Hellspur Posse Boss": 1279, "Cynical Loner_SB": 588, "Hellspur Brute_SB": 1278, "Kemba, Kha Enduring": 1514, "Swiftfoot Boots": 2671, "Astor, Bearer of Blades_SB": 137, "Consuming Aberration": 525, "Knight of Dusk's Shadow": 1529, "No One Left Behind_SB": 1870, "Botanical Brawler": 285, "Dusk Legion Duelist": 748, "Stocking the Pantry": 2605, "Tribute to the World Tree": 2912, "Collector's Cage_SB": 495, "Dragonmaster Outcast": 720, "Evolved Sleeper": 850, "Friendly Teddy": 1033, "Consumed by Greed_SB": 524, "Hop to It_SB": 1331, "Skyfisher Spider_SB": 2474, "Chart a Course_SB": 450, "Johann's Stopgap_SB": 1467, "Let's Play a Game_SB": 1587, "Festerleech": 960, "Fallaji Archaeologist_SB": 898, "Kroxa and Kunoros": 1552, "Shrouded Shepherd": 2435, "Garruk's Uprising_SB": 1063, "Hexgold Halberd": 1298, "Soul Search": 2512, "Daggerfang Duo": 589, "Deathbloom Gardener": 616, "Hoarding Recluse": 1323, "Moonstone Harbinger": 1806, "Pestilent Syphoner": 1999, "Ygra, Eater of All": 3216, "Llanowar Elves_SB": 1628, "Mosswood Dreadknight_SB": 1812, "Take for a Ride_SB": 2694, "Boltwave_SB": 266, "Fleeting Flight": 988, "Stormchaser's Talent_SB": 2618, "Cactarantula": 363, "Ashnod's Harvester": 127, "Warhost's Frenzy": 3144, "Think Twice_SB": 2803, "Rustler Rampage": 2293, "Wojek Investigator": 3200, "Searslicer Goblin_SB": 2366, "Felidar Cub": 947, "Oracle of Tragedy": 1923, "Felidar Cub_SB": 948, "Knight-Errant of Eos_SB": 1534, "Ruthless Lawbringer_SB": 2295, "Detective's Satchel": 664, "Forensic Gadgeteer_SB": 1011, "Ice Out_SB": 1354, "Claim Jumper_SB": 472, "Geralf, the Fleshwright": 1077, "Geralf, the Fleshwright_SB": 1078, "Eaten Alive_SB": 762, "Ojer Pakpatiq, Deepest Epoch": 1907, "Disturbing Conversion_SB": 686, "Lithomantic Barrage": 1621, "Enduring Vitality_SB": 812, "Audience with Trostani_SB": 145, "Sentinel of Lost Lore": 2391, "Wylie Duke, Atiin Hero": 3212, "Defiler of Dreams_SB": 641, "Omen Hawker": 1912, "Leyline of the Void": 1598, "Into the Fire": 1401, "Invasion of Karsus": 1421, "Cosmic Hunger": 542, "Paranormal Analyst": 1977, "Vannifar, Evolved Enigma": 3051, "Fog Bank_SB": 1004, "Surgical Suite // Hospital Room_SB": 2663, "Talion, the Kindly Lord_SB": 2700, "Extraordinary Journey": 873, "Gold Pan": 1158, "Extraordinary Journey_SB": 874, "Nurturing Pixie_SB": 1886, "Moonshaker Cavalry": 1805, "Balemurk Leech": 166, "Bashful Beastie": 186, "Cackling Slasher": 361, "Defiant Survivor": 636, "Fear of the Dark": 931, "Flesh Burrower": 992, "Give In to Violence": 1111, "Grasping Longneck": 1178, "Horrid Vigor": 1337, "Innocuous Rat": 1383, "Let's Play a Game": 1586, "Wickerfolk Thresher": 3173, "Winter's Intervention": 3185, "Leyline of Transformation": 1596, "Saheeli's Lattice": 2301, "Etali, Primal Storm_SB": 843, "Adamant Will": 13, "Goldvein Pick": 1161, "Moment of Triumph": 1789, "Pilfer": 2032, "Public Thoroughfare": 2089, "Undying Malice": 2964, "Cancel_SB": 375, "Opt_SB": 1920, "Connecting the Dots_SB": 520, "Bushwhack_SB": 359, "Mistbreath Elder_SB": 1774, "Polliwallop_SB": 2051, "Realmbreaker's Grasp_SB": 2159, "Stickytongue Sentinel_SB": 2600, "Tumbleweed Rising_SB": 2919, "Analyze the Pollen_SB": 58, "Makeshift Binding": 1691, "Pelakka Wurm": 1990, "Jump Scare_SB": 1474, "Progenitus_SB": 2080, "Harvestrite Host": 1243, "Cut Short_SB": 586, "Family Reunion_SB": 899, "Annihilating Glare": 75, "Fanatical Offering": 904, "Sword of Wealth and Power": 2680, "Skulduggery": 2465, "Skulduggery_SB": 2466, "Lassoed by the Law": 1563, "Mabel's Mettle": 1672, "Minor Misstep": 1754, "Central Elevator // Promising Stairs": 425, "Creeping Peeper": 556, "Dazzling Theater // Prop Room": 605, "Erratic Apparition": 829, "Fear of Falling": 919, "Lionheart Glimmer": 1619, "Restricted Office // Lecture Hall": 2227, "Stalked Researcher_SB": 2579, "Tunnel Surveyor_SB": 2923, "Ajani, Nacatl Pariah": 37, "Arena of Glory": 108, "Arid Mesa": 113, "Fable of the Mirror-Breaker": 878, "Flooded Strand": 993, "Galvanic Discharge": 1056, "Goblin Bombardment": 1146, "Guide of Souls": 1209, "Marsh Flats": 1711, "Ocelot Pride": 1900, "Phlage, Titan of Fire's Fury": 2006, "Ragavan, Nimble Pilferer": 2116, "Sacred Foundry": 2300, "Showdown of the Skalds": 2432, "Static Prison": 2588, "Thraben Charm": 2823, "Windswept Heath": 3183, "Drannith Magistrate_SB": 724, "Fear, Fire, Foes!_SB": 932, "Obsidian Charmaw_SB": 1896, "Orim's Chant_SB": 1925, "Showdown of the Skalds_SB": 2433, "Stony Silence_SB": 2612, "Surgical Extraction_SB": 2659, "Wear // Tear_SB": 3157, "Archon of Cruelty": 105, "Bloodstained Mire": 250, "Brazen Borrower": 308, "Counterspell": 549, "Faithless Looting": 894, "Fatal Push": 908, "Force of Negation": 1007, "Misty Rainforest": 1776, "Persist": 1995, "Polluted Delta": 2052, "Psychic Frog": 2087, "Scalding Tarn": 2329, "Sink into Stupor": 2453, "Spell Snare": 2536, "Steam Vents": 2590, "Tamiyo, Inquisitive Student": 2701, "Thoughtseize": 2819, "Unearth": 2965, "Watery Grave": 3153, "Consign to Memory_SB": 522, "Fable of the Mirror-Breaker_SB": 879, "Harbinger of the Seas_SB": 1230, "Nihil Spellbomb_SB": 1859, "Stern Scolding_SB": 2599, "Blazing Rootwalla": 233, "Burning Inquiry": 351, "Detective's Phoenix": 663, "Flameblade Adept": 982, "Goblin Lore": 1150, "Hollow One": 1325, "Lightning Bolt": 1606, "Stomping Ground": 2611, "Street Wraith": 2622, "Vengevine": 3062, "Wooded Foothills": 3201, "Cursed Totem_SB": 582, "Meltdown_SB": 1730, "Barbarian Ring": 179, "Eidolon of the Great Revel": 772, "Flare of Duplication": 986, "Goblin Guide": 1149, "Lava Spike": 1569, "Rift Bolt": 2233, "Searing Blaze": 2363, "Skewer the Critics": 2458, "Skullcrack": 2469, "Sunbaked Canyon": 2639, "Ensnaring Bridge_SB": 818, "Faerie Macabre_SB": 889, "Smash to Smithereens_SB": 2494, "Amulet of Vigor": 54, "Arboreal Grazer": 89, "Boseiju, Who Endures": 283, "Crumbling Vestige": 563, "Dryad Arbor": 740, "Dryad of the Ilysian Grove": 743, "Echoing Deeps": 765, "Explore": 863, "Green Sun's Zenith": 1189, "Gruul Turf": 1205, "Hanweir Battlements": 1227, "Lotus Field": 1656, "Mirrorpool": 1764, "Otawara, Soaring City": 1933, "Primeval Titan": 2073, "Scapeshift": 2334, "Shifting Woodland": 2420, "Simic Growth Chamber": 2450, "Summoner's Pact": 2636, "Tolaria West": 2877, "Urza's Cave": 3013, "Urza's Saga": 3016, "Valakut, the Molten Pinnacle": 3022, "Vesuva": 3066, "Bojuka Bog_SB": 263, "Collector Ouphe_SB": 493, "Defense Grid_SB": 635, "Dismember_SB": 679, "Endurance_SB": 802, "Force of Vigor_SB": 1008, "Tireless Tracker_SB": 2863, "Vampires' Vengeance_SB": 3045, "Blood Crypt": 239, "Dwarven Mine": 754, "Indomitable Creativity": 1373, "Jetmir's Garden": 1461, "Prismatic Ending": 2076, "Wrenn and Six": 3208, "Xander's Lounge": 3213, "Boseiju, Who Endures_SB": 284, "Damping Sphere_SB": 590, "Hurkyl's Recall_SB": 1350, "Toxic Deluge_SB": 2892, "Cling to Dust": 481, "Harbinger of the Seas": 1229, "Murktide Regent": 1824, "Preordain": 2068, "Thought Scour": 2816, "Engineered Explosives_SB": 815, "Mystical Dispute_SB": 1829, "Spell Pierce_SB": 2535, "The Meathook Massacre_SB": 2772, "Orcish Bowmasters": 1924, "Godless Shrine": 1157, "Phelia, Exuberant Shepherd": 2005, "Seasoned Pyromancer": 2376, "Thoughtseize_SB": 2820, "Wrath of the Skies_SB": 3204, "Den of the Bugbear": 655, "Devastating Summons": 665, "Foundry Street Denizen": 1024, "Goblin Bushwhacker": 1147, "Goblin Grenade": 1148, "Goblin Piledriver": 1152, "Legion Loyalist": 1581, "Mogg War Marshal": 1780, "Reckless Bushwhacker": 2165, "Skirk Prospector": 2459, "Sokenzan, Crucible of Defiance": 2502, "Blood Moon_SB": 241, "Magus of the Moon_SB": 1685, "Reality Hemorrhage_SB": 2157, "Shattering Spree_SB": 2410, "Tormod's Crypt_SB": 2888, "Ziatora's Proving Ground": 3228, "Terastodon_SB": 2730, "Veil of Summer_SB": 3054, "Consider": 521, "Graveyard Trespasser": 1179, "Exquisite Firecraft_SB": 866, "Searing Blood_SB": 2364, "Tunnel Ignus_SB": 2921, "Chained to the Rocks": 428, "Chained to the Rocks_SB": 429, "Ragavan, Nimble Pilferer_SB": 2117, "Vexing Bauble": 3072, "Colossal Skyturtle_SB": 502, "Generous Ent_SB": 1072, "Grist, the Hunger Tide_SB": 1199, "Hexdrinker_SB": 1297, "Over the Edge_SB": 1945, "Poison Dart Frog_SB": 2049, "Slice from the Shadows": 2486, "Talion, the Kindly Lord": 2699, "Come Back Wrong": 507, "Glassworks // Shattered Yard": 1124, "Beamtown Beatstick": 195, "Celestial Armor": 422, "Edgewall Inn": 768, "Goliath Hatchery_SB": 1164, "Balmor, Battlemage Captain": 169, "Bria, Riptide Rogue": 319, "Freeze in Place": 1029, "Relic's Roar": 2190, "Run Away Together_SB": 2282, "Scalding Viper_SB": 2331, "Harrier Strix": 1239, "Snaremaster Sprite": 2500, "Hardened Escort": 1235, "Holy Cow": 1327, "Living Phone": 1626, "Unsettling Twins": 2985, "Feather of Flight_SB": 935, "Possessed Goat_SB": 2063, "Raccoon Rallier_SB": 2110, "Rogue's Passage_SB": 2265, "The Jolly Balloon Man_SB": 2766, "Unsettling Twins_SB": 2986, "Heartfire Hero_SB": 1264, "Inti, Seneschal of the Sun_SB": 1397, "Pests of Honor": 2001, "Dauntless Dismantler_SB": 597, "Phoenix Chick_SB": 2008, "Gleaming Barrier": 1126, "Gleaming Barrier_SB": 1127, "Solemn Simulacrum_SB": 2504, "Sure Strike_SB": 2654, "Twinferno_SB": 2928, "Ancestors' Aid": 59, "Furious Bellow": 1046, "Ghitu Amplifier": 1090, "Heartfire Immolator": 1265, "Sure Strike": 2653, "Whiskerquill Scribe": 3166, "Defabricate": 631, "Fear of Burning Alive": 918, "Iron-Fist Pulverizer": 1441, "Johann, Apprentice Sorcerer": 1468, "Keldon Flamesage": 1503, "Kraum, Violent Cacophony": 1548, "Molten Tributary": 1786, "Nightwhorl Hermit": 1858, "Pyrotechnic Performer": 2097, "Razzle-Dazzler": 2156, "Stop Cold": 2613, "Thopter Mechanic": 2811, "Vesuvan Drifter": 3067, "Involuntary Cooldown_SB": 1437, "Kellan, Planar Trailblazer_SB": 1510, "Mishra's Command_SB": 1770, "Out of Air_SB": 1936, "Plan the Heist_SB": 2042, "Sleight of Hand_SB": 2485, "Trick Shot_SB": 2914, "Violent Urge_SB": 3082, "The Filigree Sylex": 2755, "Halo Hopper": 1224, "Hellspur Posse Boss_SB": 1280, "Grand Abolisher": 1173, "Unnerving Grasp": 2979, "Fynn, the Fangbearer_SB": 1052, "Harbinger of the Tides": 1231, "Harbinger of the Tides_SB": 1232, "Cat Collector": 405, "Bottomless Pool && Locker Room_SB": 288, "Growing Rites of Itlimoc": 1201, "Jump Scare": 1473, "Niko, Light of Hope": 1860, "Stalked Researcher": 2578, "Tunnel Surveyor": 2922, "Fear of Isolation_SB": 925, "Season of Gathering": 2367, "Horrid Vigor_SB": 1338, "Lionheart Glimmer_SB": 1620, "Omnivorous Flytrap_SB": 1917, "Seasoned Warrenguard_SB": 2378, "Into the Roil": 1404, "Into the Roil_SB": 1405, "Ayara, Widow of the Realm": 156, "Arachnoid Adaptation": 86, "Throw from the Saddle": 2843, "Longstalk Brawl_SB": 1640, "Thrill of Possibility_SB": 2841, "Feldon, Ronom Excavator": 946, "Roc Hunter": 2258, "Adventuring Gear_SB": 16, "Fear of Being Hunted_SB": 917, "Vicious Clown_SB": 3077, "Splash Portal_SB": 2559, "Demonic Pact_SB": 652, "Rite of the Dragoncaller_SB": 2243, "Valorous Stance": 3040, "Lodestone Needle": 1633, "Sawblade Skinripper_SB": 2325, "Afterburner Expert": 24, "Draconautics Engineer": 709, "Dredger's Insight": 734, "Loot, the Pathfinder": 1643, "Molt Tender": 1782, "Restless Spire_SB": 2223, "Momentum Breaker": 1791, "Sunbillow Verge": 2640, "Grim Bauble": 1197, "Spell Pierce": 2534, "Defend the Rider": 633, "Hazoret, Godseeker": 1257, "Debris Beetle": 619, "Wastewood Verge": 3152, "Vein Ripper_SB": 3056, "Oildeep Gearhulk": 1902, "Haunt the Network_SB": 1247, "Bartolom\u00e9 del Presidio_SB": 185, "Lunar Convocation_SB": 1665, "Bloodghast": 246, "Valley Rotcaller_SB": 3037, "Oildeep Gearhulk_SB": 1903, "Gleeful Demolition_SB": 1130, "Monument to Endurance": 1803, "Ride's End": 2231, "Bleachbone Verge": 234, "Willowrush Verge": 3179, "Outpace Oblivion_SB": 1942, "Intimidation Tactics": 1399, "Ketramose, the New Dawn": 1515, "Transmutation Font": 2901, "Braided Net_SB": 297, "Cunning Coyote_SB": 577, "Chandra, Spark Hunter_SB": 437, "Bounce Off": 293, "Greasewrench Goblin": 1181, "Marauding Mako": 1705, "Riverpyre Verge": 2251, "Scrounging Skyray": 2357, "Bounce Off_SB": 294, "Lightwheel Enhancements": 1611, "Grim Bauble_SB": 1198, "Momentum Breaker_SB": 1792, "Tomik, Wielder of Law_SB": 2883, "Engine Rat": 813, "Gonti, Night Minister": 1165, "Perilous Snare": 1993, "Teysa, Opulent Oligarch": 2737, "Memory Guardian": 1731, "Mendicant Core, Guidelight": 1732, "Diversion Unit_SB": 691, "The Aetherspark": 2740, "Brightglass Gearhulk": 322, "Voyager Glidecar": 3119, "Chandra, Spark Hunter": 436, "Intimidation Tactics_SB": 1400, "Captain Howler, Sea Scourge": 382, "Gastal Thrillroller": 1067, "Optimistic Scavenger_SB": 1922, "Riptide Gearhulk": 2237, "Transit Mage": 2900, "Diversion Unit": 690, "Muraganda Raceway": 1821, "Nesting Bot": 1846, "Repurposing Bay": 2201, "Lumbering Worldwagon": 1659, "Gastal Thrillroller_SB": 1068, "Lifecraft Engine": 1603, "Mindspring Merfolk": 1753, "Mu Yanling, Wind Rider": 1816, "Caelorna, Coral Tyrant_SB": 364, "Overrun": 1961, "Heliod, the Radiant Dawn": 1276, "Twinblade Blessing": 2926, "The Speed Demon_SB": 2790, "Zephyr Singer_SB": 3225, "Burnout Bashtronaut": 353, "Defend the Rider_SB": 634, "Demonic Junker": 649, "Nexus of Becoming": 1851, "Amonkhet Raceway": 53, "Gastal Thrillseeker": 1069, "The Last Ride": 2769, "The Speed Demon": 2789, "Ancient Vendetta_SB": 63, "Monument to Endurance_SB": 1804, "Esoteric Duplicator": 835, "Voyage Home": 3118, "Aether Syphon_SB": 21, "Ketramose, the New Dawn_SB": 1516, "Thunderous Velocipede": 2850, "Regal Imperiosaur": 2185, "Intrepid Paleontologist_SB": 1407, "Invasion of Regatha_SB": 1425, "Voyager Glidecar_SB": 3120, "Fuel the Flames": 1037, "Skycrash": 2471, "Broadside Barrage_SB": 334, "Fuel the Flames_SB": 1038, "Locust Spray": 1632, "Riverchurn Monument": 2248, "Agonasaur Rex": 31, "Tyrox, Saurid Tyrant": 2937, "Coalstoke Gearhulk_SB": 485, "Howlsquad Heavy": 1341, "Boosted Sloop": 279, "Broadside Barrage": 333, "Thopter Fabricator_SB": 2810, "Count on Luck_SB": 548, "Spectacular Pileup": 2528, "Quag Feast": 2098, "Gastal Raider_SB": 1066, "Ride's End_SB": 2232, "Thalia and The Gitrog Monster_SB": 2739, "Zahur, Glory's Past": 3222, "Leaf-Crowned Visionary_SB": 1577, "Mossborn Hydra_SB": 1810, "Overrun_SB": 1962, "Painful Quandary_SB": 1969, "Wardens of the Cycle_SB": 3143, "Quag Feast_SB": 2099, "Playful Shove": 2044, "Red Sun's Twilight_SB": 2175, "Perilous Snare_SB": 1994, "Debris Beetle_SB": 620, "Pit Automaton": 2036, "Visage of Dread": 3095, "The Last Ride_SB": 2770, "Visage of Dread_SB": 3096, "Fearless Swashbuckler": 933, "Unctus, Grand Metatect": 2954, "Mishra, Claimed by Gix": 1772, "Bloated Contaminator_SB": 238, "The Aetherspark_SB": 2741, "Webstrike Elite": 3160, "Webstrike Elite_SB": 3161, "Coiling Rebirth_SB": 489, "Invasion of Mercadia": 1423, "Collision Course_SB": 499, "Gas Guzzler": 1064, "Say Its Name_SB": 2327, "Spectral Interference_SB": 2531, "Stock Up": 2603, "Spectacular Pileup_SB": 2529, "Far Fortune, End Boss": 905, "Flotsam // Jetsam_SB": 997, "Claim Jumper": 471, "Ancient Vendetta": 62, "Full Throttle_SB": 1041, "Loot, the Key to Everything_SB": 1642, "Loot, the Pathfinder_SB": 1644, "Urza's Command_SB": 3014, "Lassoed by the Law_SB": 1564, "Blast Zone_SB": 229, "Basri, Tomorrow's Champion": 189, "Skyseer's Chariot_SB": 2477, "Dive Down": 688, "Engine Rat_SB": 814, "Essence Channeler_SB": 837, "Lunar Insight": 1666, "Jodah, the Unifier_SB": 1466, "Dropkick Bomber": 737, "Rampaging Raptor": 2134, "Agonasaur Rex_SB": 32, "Coalstoke Gearhulk": 484, "Visage Bandit": 3094, "Waxen Shapethief": 3154, "Dune Drifter": 745, "Become Brutes": 199, "The Elder Dragon War_SB": 2748, "Caradora, Heart of Alacria": 385, "Skyseer's Chariot": 2476, "Valor's Flagship": 3038, "Veteran Beastrider": 3069, "Threadbind Clique": 2829, "Twining Twins": 2930, "Boommobile_SB": 276, "Radiant Lotus_SB": 2113, "Boommobile": 275, "Forging the Anchor": 1015, "Radiant Lotus": 2112, "The Mightstone and Weakstone_SB": 2774, "Bloodthorn Flail": 253, "Flamewake Phoenix": 984, "Cryptcaller Chariot_SB": 565, "Volley Veteran": 3111, "Riptide Gearhulk_SB": 2238, "Riverchurn Monument_SB": 2249, "Spiteful Hexmage_SB": 2557, "Clamorous Ironclad": 475, "Furnace Host Charger": 1047, "Alania, Divergent Storm": 45, "Frolicking Familiar": 1034, "Wishing Well": 3190, "Resplendent Angel_SB": 2206, "Cephalopod Sentry": 426, "Thopter Fabricator": 2809, "Haunt the Network": 1246, "Sorcerous Spyglass": 2508, "Demonic Junker_SB": 650, "Redshift, Rocketeer Chief": 2177, "Halana and Alena, Partners_SB": 1218, "Valor's Flagship_SB": 3039, "Stall Out": 2580, "Stall Out_SB": 2581, "Gloryheath Lynx": 1139, "Sovereign Okinec Ahau": 2525, "The Raven Man": 2782, "The Raven Man_SB": 2783, "Boom Box": 274, "Broadcast Rambler": 332, "Possession Engine": 2064, "Broodheart Engine": 335, "Bat Colony": 190, "Hidden Volcano": 1304, "Marketback Walker": 1709, "Sab-Sunen, Luxa Embodied": 2298, "Simian Simulacrum": 2449, "Sylvan Scavenging": 2683, "Leyline Binding_SB": 1590, "Bulwark Ox": 347, "Reluctant Role Model": 2191, "Reluctant Role Model_SB": 2192, "Mold Adder_SB": 1781, "Marketback Walker_SB": 1710, "Burnout Bashtronaut_SB": 354, "Daretti, Rocketeer Engineer": 592, "Threefold Thunderhulk": 2838, "Tune Up": 2920, "Meteor Golem_SB": 1737, "Gastal Raider": 1065, "Oviya, Automech Artisan": 1965, "Market Gnome_SB": 1708, "The Skullspore Nexus_SB": 2788, "Cosmium Confluence": 545, "Festival of Embers": 961, "Skycrash_SB": 2472, "Nexus of Becoming_SB": 1852, "Sab-Sunen, Luxa Embodied_SB": 2299, "Earthrumbler": 759, "Collector's Vault_SB": 497, "Thran Spider_SB": 2826, "Akal Pakal, First Among Equals_SB": 41, "Deepfathom Echo": 627, "Forensic Researcher": 1012, "Oko, the Ringleader": 1909, "Chitin Gravestalker": 455, "Starving Revenant_SB": 2586, "Steamcore Scholar_SB": 2592, "Ojer Pakpatiq, Deepest Epoch_SB": 1908, "Thunderous Velocipede_SB": 2851, "Fear of Infinity_SB": 923, "Stock Up_SB": 2604, "Dredger's Insight_SB": 735, "Fauna Shaman_SB": 911, "Barrow Naughty": 183, "Faerie Slumber Party": 892, "Mocking Sprite": 1777, "Spellscorn Coven": 2542, "Talion's Messenger": 2697, "Coerced to Kill": 487, "Etrata, Deadly Fugitive": 848, "Unstoppable Plan_SB": 2989, "Hoarding Broodlord": 1322, "Shadow-Rite Priest": 2402, "Baral and Kari Zev": 178, "Enigma Drake": 816, "Brightfield Glider": 321, "Congregation Gryff": 519, "Giant Beaver": 1098, "Lagorin, Soul of Alacria": 1560, "Miriam, Herd Whisperer": 1758, "Ornery Tumblewagg": 1926, "Trained Arynx": 2893, "Run Over_SB": 2283, "Night Market": 1856, "Carrion Locust_SB": 390, "Stockpiling Celebrant_SB": 2607, "Akal Pakal, First Among Equals": 40, "Forensic Gadgeteer": 1010, "Deduce_SB": 624, "Wreck Remover_SB": 3205, "Fountainport Bell": 1026, "Guidelight Optimizer": 1210, "Oaken Siren": 1888, "Machine Over Matter_SB": 1676, "Spinewoods Paladin": 2551, "Malcator, Purity Overseer": 1692, "Tranquil Cove_SB": 2897, "Crumb and Get It_SB": 562, "Flame Lash": 981, "Exsanguinate": 867, "Exsanguinate_SB": 868, "Syr Ginger, the Meal Ender_SB": 2686, "Blade of the Oni": 222, "Blightstep Pathway": 236, "Bloodtithe Harvester": 254, "Mutavault": 1826, "Urborg, Tomb of Yawgmoth": 3010, "Extinction Event_SB": 870, "Go Blank_SB": 1143, "Hidetsugu Consumes All_SB": 1307, "Invoke Despair_SB": 1436, "Unlicensed Hearse_SB": 2976, "Breeding Pool": 318, "Enigmatic Incarnation": 817, "Indatha Triome": 1372, "Linvala, the Preserver": 1618, "Overgrown Tomb": 1947, "Savai Triome": 2319, "Skyclave Apparition": 2470, "Spara's Headquarters": 2526, "Vanishing Verse": 3049, "Zagoth Triome": 3221, "Archon of Emeria_SB": 106, "Knockout Blow_SB": 1535, "Ruric Thar, the Unbowed_SB": 2289, "Thought Distortion_SB": 2815, "Yorion, Sky Nomad_SB": 3218, "Cauldron Familiar": 410, "Claim the Firstborn": 473, "Deadly Dispute": 613, "Mayhem Devil": 1718, "Witch's Oven": 3193, "Ob Nixilis, the Adversary_SB": 1892, "Darksteel Citadel": 596, "Ensoul Artifact": 819, "Riverglide Pathway": 2250, "Shrapnel Blast": 2434, "Smuggler's Copter": 2495, "Voldaren Epicure": 3108, "Aether Gust_SB": 20, "Annul_SB": 77, "Rending Volley_SB": 2195, "Shadowspear_SB": 2403, "Voltage Surge_SB": 3112, "Cragcrown Pathway": 552, "Ramunap Ruins": 2136, "Reckless Rage": 2168, "Soul-Scar Mage": 2517, "Experimental Frenzy_SB": 862, "Hazoret the Fervent_SB": 1256, "Redcap Melee_SB": 2176, "Extinction Event": 869, "Anger of the Gods_SB": 67, "Fatal Push_SB": 909, "Gifted Aetherborn_SB": 1103, "Claim // Fame": 470, "Infuriate": 1378, "Kumano Faces Kakkazan": 1554, "Claim the Firstborn_SB": 474, "Grafdigger's Cage_SB": 1171, "Castle Locthwain": 404, "Clearwater Pathway": 478, "Field of Ruin": 963, "Geier Reach Sanitarium": 1071, "Hall of Storm Giants": 1219, "Hive of the Eye Tyrant": 1321, "Narset, Parter of Veils": 1835, "Omen of the Sea": 1913, "Paradoxical Outcome": 1976, "Shipwreck Marsh": 2422, "Takenuma, Abandoned Mire": 2696, "The Meathook Massacre": 2771, "Ashiok, Dream Render_SB": 123, "Weathered Runestone_SB": 3159, "Fetid Pools": 962, "Yorion, Sky Nomad": 3217, "Collective Brutality": 491, "Faithful Mending": 893, "Greasefang, Okiba Boss": 1180, "Hallowed Fountain": 1221, "Parhelion II": 1978, "Raffine's Tower": 2115, "Shattered Sanctum": 2409, "Skysovereign, Consul Flagship": 2478, "Stubborn Denial": 2629, "Tainted Indulgence": 2690, "Deafening Silence_SB": 615, "Dovin's Veto_SB": 707, "Silence_SB": 2441, "Vanishing Verse_SB": 3050, "Krenko's Buzzcrusher": 1549, "Arclight Phoenix": 107, "Fiery Impulse": 969, "Izzet Charm": 1450, "Lightning Axe": 1605, "Prismari Command": 2074, "Spikefield Hazard": 2548, "Stormcarved Coast": 2615, "Treasure Cruise": 2906, "Dawnwing Marshal": 600, "Bishop of Wings": 212, "Branchloft Pathway": 304, "Cave of the Frost Dragon": 414, "Collected Company": 490, "Eiganjo, Seat of the Empire": 773, "Nykthos, Shrine to Nyx": 1887, "Overgrown Farmland": 1946, "Portable Hole": 2057, "Resplendent Marshal": 2207, "Righteous Valkyrie": 2235, "Temple Garden": 2715, "Archon of Absolution_SB": 104, "Brave the Elements_SB": 306, "Brutal Cathar_SB": 342, "Heroic Intervention_SB": 1294, "Reidane, God of the Worthy_SB": 2186, "Shapers' Sanctuary_SB": 2405, "Kroxa, Titan of Death's Hunger": 1553, "Ledger Shredder": 1578, "Brazen Borrower_SB": 309, "Prismari Command_SB": 2075, "Burner Rocket": 350, "Cloudspire Skycycle": 483, "Dynamite Diver": 758, "Guidelight Synergist": 1211, "Kolodin, Triumph Caster": 1540, "Count on Luck": 547, "Frenzied Goblin": 1031, "Doubling Season_SB": 705, "Fanatical Firebrand_SB": 903, "Howlsquad Heavy_SB": 1342, "Reckless Lackey_SB": 2167, "Rundvelt Hordemaster_SB": 2285, "District Mascot": 684, "Shivan Devastator": 2423, "Zimone, Paradox Sculptor": 3230, "Tyvar, the Pummeler_SB": 2946, "Zopandrel, Hunger Dominus_SB": 3234, "Aurelia, the Warleader": 147, "Gilded Ghoda": 1104, "Cavalier of Thorns": 413, "Elvish Mystic": 794, "Kiora, Behemoth Beckoner": 1519, "Lair of the Hydra": 1561, "Leyline of the Guildpact": 1597, "Oath of Nissa": 1890, "Old-Growth Troll": 1911, "Storm the Festival": 2614, "Ulvenwald Oddity": 2947, "Arasta of the Endless Web_SB": 88, "Emrakul, the Promised End_SB": 801, "Setessan Petitioner_SB": 2401, "Ashiok, Nightmare Muse_SB": 124, "Foreboding Ruins": 1009, "Invoke Despair": 1435, "Kolaghan's Command_SB": 1539, "Haunted Ridge": 1249, "Bonecrusher Giant": 268, "Burning-Tree Emissary": 352, "Chandra, Torch of Defiance": 438, "Collision // Colossus": 498, "Gruul Spellbreaker": 1204, "Kami's Flare": 1488, "Pelt Collector": 1991, "Voltaic Brawler": 3113, "Zhur-Taa Goblin": 3227, "Bonecrusher Giant_SB": 269, "Chandra, Torch of Defiance_SB": 439, "Cindervines_SB": 465, "Kami's Flare_SB": 1489, "Roiling Vortex_SB": 2266, "Mana Confluence": 1698, "Barrier Breach_SB": 182, "Leyline of Sanctity_SB": 1595, "Colossus Hammer": 503, "Eldritch Evolution": 776, "Raffine's Informant": 2114, "Sigarda's Aid": 2439, "Soulflayer": 2519, "Sylvan Caryatid": 2682, "Bloodline Culling_SB": 249, "Collective Brutality_SB": 492, "Portable Hole_SB": 2058, "Furnace Punisher_SB": 1048, "Rocky Roads": 2262, "Lumbering Worldwagon_SB": 1660, "Cosmic Rebirth_SB": 544, "Mondrak, Glory Dominus_SB": 1798, "Become Brutes_SB": 200, "Goblin Oriflamme": 1151, "Drake Hatcher_SB": 722, "Eddymurk Crab_SB": 767, "Cindering Cutthroat_SB": 464, "Ravine Raider_SB": 2149, "Risky Shortcut_SB": 2240, "Spin Out_SB": 2549, "Steampath Charger_SB": 2593, "Devouring Sugarmaw": 666, "Amalia Benavides Aguirre_SB": 51, "Elas il-Kor, Sadistic Pilgrim_SB": 775, "Fiendish Panda_SB": 965, "Knight of Dawn's Light_SB": 1528, "Mimeoplasm, Revered One": 1751, "Etched Familiar": 845, "Spectral Interference": 2530, "Winter, Cursed Rider": 3187, "Streetwise Negotiator_SB": 2623, "Divine Resilience": 692, "Greenhouse // Rickety Gazebo": 1190, "Silken Strength": 2444, "Realm-Scorcher Hellkite": 2158, "Spyglass Siren_SB": 2570, "Sentinel of Lost Lore_SB": 2392, "Herd Migration_SB": 1290, "Kykar, Zephyr Awakener": 1559, "Lathril, Blade of the Elves_SB": 1566, "Armored Armadillo_SB": 116, "Gixian Infiltrator_SB": 1118, "Gloryheath Lynx_SB": 1140, "Threefold Thunderhulk_SB": 2839, "Cryptcaller Chariot": 564, "Primeval Bounty": 2071}}