{"vocabulary": {"Copperline Gorge": 533, "Emberheart Challenger": 796, "Forest": 1012, "Heartfire Hero": 1262, "Innkeeper's Talent": 1380, "Karplusan Forest": 1491, "Manifold Mouse": 1699, "Might of the Meek": 1745, "Monastery Swiftspear": 1794, "Monstrous Rage": 1800, "Mountain": 1812, "Questing Druid": 2098, "Restless Ridgeline": 2219, "Rockface Village": 2259, "Shock": 2424, "Slickshot Show-Off": 2488, "Snakeskin Veil": 2497, "Thran Portal": 2823, "Witchstalker Frenzy": 3193, "Obliterating Bolt_SB": 1893, "Pawpatch Formation_SB": 1983, "Scorching Shot_SB": 2343, "Sunspine Lynx_SB": 2651, "Tectonic Hazard_SB": 2710, "Urabrask's Forge_SB": 3003, "Anoint with Affliction": 78, "Cut Down": 583, "Darkslick Shores": 592, "Deep-Cavern Bat": 624, "Ertai Resurrected": 829, "Fabled Passage": 879, "Faerie Mastermind": 889, "Gix, Yawgmoth Praetor": 1114, "Gix's Command": 1112, "Go for the Throat": 1143, "Island": 1442, "Mirrex": 1759, "Phantom Interference": 2002, "Plumecreed Escort": 2045, "Restless Reef": 2217, "Sheoldred, the Apocalypse": 2415, "Spyglass Siren": 2568, "Swamp": 2666, "Three Steps Ahead": 2832, "Tishana's Tidebinder": 2863, "Underground River": 2960, "Aclazotz, Deepest Betrayal_SB": 12, "Cut Down_SB": 584, "Disdainful Stroke_SB": 673, "Duress_SB": 746, "Gix's Command_SB": 1113, "Harvester of Misery_SB": 1241, "Liliana of the Veil_SB": 1613, "Malicious Eclipse_SB": 1696, "Negate_SB": 1842, "Charming Scoundrel": 445, "Hired Claw": 1318, "Lightning Strike": 1608, "Mishra's Foundry": 1770, "Obliterating Bolt": 1892, "Sunspine Lynx": 2650, "Urabrask's Forge": 3002, "Abrade_SB": 4, "Blooming Blast_SB": 256, "Koth, Fire of Resistance_SB": 1544, "Rampaging Raptor_SB": 2133, "Rockface Village_SB": 2260, "Soul-Guide Lantern_SB": 2515, "Pick Your Poison_SB": 2025, "Snakeskin Veil_SB": 2498, "Torch the Tower_SB": 2884, "Blooming Marsh": 257, "Bushwhack": 358, "Duress": 745, "Hostile Investigator": 1338, "Liliana of the Veil": 1612, "Llanowar Wastes": 1630, "Mosswood Dreadknight": 1810, "Outcaster Trailblazer": 1937, "Phyrexian Obliterator": 2018, "Restless Cottage": 2213, "Sheoldred's Edict": 2413, "Tail Swipe": 2687, "Choking Miasma_SB": 457, "Nissa, Ascended Animist_SB": 1863, "Tear Asunder_SB": 2708, "The Stone Brain_SB": 2791, "Tranquil Frillback_SB": 2898, "Cache Grab": 360, "Calamitous Cave-In": 365, "Captivating Cave": 384, "Cavernous Maw": 417, "Forgotten Monument": 1015, "Gargantuan Leech": 1058, "Hearth Elemental": 1267, "Hidden Nursery": 1302, "Promising Vein": 2081, "Seed of Hope": 2380, "Tear Asunder": 2707, "Tolarian Terror": 2877, "Up the Beanstalk": 2999, "Urborg Repossession": 3005, "Dreams of Steel and Oil_SB": 732, "Up the Beanstalk_SB": 3000, "Aclazotz, Deepest Betrayal": 11, "Harvester of Misery": 1240, "Preacher of the Schism": 2065, "Blackcleave Cliffs": 220, "Callous Sell-Sword": 371, "Demonic Ruckus": 652, "Mirran Banesplitter": 1758, "Restless Vents": 2223, "Sulfurous Springs": 2634, "Two-Headed Hunter": 2934, "Furnace Reins_SB": 1049, "Pilfer_SB": 2032, "Witchstalker Frenzy_SB": 3194, "Pawpatch Recruit": 1984, "Caught in the Crossfire_SB": 409, "Questing Druid_SB": 2099, "Inti, Seneschal of the Sun": 1395, "Sentinel of the Nameless City": 2392, "Torch the Tower": 2883, "Tyvar's Stand": 2941, "Torch the Witness_SB": 2886, "Archangel Elspeth": 93, "Beza, the Bounding Spring": 206, "Caretaker's Talent": 386, "Demolition Field": 644, "Elegant Parlor": 777, "Fortune, Loyal Steed": 1019, "Fountainport": 1024, "Frontier Seeker": 1035, "Get Lost": 1078, "Imodane's Recruiter": 1361, "Lay Down Arms": 1571, "Plains": 2039, "Sanguine Evangelist": 2310, "Sunfall": 2642, "The Eternal Wanderer": 2751, "Virtue of Loyalty": 3087, "Boon-Bringer Valkyrie_SB": 278, "Destroy Evil_SB": 661, "Elspeth's Smite_SB": 787, "Imodane's Recruiter_SB": 1362, "Loran of the Third Path_SB": 1645, "Serra Paragon_SB": 2396, "Sunder the Gateway_SB": 2641, "Temporary Lockdown_SB": 2726, "Kaito, Dancing Shadow_SB": 1482, "Tishana's Tidebinder_SB": 2864, "Royal Treatment": 2274, "Battlefield Forge": 192, "Carrot Cake": 391, "Inspiring Vantage": 1394, "Lightning Helix": 1606, "Restless Bivouac": 2211, "Sunken Citadel": 2645, "Temporary Lockdown": 2725, "Beza, the Bounding Spring_SB": 207, "Bonehoard Dracosaur_SB": 271, "Brotherhood's End_SB": 339, "Rest in Peace_SB": 2208, "Season of the Burrow_SB": 2374, "Virtue of Loyalty_SB": 3088, "Caves of Koilos": 418, "Concealed Courtyard": 513, "Legions to Ashes": 1581, "Loran of the Third Path": 1644, "Restless Fortress": 2215, "Season of the Burrow": 2373, "Shadowy Backstreet": 2403, "Shoot the Sheriff": 2426, "Virtue of Persistence": 3089, "Zoraline, Cosmos Caller": 3234, "Cruelclaw's Heist_SB": 560, "Kaya, Intangible Slayer_SB": 1495, "Sunfall_SB": 2643, "Caustic Bronco": 411, "Hostile Investigator_SB": 1339, "Archangel of Wrath": 97, "Atraxa, Grand Unifier": 141, "Brushland": 341, "Cavern of Souls": 415, "Heaped Harvest": 1260, "Hedge Maze": 1271, "Herd Migration": 1288, "Leyline Binding": 1588, "Lush Portico": 1668, "Meticulous Archive": 1737, "Nissa, Ascended Animist": 1862, "Jace, the Perfected Mind_SB": 1454, "Obstinate Baloth_SB": 1897, "Phyrexian Fleshgorger": 2014, "Go for the Throat_SB": 1144, "Pest Control_SB": 1997, "Sheoldred's Edict_SB": 2414, "Fireglass Mentor": 977, "Flamecache Gecko": 982, "Gev, Scaled Scorch": 1084, "Iridescent Vinelasher": 1438, "Laughing Jasper Flint": 1566, "Mudflat Village": 1816, "Thought-Stalker Warlock": 2816, "Valley Flamecaller": 3030, "Glistening Deluge_SB": 1135, "Long Goodbye_SB": 1635, "Scales of Shale_SB": 2332, "Adarkar Wastes": 15, "Deduce": 622, "Negate": 1841, "No More Lies": 1866, "Restless Anchorage": 2209, "Seachrome Coast": 2359, "Spellgyre": 2539, "Teferi, Temporal Pilgrim": 2712, "Kutzil's Flanker_SB": 1555, "See Double_SB": 2379, "Kaya, Spirits' Justice": 1496, "Legions to Ashes_SB": 1582, "Soul Search_SB": 2512, "Steel Seraph": 2593, "Disfigure_SB": 676, "Elesh Norn, Mother of Machines_SB": 783, "Case of the Gateway Express": 396, "Gleeful Demolition": 1128, "Knight-Errant of Eos": 1532, "Novice Inspector": 1879, "Resolute Reinforcements": 2203, "Shivan Reef": 2423, "Spirebluff Canal": 2553, "Warden of the Inner Sky": 3139, "Warleader's Call": 3144, "Yotian Frontliner": 3218, "Get Lost_SB": 1079, "Protect the Negotiators_SB": 2084, "Requisition Raid_SB": 2202, "Lord Skitter, Sewer King": 1649, "Tocasia's Welcome_SB": 2875, "Invasion of Gobakhan_SB": 1416, "Lightning Helix_SB": 1607, "Bitter Triumph": 217, "Forsaken Miner": 1017, "Anoint with Affliction_SB": 79, "Deep-Cavern Bat_SB": 625, "Freestrider Lookout": 1027, "Lumra, Bellow of the Woods": 1662, "Breach the Multiverse_SB": 312, "Audacity": 143, "Cacophony Scamp": 362, "Giant Growth": 1100, "Dreadmaw's Ire": 726, "Sugar Rush": 2632, "Archfiend of the Dross": 101, "Kaervek, the Punisher": 1475, "Tinybones, the Pickpocket": 2860, "Vraska, Betrayal's Sting": 3125, "Chimil, the Inner Sun_SB": 454, "Sheoldred_SB": 2417, "Virtue of Persistence_SB": 3090, "Case of the Crimson Pulse_SB": 394, "Jace, the Perfected Mind": 1453, "Glissa Sunslayer": 1132, "Sheoldred, the Apocalypse_SB": 2416, "Elspeth's Smite": 786, "Invasion of Tolvada_SB": 1432, "Scales of Shale": 2331, "Nurturing Pixie": 1884, "Goddric, Cloaked Reveler": 1154, "Squee, Dubious Monarch": 2570, "Lithomantic Barrage_SB": 1621, "Not on My Watch_SB": 1878, "Chimil, the Inner Sun": 453, "No Witnesses": 1870, "Phyrexian Vindicator": 2021, "Surge of Salvation": 2656, "Urza's Sylex": 3016, "White Sun's Twilight": 3169, "Disenchant_SB": 674, "Phyrexian Vindicator_SB": 2022, "The Eternal Wanderer_SB": 2752, "Aftermath Analyst": 25, "Escape Tunnel": 833, "Evolving Wilds": 851, "Nissa, Resurgent Animist": 1864, "Pillage the Bog": 2033, "Pitiless Carnage": 2036, "Spelunking": 2542, "Glissa Sunslayer_SB": 1133, "Terror Tide_SB": 2734, "Titania, Voice of Gaea_SB": 2868, "Abrade": 3, "Bitter Reunion": 215, "Brotherhood's End": 338, "Capricious Hellraiser": 381, "Fires of Victory": 978, "Horned Loch-Whale": 1334, "Ill-Timed Explosion": 1358, "Ral, Crackling Wit": 2129, "Restless Spire": 2221, "Season of Weaving": 2370, "Thundering Falls": 2847, "Faerie Mastermind_SB": 890, "Frolicking Familiar_SB": 1034, "Nahiri's Warcrafting_SB": 1832, "Shifting Grift_SB": 2418, "Azure Beastbinder": 159, "Karumonix, the Rat King": 1493, "Lilypad Village": 1616, "Nezumi Informant": 1852, "Patchwork Banner": 1980, "Persistent Marshstalker": 1995, "Pile On": 2029, "Shoreline Looter": 2430, "Vren, the Relentless": 3128, "Thought-Stalker Warlock_SB": 2817, "Innkeeper's Talent_SB": 1381, "Wrenn and Realmbreaker_SB": 3206, "Feed the Cycle": 938, "Caustic Bronco_SB": 412, "Anim Pakal, Thousandth Moon": 68, "Requisition Raid": 2201, "Anointed Peacekeeper_SB": 81, "Aven Interrupter_SB": 152, "Song of Totentanz_SB": 2506, "Malcolm, Alluring Scoundrel": 1692, "Malicious Eclipse": 1695, "Destroy Evil": 660, "Saheeli, Filigree Master": 2301, "Analyze the Pollen": 57, "Tranquil Frillback": 2897, "Underground Mortuary": 2959, "The Cruelty of Gix_SB": 2744, "Mockingbird": 1777, "Disfigure": 675, "Kaito, Dancing Shadow": 1481, "Thrun, Breaker of Silence_SB": 2845, "Twinferno": 2926, "Case of the Filched Falcon": 395, "Cryptic Coat": 566, "Norn's Inquisitor": 1874, "Regal Bunnicorn": 2180, "Subterranean Schooner": 2630, "Zoetic Glyph": 3230, "Glass Casket_SB": 1122, "Chrome Host Seedshark_SB": 459, "Lay Down Arms_SB": 1572, "Bristly Bill, Spine Sower": 331, "Scrapshooter_SB": 2347, "The End_SB": 2749, "The Gitrog, Ravenous Ride_SB": 2756, "Honest Rutstein": 1328, "Lazav, Wearer of Faces": 1574, "Marchesa, Dealer of Death": 1705, "Plaza of Heroes": 2044, "Relic of Legends": 2188, "Rona, Herald of Invasion": 2268, "Tinybones Joins Up": 2857, "Kaervek, the Punisher_SB": 1476, "Outrageous Robbery_SB": 1943, "Arid Archway": 112, "Calamity, Galloping Inferno": 367, "Commercial District": 509, "Glimpse the Core": 1131, "Map the Frontier": 1701, "Roxanne, Starfall Savant": 2272, "Smuggler's Surprise": 2495, "Spinewoods Armadillo": 2549, "Terror of the Peaks": 2735, "Trumpeting Carnosaur": 2916, "Vaultborn Tyrant": 3051, "Etali, Primal Conqueror_SB": 841, "Long Goodbye": 1634, "Scrapshooter": 2346, "Wear Down_SB": 3157, "Faerie Dreamthief": 886, "Spell Stutter": 2536, "Chrome Host Seedshark": 458, "Sunder the Gateway": 2640, "Dust Animus_SB": 751, "War Squeak": 3137, "Cavern of Souls_SB": 416, "Bandit's Talent": 173, "Hopeless Nightmare": 1332, "Rottenmouth Viper": 2270, "Scoured Barrens": 2345, "Tithing Blade": 2869, "Bitter Triumph_SB": 218, "Carrot Cake_SB": 392, "Shoot the Sheriff_SB": 2427, "Dreams of Steel and Oil": 731, "Vadmir, New Blood": 3020, "Stormchaser's Talent": 2616, "Quintorius Kand_SB": 2103, "Coruscation Mage": 540, "Elusive Otter": 789, "Kitsa, Otterball Elite": 1524, "Pearl of Wisdom": 1986, "Sleight of Hand": 2483, "Slick Sequence": 2487, "Stormcatch Mentor": 2615, "Thundertrap Trainer": 2851, "Valley Floodcaller": 3031, "Explosive Derailment_SB": 864, "Into the Flood Maw_SB": 1402, "Season of the Bold_SB": 2372, "Shore Up_SB": 2429, "Three Steps Ahead_SB": 2833, "Case of the Locked Hothouse": 398, "Clifftop Lookout": 480, "Doppelgang": 701, "Goldvein Hydra": 1158, "Railway Brawler": 2119, "Silverback Elder": 2446, "Tender Wildguide": 2727, "Thornvault Forager": 2812, "Tyrranax Rex": 2938, "Virtue of Strength": 3091, "Vorinclex": 3116, "Wrenn and Realmbreaker": 3205, "Fecund Greenshell_SB": 936, "High Noon_SB": 1311, "Hunter's Talent_SB": 1348, "Melira, the Living Cure_SB": 1728, "Plains_SB": 2040, "Portal to Phyrexia_SB": 2059, "Tail Swipe_SB": 2688, "White Sun's Twilight_SB": 3170, "Eluge, the Shoreless Sea": 788, "Haughty Djinn": 1243, "Into the Flood Maw": 1401, "Intrude on the Mind": 1407, "Long River's Pull": 1637, "Lost in the Maze": 1653, "Freeze in Place_SB": 1029, "Horned Loch-Whale_SB": 1335, "Torpor Orb_SB": 2888, "Braids, Arisen Nightmare": 298, "Guardian of Ghirapur": 1205, "Lively Dirge": 1623, "Ruthless Lawbringer": 2293, "The Witch's Vanity": 2799, "Bandit's Talent_SB": 174, "Ancient Cornucopia": 61, "Kogla and Yidaro": 1535, "Nahiri's Warcrafting": 1831, "Pawpatch Formation": 1982, "Raucous Theater": 2145, "Yavimaya Coast": 3213, "Change the Equation_SB": 441, "Doppelgang_SB": 702, "Agatha's Soul Cauldron": 29, "Botanical Sanctum": 286, "Fallaji Archaeologist": 896, "Insidious Roots": 1389, "Kami of Whispered Hopes": 1486, "Osteomancer Adept": 1931, "Skyfisher Spider": 2472, "Sleep-Cursed Faerie": 2482, "Tyvar, Jubilant Brawler": 2943, "Undercity Sewers": 2957, "Voldaren Thrillseeker": 3108, "Cankerbloom_SB": 379, "Haywire Mite_SB": 1252, "Keen-Eyed Curator_SB": 1501, "Starfall Invocation_SB": 2582, "No Witnesses_SB": 1871, "Coiling Rebirth": 488, "Etali, Primal Conqueror": 840, "Push // Pull": 2091, "The Infamous Cruelclaw": 2761, "Vein Ripper": 3054, "Trash the Town_SB": 2904, "Doorkeeper Thrull_SB": 700, "Meeting of Minds": 1726, "Stoke the Flames": 2609, "Phantom Interference_SB": 2003, "Jungle Hollow": 1474, "Blot Out_SB": 261, "Urgent Necropsy_SB": 3011, "Koth, Fire of Resistance": 1543, "Chandra, Hope's Beacon_SB": 435, "Manifold Mouse_SB": 1700, "Might of the Meek_SB": 1746, "Ajani, Sleeper Agent": 38, "Annex Sentry": 71, "Bilious Skulldweller": 208, "Bloated Contaminator": 237, "Charge of the Mites": 442, "Crawling Chorus": 555, "Grafted Butcher": 1171, "Razorverge Thicket": 2154, "Skrelv, Defector Mite": 2462, "Skrelv's Hive": 2460, "Slaughter Singer": 2481, "The Seedcore": 2785, "Venerated Rotpriest": 3056, "Venser, Corpse Puppet": 3063, "Agatha's Soul Cauldron_SB": 30, "Ajani, Sleeper Agent_SB": 39, "Charge of the Mites_SB": 443, "Contagious Vorrac_SB": 527, "Ertai Resurrected_SB": 830, "Necrogen Rotpriest_SB": 1840, "Phyrexian Censor_SB": 2011, "Phyrexian Missionary_SB": 2017, "Undercity Upheaval_SB": 2958, "Burrowguard Mentor": 355, "Finneas, Ace Archer": 975, "Hop to It": 1329, "Lupinflower Village": 1666, "Oakhollow Village": 1888, "Seasoned Warrenguard": 2376, "Valley Mightcaller": 3033, "Valley Questcaller": 3034, "Warren Warleader": 3147, "Dewdrop Cure_SB": 668, "Parting Gust_SB": 1979, "Royal Treatment_SB": 2275, "Sandstalker Moloch_SB": 2306, "Battle-Rage Blessing": 191, "Blazing Crescendo": 231, "Builder's Talent": 344, "Three Blind Mice": 2830, "Karn's Sylex_SB": 1489, "Realmbreaker, the Invasion Tree_SB": 2160, "Ezrim, Agency Chief": 875, "Ezrim, Agency Chief_SB": 876, "Argoth, Sanctum of Nature": 111, "Elesh Norn, Mother of Machines": 782, "Founding the Third Path": 1021, "Outrageous Robbery": 1942, "Picklock Prankster": 2026, "Portal to Phyrexia": 2058, "Squirming Emergence": 2572, "The Cruelty of Gix": 2743, "Titania, Voice of Gaea": 2867, "Wail of the Forgotten": 3130, "Bonecache Overseer": 267, "Curious Forager": 579, "Rubblebelt Maverick": 2276, "Snarling Gorehound": 2500, "Huskburster Swarm_SB": 1352, "Pile On_SB": 2030, "Phyrexian Arena_SB": 2009, "Ego Drain": 769, "Faerie Fencing": 887, "Invasion of Amonkhet": 1408, "Obyra, Dreaming Duelist": 1898, "Season of Loss": 2368, "Invasion of Amonkhet_SB": 1409, "Season of Loss_SB": 2369, "Spell Stutter_SB": 2537, "Talion's Messenger_SB": 2697, "Voldaren Thrillseeker_SB": 3109, "Back for Seconds": 161, "Bloodletter of Aclazotz": 247, "Cryptex": 565, "Diabolic Intent": 669, "Insatiable Avarice": 1385, "Molten Duplication": 1784, "Phyrexian Arena": 2008, "Phyrexian Dragon Engine": 2012, "Rush of Dread": 2289, "Hearthborn Battler_SB": 1270, "Knight of Dusk's Shadow_SB": 1529, "Magda, the Hoardmaster_SB": 1679, "Neutralize the Guards_SB": 1849, "Slice from the Shadows_SB": 2486, "Bring the Ending": 325, "Experimental Augury": 859, "Jawbone Duelist": 1457, "Serum Snare": 2397, "Annex Sentry_SB": 72, "Bring the Ending_SB": 326, "Krenko's Buzzcrusher_SB": 1549, "Chart a Course": 449, "Helping Hand": 1281, "Moment of Truth": 1789, "Monastery Mentor": 1792, "Recommission": 2170, "Shore Up": 2428, "Soul Partition": 2509, "Soul Partition_SB": 2510, "Terror Tide": 2733, "Gingerbrute": 1105, "Hard-Hitting Question": 1232, "Kitesail Larcenist": 1521, "Lavaspur Boots": 1569, "Lost Jitte": 1651, "Restless Vinestalk": 2224, "Surge Engine": 2654, "Teething Wurmlet": 2711, "Tough Cookie": 2889, "Hard-Hitting Question_SB": 1233, "Kitesail Larcenist_SB": 1522, "Repulsive Mutation_SB": 2199, "Tarrian's Soulcleaver_SB": 2704, "Blacksmith's Talent": 221, "Brambleguard Captain": 301, "Cheeky House-Mouse": 451, "Flowerfoot Swordmaster": 1000, "Mabel, Heir to Cragflame": 1672, "Raging Battle Mouse": 2118, "Seedglaive Mentor": 2381, "Whiskervale Forerunner": 3166, "Callous Sell-Sword_SB": 372, "Case of the Gateway Express_SB": 397, "Dawn's Truce_SB": 598, "Rabid Gnaw_SB": 2107, "Warleader's Call_SB": 3145, "Bonny Pall, Clearcutter_SB": 273, "Loran's Escape": 1646, "Nettle Guard": 1846, "Rabid Gnaw": 2106, "Jaya, Fiery Negotiator_SB": 1459, "Loran's Escape_SB": 1647, "Deadly Cover-Up": 610, "Kaya, Intangible Slayer": 1494, "Urgent Necropsy": 3010, "Ash, Party Crasher": 122, "Case of the Uneaten Feast": 403, "Legion Extruder": 1578, "Market Gnome": 1706, "Mishra's Command": 1768, "Mondrak, Glory Dominus": 1796, "Dusk Rose Reliquary_SB": 749, "Metropolis Reformer_SB": 1740, "Ossification_SB": 1930, "Misery's Shadow": 1766, "Fugitive Codebreaker": 1038, "Smash to Dust_SB": 2492, "Scorching Shot": 2342, "Wrenn's Resolve": 3208, "Parting Gust": 1978, "Flowstone Infusion": 1001, "Chandra, Hope's Beacon": 434, "Collector's Vault": 496, "One with the Multiverse": 1917, "Repair and Recharge": 2195, "Stern Lesson": 2597, "Blanchwood Prowler": 225, "Cruel Somnophage": 558, "Glarb, Calamity's Augur": 1119, "Gnawing Vermin": 1141, "Hollow Marauder": 1323, "Overwhelming Remorse": 1962, "Souls of the Lost": 2520, "Urborg Lhurgoyf": 3004, "Soulless Jailer_SB": 2519, "Surge of Salvation_SB": 2657, "Bonny Pall, Clearcutter": 272, "Deadly Cover-Up_SB": 611, "Barbed Batterfist": 180, "Blast Zone": 228, "The Filigree Sylex_SB": 2755, "Magebane Lizard": 1680, "Ravine Raider": 2147, "Valley Rotcaller": 3035, "Magebane Lizard_SB": 1681, "Archangel Elspeth_SB": 94, "Greedy Freebooter": 1185, "Mephitic Draught": 1732, "Scavenger's Talent": 2336, "Spiteful Hexmage": 2555, "Tarrian's Journal": 2703, "Annihilating Glare_SB": 76, "Demolition Field_SB": 645, "Hopeless Nightmare_SB": 1333, "Legion Extruder_SB": 1579, "The Witch's Vanity_SB": 2800, "Tithing Blade_SB": 2870, "Lord Skitter's Butcher": 1648, "Rat Out": 2138, "Three Tree City": 2834, "Obstinate Baloth": 1896, "Return from the Wilds": 2227, "Warren Warleader_SB": 3148, "Hunter's Talent": 1347, "Quirion Beastcaller": 2104, "Shock_SB": 2425, "The Irencrag": 2763, "Axebane Ferox": 154, "Evolving Adaptive": 850, "Flourishing Bloom-Kin": 997, "Keen-Eyed Curator": 1500, "Tyvar's Stand_SB": 2942, "Tocasia's Welcome": 2874, "Bonehoard Dracosaur": 270, "Delney, Streetwise Lookout": 642, "Skrelv's Hive_SB": 2461, "Corrupted Conviction": 537, "Splash Portal": 2557, "Wick, the Whorled Mind": 3171, "Lord Skitter, Sewer King_SB": 1650, "Sorcerous Spyglass_SB": 2508, "Fake Your Own Death": 894, "Combat Courier": 504, "Diamond Pick-Axe": 670, "Gleaming Geardrake": 1127, "Unctus's Retrofitter": 2952, "Cryptic Coat_SB": 567, "High Noon": 1310, "Liberator, Urza's Battlethopter": 1599, "Silver Scrutiny": 2444, "Simulacrum Synthesizer": 2451, "The Mightstone and Weakstone": 2772, "Unstable Glyphbridge": 2986, "Urza, Lord Protector": 3018, "Final Showdown_SB": 972, "Silver Scrutiny_SB": 2445, "Spellgyre_SB": 2540, "Assassin's Trophy": 132, "Glistening Deluge": 1134, "Vraska Joins Up_SB": 3122, "Narset, Enlightened Exile": 1833, "Sword of Vengeance": 2678, "Agate Assault_SB": 27, "Brambleguard Captain_SB": 302, "Ojer Axonil, Deepest Might_SB": 1904, "Scytheclaw Raptor_SB": 2358, "Spring-Loaded Sawblades": 2565, "No More Lies_SB": 1867, "Werefox Bodyguard_SB": 3163, "Invasion of Tolvada": 1431, "Assassin's Trophy_SB": 133, "Atraxa, Grand Unifier_SB": 142, "Stoic Sphinx": 2607, "Training Grounds": 2893, "Savor_SB": 2321, "Cruelclaw's Heist": 559, "Tenth District Hero": 2728, "Unyielding Gatekeeper_SB": 2998, "Pyroclasm_SB": 2094, "Crumb and Get It": 561, "Break the Spell_SB": 316, "Eddymurk Crab": 765, "This Town Ain't Big Enough": 2806, "Long River's Pull_SB": 1638, "Case of the Crimson Pulse": 393, "Laughing Jasper Flint_SB": 1567, "Duelist of the Mind": 743, "Proft's Eidetic Memory": 2075, "Steamcore Scholar": 2590, "Invasion of Eldraine": 1412, "The Huntsman's Redemption_SB": 2760, "Blossoming Tortoise": 259, "Cenote Scout": 424, "Vaultborn Tyrant_SB": 3052, "Volcanic Spite": 3105, "Tyrranax Rex_SB": 2939, "Charming Scoundrel_SB": 446, "Goddric, Cloaked Reveler_SB": 1155, "Mirrex_SB": 1760, "Sunfire Torch": 2644, "Binding Negotiation_SB": 210, "Invasion of Gobakhan": 1415, "Caves of Koilos_SB": 419, "Vren, the Relentless_SB": 3129, "Felonious Rage": 954, "Invasion of Shandalar": 1426, "Sanguine Evangelist_SB": 2311, "Staggering Size_SB": 2575, "Agate-Blade Assassin": 28, "All Will Be One": 47, "Bloodfell Caves": 245, "Jagged Barrens": 1456, "Ob Nixilis, Captive Kingpin": 1890, "Tectonic Hazard": 2709, "Leyline of Resonance": 1592, "Thornspire Verge": 2811, "Turn Inside Out": 2923, "Brave the Wilds": 307, "Get Out": 1080, "Mountain_SB": 1813, "Unidentified Hovership": 2971, "Unidentified Hovership_SB": 2972, "Nowhere to Run": 1880, "Phyrexian Missionary": 2016, "Surgical Suite && Hospital Room": 2659, "Exorcise_SB": 855, "Ghost Vacuum_SB": 1093, "Shrouded Shepherd_SB": 2435, "Overlord of the Hauntwoods": 1954, "Overlord of the Mistmoors": 1956, "The End": 2748, "Zur, Eternal Schemer": 3238, "Archangel of Wrath_SB": 98, "Invasion of Shandalar_SB": 1427, "Rankle's Prank_SB": 2137, "Valgavoth, Terror Eater_SB": 3027, "Enduring Innocence": 806, "Entity Tracker": 821, "Ethereal Armor": 845, "Fae Flight": 882, "Floodfarm Verge": 993, "Gremlin Tamer": 1190, "Inquisitive Glimmer": 1383, "Optimistic Scavenger": 1920, "Ossification": 1929, "Shardmage's Rescue": 2405, "Sheltered by Ghosts": 2410, "Kitnap_SB": 1523, "Blazemire Verge": 230, "Brass's Tunnel-Grinder": 305, "Fear of Missing Out": 926, "Lich-Knights' Conquest": 1600, "Overlord of the Balemurk": 1948, "Overlord of the Boilerbilges": 1950, "Enduring Courage_SB": 803, "Nowhere to Run_SB": 1881, "Rottenmouth Viper_SB": 2271, "Hushwood Verge": 1350, "Overlord of the Floodpits": 1952, "Abhorrent Oculus": 1, "Artist's Talent": 120, "Pyroclasm": 2093, "Roaring Furnace && Steaming Sauna": 2253, "Fires of Victory_SB": 979, "Restless Ridgeline_SB": 2220, "Splitskin Doll": 2561, "Shardmage's Rescue_SB": 2406, "Breach the Multiverse": 311, "Conspiracy Unraveler": 523, "Gloomlake Verge": 1137, "Reenact the Crime": 2177, "The Tale of Tamiyo": 2795, "Vohar, Vodalian Desecrator": 3102, "Archfiend of the Dross_SB": 102, "Geological Appraiser": 1074, "Molten Collapse": 1782, "Undead Sprinter": 2954, "Screaming Nemesis_SB": 2353, "Harried Spearguard": 1237, "Painter's Studio && Defaced Gallery": 1969, "Phoenix Chick": 2006, "Felonious Rage_SB": 955, "Ferocification_SB": 957, "Wrenn's Resolve_SB": 3209, "Demonic Counsel": 646, "Unstoppable Slasher": 2989, "Dreadmaw's Ire_SB": 727, "Cursed Recording": 580, "The Everflowing Well": 2753, "Fountainport_SB": 1026, "The Wandering Rescuer": 2797, "Enduring Curiosity": 804, "Split Up_SB": 2560, "Chainsaw": 430, "Enduring Innocence_SB": 807, "Overlord of the Mistmoors_SB": 1957, "Picnic Ruiner": 2027, "Witch's Mark": 3190, "Twisted Fealty_SB": 2932, "Emberheart Challenger_SB": 797, "Cease // Desist_SB": 421, "Errant and Giada": 827, "Floodpits Drowner": 994, "Sheltered by Ghosts_SB": 2411, "Jadelight Spelunker": 1455, "Merfolk Cave-Diver": 1733, "Mistbreath Elder": 1772, "Nicanzil, Current Conductor": 1854, "Vodalian Hexcatcher": 3100, "Deeproot Pilgrimage_SB": 628, "Sword of Once and Future_SB": 2677, "Unable to Scream_SB": 2948, "Roaring Furnace // Steaming Sauna_SB": 2256, "Aven Interrupter": 151, "Toby, Beastie Befriender": 2872, "Monastery Mentor_SB": 1793, "Zimone, All-Questioning": 3228, "Don't Make a Sound": 697, "Kaito, Bane of Nightmares": 1477, "Fear of Impostors": 919, "Ghostly Dancers": 1094, "Mirror Room // Fractured Realm": 1762, "Silent Hallcreeper": 2441, "Virtue of Knowledge": 3085, "Beastie Beatdown": 197, "Betrayer's Bargain": 204, "Growing Dread": 1199, "Patchwork Beastie": 1981, "Scrapwork Mutt": 2348, "Wildfire Wickerfolk": 3176, "Atraxa's Fall_SB": 140, "Choking Miasma": 456, "Calix, Guided by Fate": 368, "Combat Research": 505, "Elvish Archivist": 792, "Enduring Vitality": 810, "Scalding Viper": 2329, "Scorching Dragonfire": 2340, "Stormsplitter": 2619, "Hide in Plain Sight_SB": 1305, "Scorching Dragonfire_SB": 2341, "Virtue of Strength_SB": 3092, "Case of the Stashed Skeleton": 401, "Conduit Pylons": 515, "Corpses of the Lost": 534, "Darkstar Augur": 593, "Scorn-Blade Berserker": 2344, "Withering Torment_SB": 3196, "Serra Paragon": 2395, "Altanak, the Thrice-Called": 49, "Say Its Name": 2325, "Song of Totentanz": 2505, "Stormkeld Vanguard_SB": 2618, "Screaming Nemesis": 2352, "The Rollercrusher Ride": 2783, "Balustrade Wurm_SB": 171, "Ephara's Dispersal": 823, "Unwanted Remake_SB": 2996, "Change the Equation": 440, "Invasion of Arcavios": 1410, "Collector's Cage": 494, "Vengeful Possession_SB": 3060, "Leyline of the Void_SB": 1598, "Exorcise": 854, "Split Up": 2559, "Nettle Guard_SB": 1847, "Zoraline, Cosmos Caller_SB": 3235, "Roaring Furnace // Steaming Sauna": 2255, "Restless Prairie": 2216, "Scrollshift": 2354, "Painter's Studio // Defaced Gallery": 1971, "Hearth Elemental_SB": 1268, "Render Inert": 2192, "Starfall Invocation": 2581, "Urza's Sylex_SB": 3017, "Essence Channeler": 835, "Lunar Convocation": 1663, "Ruin-Lurker Bat": 2279, "Dissection Tools_SB": 680, "Skullcap Snail_SB": 2467, "Unscrupulous Agent_SB": 2982, "Defabricate_SB": 631, "Crystal Grotto": 572, "Invasion of Segovia": 1425, "Protect the Negotiators": 2083, "Caretaker's Talent_SB": 387, "Ruthless Negotiation": 2295, "Phyrexian Obliterator_SB": 2019, "Lightning Strike_SB": 1609, "Rest in Peace": 2207, "Untimely Malfunction_SB": 2994, "Unwanted Remake": 2995, "Balustrade Wurm": 170, "Fear of Being Hunted": 915, "Charred Foyer // Warped Space_SB": 448, "Conduit of Worlds_SB": 517, "Beseech the Mirror": 202, "Rite of the Moth": 2243, "Valgavoth, Terror Eater": 3026, "Phyrexian Fleshgorger_SB": 2015, "Seized from Slumber": 2387, "Cease // Desist": 420, "Ill-Timed Explosion_SB": 1359, "Deadly Riposte_SB": 613, "Torch the Witness": 2885, "Rona's Vortex": 2266, "Surgical Suite // Hospital Room": 2661, "Valgavoth's Faithful": 3022, "Rona's Vortex_SB": 2267, "Matzalantli, the Great Door": 1716, "Osseous Sticktwister": 1927, "Razorlash Transmogrant_SB": 2152, "Agrus Kos, Spirit of Justice": 33, "Annie Joins Up": 74, "Baylen, the Haymaker": 194, "Hugs, Grisly Guardian": 1343, "Kellan, Daring Traveler": 1505, "Pia Nalaar, Consul of Revival": 2023, "Rocco, Street Chef": 2258, "Grand Abolisher_SB": 1173, "Braided Net": 296, "Clay-Fired Bricks": 477, "Farsight Ritual": 905, "Feather of Flight": 933, "Invasion of Theros": 1430, "Spellbook Vendor": 2538, "Toadstool Admirer": 2871, "Expel the Interlopers_SB": 858, "Flowstone Infusion_SB": 1002, "Giant Growth_SB": 1101, "Enduring Tenacity": 808, "Gumdrop Poisoner": 1211, "Vinereap Mentor": 3078, "Come Back Wrong_SB": 508, "Bladehold War-Whip": 224, "Jor Kadeen, First Goldwarden": 1469, "Kellan, the Fae-Blooded": 1510, "Rebel Salvo": 2162, "Minor Misstep_SB": 1754, "Kellan, Inquisitive Prodigy_SB": 1507, "Contested Game Ball_SB": 529, "Razorkin Needlehead_SB": 2150, "Witch's Mark_SB": 3191, "Danitha, Benalia's Hope_SB": 590, "Leyline of Hope": 1590, "Starscape Cleric": 2583, "Overgrown Zealot": 1947, "Abraded Bluffs": 5, "Alania's Pathmaker": 44, "Banishing Light": 175, "Nahiri's Resolve": 1829, "Tinker's Tote": 2856, "Wind-Scarred Crag": 3181, "Recommission_SB": 2171, "Volcanic Spite_SB": 3106, "Campus Renovation": 373, "Cityscape Leveler": 468, "Combat Thresher": 506, "Emerge from the Cocoon": 798, "Fear of Abduction": 914, "Galvanize": 1056, "Raucous Carnival": 2143, "Su-Chi Cave Guard": 2629, "Boulderbranch Golem_SB": 292, "Outlaw Medic_SB": 1939, "Scrollshift_SB": 2355, "Beanstalk Wurm": 196, "Blossoming Sands": 258, "Etched Cornfield": 843, "Getaway Glamer": 1082, "Hauntwoods Shrieker": 1250, "Manifest Dread": 1698, "Riftburst Hellion": 2233, "Rust Goliath": 2291, "Salvation Swan": 2304, "Threats Around Every Corner": 2829, "Valgavoth's Onslaught": 3024, "Monstrous Emergence_SB": 1799, "Neglected Manor": 1843, "Skullcap Snail": 2466, "Stockpiling Celebrant": 2605, "Found Footage_SB": 1020, "Griffnaut Tracker_SB": 1195, "Dwarven Forge-Chanter": 752, "Urabrask": 3001, "Whirling Strike_SB": 3164, "Corrupt": 536, "Final Vengeance": 973, "Hidden Necropolis": 1301, "The Dross Pits": 2745, "Unscrupulous Agent": 2981, "Candy Grapple_SB": 376, "Kaito, Bane of Nightmares_SB": 1478, "Calamity's Wake_SB": 366, "Clockwork Percussionist": 482, "Disturbing Mirth": 686, "Dusk Rose Reliquary": 748, "Monstrous Emergence": 1798, "Ephara's Dispersal_SB": 824, "Get Out_SB": 1081, "Teferi, Temporal Pilgrim_SB": 2713, "The Wandering Rescuer_SB": 2798, "Assimilation Aegis": 134, "Unstable Glyphbridge_SB": 2987, "Dismal Backwater": 677, "Distorted Curiosity": 681, "Drown in Ichor": 737, "Infectious Inquiry": 1374, "Murky Sewer": 1824, "Prologue to Phyresis": 2079, "Reject Imperfection": 2186, "Vraska's Fall": 3123, "Infectious Inquiry_SB": 1375, "Pestilent Syphoner_SB": 1999, "Vivisurgeon's Insight_SB": 3099, "Alabaster Host Intercessor": 43, "Fanatic of the Harrowing": 899, "Haunted Mire": 1247, "Nurturing Bristleback": 1883, "Radiant Grove": 2109, "Shroudstomper": 2436, "Spectral Snatcher": 2532, "Sunlit Marsh": 2647, "Fanatic of the Harrowing_SB": 900, "Urborg Repossession_SB": 3006, "Winter's Intervention_SB": 3185, "Virtue of Courage": 3083, "Push // Pull_SB": 2092, "Break Out": 314, "Make Your Own Luck": 1688, "Niv-Mizzet, Supreme": 1865, "Make Your Own Luck_SB": 1689, "Blood Hustler": 240, "Desert's Due": 657, "Eroded Canyon": 826, "Gisa, the Hellraiser": 1106, "Intimidation Campaign": 1397, "Lazav, Familiar Stranger": 1573, "Magda, the Hoardmaster": 1678, "Raven of Fell Omens": 2146, "Seize the Secrets": 2385, "Soured Springs": 2523, "Fade from History_SB": 881, "Drag to the Bottom_SB": 713, "Drown in Ichor_SB": 738, "Reject Imperfection_SB": 2187, "Serum Snare_SB": 2398, "Venser, Corpse Puppet_SB": 3064, "Vraska, Betrayal's Sting_SB": 3126, "Whisper of the Dross_SB": 3168, "Abandoned Campground": 0, "Fear of Isolation": 923, "Grand Entryway // Elegant Rotunda": 1175, "Hopeful Vigil": 1331, "Meat Locker // Drowned Diner": 1722, "The Princess Takes Flight": 2779, "Tranquil Cove": 2895, "Underwater Tunnel // Slimy Aquarium": 2962, "Deathcap Marionette": 616, "Desperate Bloodseeker": 658, "Gloomfang Mauler": 1136, "Possessed Goat": 2061, "Vile Mutilator": 3077, "Extract a Confession_SB": 871, "Make Your Move_SB": 1687, "Ghalta, Stampede Tyrant": 1087, "Withering Torment": 3195, "Ghost Vacuum": 1092, "Meathook Massacre II": 1723, "Zur, Eternal Schemer_SB": 3239, "Grievous Wound": 1193, "Razorkin Needlehead": 2149, "Vial Smasher, Gleeful Grenadier": 3072, "Unholy Annex && Ritual Chamber": 2967, "Unholy Annex && Ritual Chamber_SB": 2968, "Preacher of the Schism_SB": 2066, "Zephyr Singer": 3223, "Nashi, Searcher in the Dark": 1836, "Betrayer's Bargain_SB": 205, "Seedglaive Mentor_SB": 2382, "Valgavoth's Lair": 3023, "Idyllic Beachfront": 1357, "Undead Sprinter_SB": 2955, "Ojer Kaslem, Deepest Growth": 1905, "Restless Cottage_SB": 2214, "Otterball Antics": 1933, "Ral, Crackling Wit_SB": 2130, "Overlord of the Balemurk_SB": 1949, "Fortified Beachhead": 1018, "Harbin, Vanguard Aviator": 1227, "Recruitment Officer": 2172, "Werefox Bodyguard": 3162, "Zephyr Sentinel": 3222, "Omnivorous Flytrap": 1915, "Stubborn Burrowfiend": 2627, "Fell_SB": 952, "Trial of Agony_SB": 2910, "Doomsday Excruciator": 698, "Drag the Canal": 710, "Essence Scatter": 837, "Sazacap's Brew": 2327, "Defiled Crypt // Cadaver Lab": 638, "Popular Egotist": 2055, "Jaya, Fiery Negotiator": 1458, "Squee, Dubious Monarch_SB": 2571, "Ego Drain_SB": 770, "Stoic Sphinx_SB": 2608, "Blot Out": 260, "Drag to the Bottom": 712, "Soul of Windgrace": 2513, "Season of Gathering_SB": 2367, "Unholy Annex // Ritual Chamber": 2969, "Armored Scrapgorger": 118, "Green Sun's Twilight": 1186, "Llanowar Loamspeaker": 1629, "Bite Down_SB": 214, "Unstoppable Slasher_SB": 2990, "Impulse": 1368, "The Huntsman's Redemption": 2759, "Overprotect": 1958, "Valgavoth's Onslaught_SB": 3025, "Embereth Veteran": 795, "Drannith Ruins_SB": 725, "Live or Die": 1622, "No One Left Behind": 1868, "Not Dead After All": 1875, "Oblivious Bookworm": 1894, "Satoru, the Infiltrator": 2317, "The Swarmweaver_SB": 2794, "Enduring Courage": 802, "Rakdos Joins Up": 2123, "The Elder Dragon War": 2746, "Khenra Spellspear": 1516, "Blue Sun's Twilight_SB": 262, "Third Path Iconoclast_SB": 2804, "Helga, Skittish Seer": 1274, "Boon-Bringer Valkyrie": 277, "Elesh Norn_SB": 784, "Elas il-Kor, Sadistic Pilgrim": 773, "Hajar, Loyal Bodyguard": 1214, "Rakdos, the Muscle": 2126, "Ratadrabik of Urborg": 2140, "The Jolly Balloon Man": 2764, "Fomori Vault": 1005, "Skitterbeam Battalion": 2459, "Thran Spider": 2824, "Assimilation Aegis_SB": 135, "Phyrexian Dragon Engine_SB": 2013, "Vraan, Executioner Thane": 3120, "Goldvein Hydra_SB": 1159, "Terisian Mindbreaker": 2730, "The Mindskinner": 2775, "Eliminate the Impossible_SB": 785, "Azure Beastbinder_SB": 160, "Gix, Yawgmoth Praetor_SB": 1115, "Geological Appraiser_SB": 1075, "Flow of Knowledge": 998, "Abhorrent Oculus_SB": 2, "Unauthorized Exit_SB": 2950, "Djeru and Hazoret": 693, "Dragonhawk, Fate's Tempest": 717, "Huatli, Poet of Unity": 1342, "Dollmaker's Shop // Porcelain Gallery_SB": 696, "Commune with Evil": 511, "Nemata, Primeval Warden": 1844, "Hammerhand_SB": 1225, "Akawalli, the Seething Tower": 42, "Bringer of the Last Gift": 327, "Maha, Its Feathers Night": 1685, "Strangled Cemetery": 2620, "Terramorphic Expanse": 2731, "Uurg, Spawn of Turg": 3019, "Voracious Varmint": 3114, "Wary Watchdog": 3150, "Murder_SB": 1822, "Armored Armadillo": 115, "Draconic Destiny": 709, "Etali's Favor": 839, "Slumbering Keepguard": 2491, "Take Up the Shield_SB": 2692, "Broodspinner": 336, "Huskburster Swarm": 1351, "Writhing Necromass": 3210, "Desperate Bloodseeker_SB": 659, "Echo of Dusk_SB": 763, "Voracious Varmint_SB": 3115, "Creosote Heath": 557, "Crystal Carapace": 571, "Petrify_SB": 2001, "Conceited Witch": 514, "Fear of Infinity": 921, "Glimmerlight": 1130, "Forlorn Flats": 1016, "Hero of the Dunes": 1290, "Phyrexian Rager": 2020, "Overwhelming Remorse_SB": 1963, "Vanish into Eternity_SB": 3047, "Gixian Infiltrator": 1116, "Sawblade Skinripper": 2323, "Not Dead After All_SB": 1876, "Unseal the Necropolis_SB": 2983, "Ichor Drinker": 1354, "Izoni, Center of the Web": 1448, "Ozolith, the Shattered Spire": 1965, "Twitching Doll": 2933, "Enduring Curiosity_SB": 805, "Third Path Iconoclast": 2803, "Artist's Talent_SB": 121, "Kellan, Inquisitive Prodigy": 1506, "Valley Floodcaller_SB": 3032, "Anzrag's Rampage_SB": 83, "Aspirant's Ascent": 130, "Enter the Enigma": 819, "Ivy, Gleeful Spellthief": 1445, "Take the Fall": 2694, "Ivy, Gleeful Spellthief_SB": 1446, "Archdruid's Charm": 99, "Pawpatch Recruit_SB": 1985, "Highway Robbery": 1314, "Treasure Map": 2906, "Jodah, the Unifier": 1464, "Melira, the Living Cure": 1727, "Sigarda, Font of Blessings": 2439, "Drana and Linvala_SB": 722, "Kellan, the Kid_SB": 1512, "Kutzil, Malamet Exemplar_SB": 1557, "Myrel, Shield of Argive_SB": 1827, "Skrelv, Defector Mite_SB": 2463, "Tinybones Joins Up_SB": 2858, "Gishath, Sun's Avatar": 1108, "Ojer Axonil, Deepest Might": 1903, "Kogla and Yidaro_SB": 1536, "Fae Flight_SB": 883, "Silent Hallcreeper_SB": 2442, "Stenn, Paranoid Partisan": 2595, "Gremlin Tamer_SB": 1191, "Amalia Benavides Aguirre": 50, "Thousand Moons Smithy": 2820, "Worldwalker Helm": 3202, "Spring-Loaded Sawblades_SB": 2566, "Quick Study": 2101, "Awaken the Woods": 153, "Pick Your Poison": 2024, "Aftermath Analyst_SB": 26, "Training Grounds_SB": 2894, "Regal Bunnicorn_SB": 2181, "Corpses of the Lost_SB": 535, "Unholy Annex // Ritual Chamber_SB": 2970, "Bandit's Haul": 172, "Conduit of Worlds": 516, "Faunsbane Troll": 911, "The Goose Mother": 2757, "Anointed Peacekeeper": 80, "Archangel of Tithes": 95, "Guardian of New Benalia": 1206, "Veteran Survivor": 3069, "Darkstar Augur_SB": 594, "Commercial District_SB": 510, "Fleeting Reflection": 989, "Reasonable Doubt": 2161, "Slickshot Show-Off_SB": 2489, "Arabella, Abandoned Doll": 84, "Sword of Forge and Frontier_SB": 2675, "Sword of Forge and Frontier": 2674, "Sword of Once and Future": 2676, "Seal from Existence": 2360, "Not on My Watch": 1877, "Render Inert_SB": 2193, "Dollmaker's Shop && Porcelain Gallery": 694, "Overlord of the Floodpits_SB": 1953, "Lavaspur Boots_SB": 1570, "Arabella, Abandoned Doll_SB": 85, "Restless Anchorage_SB": 2210, "Overlord of the Boilerbilges_SB": 1951, "Island_SB": 1443, "Invasion of Innistrad": 1417, "Fugitive Codebreaker_SB": 1039, "Misery's Shadow_SB": 1767, "Lukka, Bound to Ruin": 1656, "Migloz, Maze Crusher": 1747, "Osseous Sticktwister_SB": 1928, "Walk-In Closet && Forgotten Cellar": 3133, "Piggy Bank": 2028, "Unable to Scream": 2947, "Rankle's Prank": 2136, "Sunken Citadel_SB": 2646, "Farsight Ritual_SB": 906, "Bladecoil Serpent_SB": 223, "Curate": 577, "Proft's Eidetic Memory_SB": 2076, "Starscape Cleric_SB": 2584, "Confounding Riddle": 518, "The Enigma Jewel": 2750, "The Swarmweaver": 2793, "Insatiable Avarice_SB": 1386, "Sheoldred": 2412, "Virtue of Knowledge_SB": 3086, "Ruthless Negotiation_SB": 2296, "Baird, Argivian Recruiter": 164, "Dollmaker's Shop // Porcelain Gallery": 695, "Trapped in the Screen": 2901, "Arcane Proxy": 90, "Astor, Bearer of Blades": 136, "Dissection Tools": 679, "Chrome Prowler": 460, "Hidden Cataract": 1298, "Hidden Courtyard": 1299, "Out Cold": 1934, "Lost in the Maze_SB": 1654, "Spark Rupture_SB": 2526, "Coati Scavenger": 486, "Drag to the Roots": 714, "The Skullspore Nexus": 2786, "Glass Casket": 1121, "Repel Calamity": 2196, "Walk-In Closet && Forgotten Cellar_SB": 3134, "Tarnation Vista": 2702, "Sandstorm Verge": 2309, "Pillage the Bog_SB": 2034, "Pest Control": 1996, "Cankerbloom": 378, "Violent Urge": 3080, "Argentum Masticore_SB": 110, "Archdruid's Charm_SB": 100, "Ghostly Dancers_SB": 1095, "Micromancer": 1741, "Invasion of Ixalan": 1418, "Bristlebud Farmer_SB": 329, "Drannith Ruins": 724, "Clement, the Worrywort": 479, "Dour Port-Mage": 705, "Dreamdew Entrancer": 729, "Long River Lurker": 1636, "Pond Prophet": 2054, "Sunshower Druid": 2648, "Three Tree Scribe": 2836, "Coppercoat Vanguard": 531, "Valiant Veteran": 3028, "Syr Ginger, the Meal Ender": 2684, "Festering Gulch": 958, "Fake Your Own Death_SB": 895, "Forest_SB": 1013, "Heaped Harvest_SB": 1261, "Swamp_SB": 2667, "Treeguard Duo_SB": 2908, "Breeches, Eager Pillager": 317, "Captain Storm, Cosmium Raider": 383, "Goblin Tomb Raider": 1153, "Malcolm, the Eyes": 1694, "Reckless Lackey": 2165, "Roaming Throne": 2251, "Staunch Crewmate": 2588, "Roaming Throne_SB": 2252, "Sharp-Eyed Rookie": 2407, "Fauna Shaman": 909, "Haywire Mite": 1251, "Likeness Looter": 1611, "Nashi, Moon's Legacy": 1835, "Demand Answers": 643, "Take Up the Shield": 2691, "Jirina, Dauntless General_SB": 1463, "Slime Against Humanity": 2490, "Explosive Derailment": 863, "Fell": 951, "Great Train Heist": 1181, "Return the Favor": 2228, "Chainsaw_SB": 431, "Turn Inside Out_SB": 2924, "Chupacabra Echo": 461, "Hollow Scavenger": 1325, "Hedge Shredder": 1272, "Grievous Wound_SB": 1194, "Cathartic Parting_SB": 408, "Impulse_SB": 1369, "Lich-Knights' Conquest_SB": 1601, "Overlord of the Hauntwoods_SB": 1955, "Bovine Intervention_SB": 295, "Scatter Ray": 2334, "Ashiok, Wicked Manipulator_SB": 126, "Ghired, Mirror of the Wilds": 1088, "Cult Conscript": 573, "Roaring Furnace && Steaming Sauna_SB": 2254, "Hidetsugu and Kairi": 1307, "Under the Skin": 2956, "Elusive Otter_SB": 790, "Unyielding Gatekeeper": 2997, "Restricted Office && Lecture Hall_SB": 2225, "Season of Weaving_SB": 2371, "Cunning Coyote": 575, "Thraxodemon": 2827, "Fear of Lost Teeth": 925, "Invasion of Azgol": 1411, "Tinybones, the Pickpocket_SB": 2861, "Marvin, Murderous Mimic": 1711, "Decadent Dragon": 620, "Rakdos, Patron of Chaos": 2125, "The Infamous Cruelclaw_SB": 2762, "Pollen-Shield Hare": 2049, "Ashiok, Wicked Manipulator": 125, "Final Showdown": 971, "Kutzil's Flanker": 1554, "Ingenious Prodigy": 1379, "Plumecreed Escort_SB": 2046, "Aloe Alchemist": 48, "Yavimaya Iconoclast": 3214, "Bloodletter of Aclazotz_SB": 248, "Braids, Arisen Nightmare_SB": 299, "Pugnacious Hammerskull_SB": 2089, "Glarb, Calamity's Augur_SB": 1120, "Kambal, Profiteering Mayor_SB": 1485, "Warden of the Inner Sky_SB": 3140, "Painter's Studio && Defaced Gallery_SB": 1970, "Planar Disruption_SB": 2042, "Overprotect_SB": 1959, "Portent of Calamity": 2060, "Floodpits Drowner_SB": 995, "Lukka, Bound to Ruin_SB": 1657, "Roxanne, Starfall Savant_SB": 2273, "Black Sun's Twilight": 219, "Iridescent Vinelasher_SB": 1439, "Great Train Heist_SB": 1182, "Bristling Backwoods": 330, "Rugged Highlands": 2278, "Razortrap Gorge": 2153, "Herbology Instructor_SB": 1287, "Hidden Grotto": 1300, "Heroic Reinforcements": 1294, "Maelstrom Pulse": 1676, "Scavenging Ooze": 2337, "Vivien Reid": 3096, "Liliana, Dreadhorde General_SB": 1615, "Maelstrom Pulse_SB": 1677, "Back for Seconds_SB": 162, "Case of the Stashed Skeleton_SB": 402, "Homicide Investigator_SB": 1327, "Burst Lightning": 356, "Boros Charm": 280, "Llanowar Elves": 1626, "Abyssal Harvester": 9, "Soulstone Sanctuary": 2521, "Scavenging Ooze_SB": 2338, "Vivien Reid_SB": 3097, "Basilisk Collar_SB": 188, "Day of Judgment": 600, "Authority of the Consuls_SB": 149, "Devout Decree_SB": 666, "Flashfreeze_SB": 986, "Evangel of Synthesis": 848, "Zombify": 3232, "Desecration Demon_SB": 656, "Wail of the Forgotten_SB": 3131, "Sun-Blessed Healer": 2636, "Temple of Triumph": 2724, "Campus Renovation_SB": 374, "Boltwave": 265, "Splitskin Doll_SB": 2562, "Heartflame Duelist_SB": 1266, "Slagstorm_SB": 2480, "Mazemind Tome": 1720, "Crystal Barricade_SB": 570, "Bloodthirsty Conqueror_SB": 252, "Kellan, Planar Trailblazer": 1508, "Opt": 1918, "Kaito, Cunning Infiltrator_SB": 1480, "Feed the Swarm_SB": 942, "Spinner of Souls": 2551, "Pitiless Carnage_SB": 2037, "Kiora, the Rising Tide": 1519, "Ghitu Lavarunner": 1090, "Thrill of Possibility": 2839, "Elenda, Saint of Dusk": 779, "Garna, Bloodfist of Keld": 1059, "Kellan, the Kid": 1511, "Secluded Courtyard": 2378, "Faebloom Trick": 884, "Authority of the Consuls": 148, "Exemplar of Light": 852, "Fiendish Panda": 963, "Hinterland Sanctifier": 1316, "Elenda, Saint of Dusk_SB": 780, "Felidar Retreat": 948, "Herald of Eternal Dawn": 1282, "Loot, Exuberant Explorer": 1640, "Mossborn Hydra": 1808, "Spectral Sailor": 2531, "Unsummon": 2991, "Giant Cindermaw_SB": 1099, "Bloodthirsty Conqueror": 251, "Heartflame Duelist": 1265, "Viashino Pyromancer": 3073, "Ball Lightning": 167, "Bloodfeather Phoenix": 243, "Grab the Prize": 1167, "Lyra Dawnbringer_SB": 1670, "Virtue of Courage_SB": 3084, "Brineborn Cutthroat_SB": 324, "Ertai's Scorn_SB": 832, "Flow of Knowledge_SB": 999, "Haughty Djinn_SB": 1244, "Urza's Rebuff_SB": 3014, "Abyssal Harvester_SB": 10, "Painter's Studio // Defaced Gallery_SB": 1972, "Hero's Downfall": 1291, "Liliana, Dreadhorde General": 1614, "Temple of Malady": 2719, "Temple of Plenty": 2722, "Temple of Silence": 2723, "Mortify_SB": 1807, "Kaito, Cunning Infiltrator": 1479, "Sphinx of Forgotten Lore": 2543, "Aetherize_SB": 23, "Feldon's Cane_SB": 944, "Demonic Pact": 650, "Harmless Offering": 1236, "Ethereal Armor_SB": 846, "Cathar Commando": 406, "Knight of Grace": 1530, "Ajani, Caller of the Pride_SB": 36, "Reclamation Sage_SB": 2169, "Dead Weight": 605, "Gixian Puppeteer": 1118, "Revenge of the Rats": 2229, "Terror Ballista": 2732, "The Ancient One": 2741, "Zurgo and Ojutai": 3240, "Llanowar Greenwidow": 1628, "An Offer You Can't Refuse_SB": 56, "Trapped in the Screen_SB": 2902, "Subterranean Schooner_SB": 2631, "Worldsoul's Rage": 3201, "Hero's Downfall_SB": 1292, "Refute": 2178, "Curator of Destinies_SB": 578, "Day of Judgment_SB": 601, "Ashroot Animist": 129, "Polukranos Reborn": 2052, "Ruby, Daring Tracker": 2277, "Muerra, Trash Tactician_SB": 1818, "Boros Charm_SB": 281, "High Stride": 1312, "Infectious Bite": 1373, "Aspirant's Ascent_SB": 131, "Distorted Curiosity_SB": 682, "Enter the Enigma_SB": 820, "Fleeting Reflection_SB": 990, "High Stride_SB": 1313, "Prologue to Phyresis_SB": 2080, "This Town Ain't Big Enough_SB": 2807, "Jirina, Dauntless General": 1462, "Deathmark_SB": 617, "Joust Through_SB": 1471, "Knight of Grace_SB": 1531, "Raise the Past_SB": 2121, "Arcanis the Omnipotent_SB": 92, "Feed the Cycle_SB": 939, "Insidious Fungus_SB": 1388, "Stab_SB": 2574, "Dazzling Denial": 603, "Empyrean Eagle": 799, "Healer's Hawk": 1259, "Blooming Blast": 255, "Firebrand Archer": 976, "Greed's Gambit": 1183, "Molten Collapse_SB": 1783, "Sire of Seven Deaths_SB": 2454, "Temple of Deceit": 2716, "Sentinel of the Nameless City_SB": 2393, "Doubling Season": 703, "Cathar Commando_SB": 407, "Elegant Parlor_SB": 778, "Thrun, Breaker of Silence": 2844, "Buried in the Garden": 349, "Fecund Greenshell": 935, "Genesis Wave": 1073, "Invasion of Zendikar": 1433, "Urborg Scavengers_SB": 3008, "Ajani's Pridemate": 34, "Arahbo, the First Fang": 87, "Joust Through": 1470, "Prideful Parent": 2068, "Regal Caracal": 2182, "Savannah Lions": 2319, "Skyknight Squire": 2474, "Banishing Light_SB": 176, "Claws Out_SB": 476, "Audacity_SB": 144, "Brineborn Cutthroat": 323, "Desecration Demon": 655, "Cynical Loner": 586, "Driver of the Dead": 735, "Gatekeeper of Malakir": 1069, "Infestation Sage": 1376, "Kalastria Highborn": 1483, "Nullpriest of Oblivion": 1882, "Pulse Tracker": 2090, "Vampire Nighthawk": 3042, "Vengeful Bloodwitch": 3058, "Undergrowth Recon": 2961, "Walk-In Closet // Forgotten Cellar": 3135, "An Offer You Can't Refuse": 55, "Carnelian Orb of Dragonkind": 388, "Invasion of Tarkir": 1428, "Sarkhan, Soul Aflame": 2316, "Slagstorm": 2479, "Stingerback Terror": 2600, "Twinflame Tyrant": 2928, "Omniscience": 1914, "Drag to the Roots_SB": 715, "Invasion of Regatha": 1423, "Luminous Rebuke": 1660, "Witness Protection_SB": 3198, "Primal Might": 2069, "Arcanis the Omnipotent": 91, "Moment of Craving_SB": 1787, "Tinybones, Bauble Burglar": 2859, "Sphinx of Forgotten Lore_SB": 2544, "Ashnod's Intervention": 128, "Bloodfeather Phoenix_SB": 244, "Koma, World-Eater": 1540, "Fear of Impostors_SB": 920, "Giada, Font of Hope": 1096, "Lyra Dawnbringer": 1669, "Resplendent Angel": 2204, "Youthful Valkyrie": 3219, "Witness Protection": 3197, "Fabrication Foundry": 880, "Fumigate": 1041, "Hammerhand": 1224, "Sawblade Scamp": 2322, "Citanul Stalwart": 467, "Dwynen's Elite": 754, "Elvish Archdruid": 791, "Imperious Perfect": 1365, "Leaf-Crowned Visionary": 1575, "Surrak and Goreclaw": 2663, "Tyvar the Bellicose": 2940, "Tyvar, the Pummeler": 2944, "Dwynen, Gilt-Leaf Daen_SB": 756, "Deeproot Wayfinder": 629, "Unsummon_SB": 2992, "Sire of Seven Deaths": 2453, "Surrak, the Hunt Caller": 2665, "Wildborn Preserver_SB": 3174, "Searslicer Goblin": 2364, "Stromkirk Noble": 2626, "Reclamation Sage": 2168, "Case of the Locked Hothouse_SB": 399, "Bulk Up": 346, "Chandra, Flameshaper": 432, "Swiftblade Vindicator": 2669, "Archmage of Runes": 103, "Ertai's Scorn": 831, "Metamorphic Blast": 1735, "Unauthorized Exit": 2949, "Harrier Strix_SB": 1239, "Strix Lookout_SB": 2623, "The Tale of Tamiyo_SB": 2796, "Twist Reality_SB": 2930, "Leyline Axe": 1587, "Sporogenic Infection": 2563, "Commune with Evil_SB": 512, "Fear of Missing Out_SB": 927, "Helpful Hunter": 1280, "Knight of Dawn's Light": 1526, "Raise the Past": 2120, "Enduring Tenacity_SB": 809, "Leyline of Hope_SB": 1591, "Coppercoat Vanguard_SB": 532, "Garna, Bloodfist of Keld_SB": 1060, "Burst Lightning_SB": 357, "Massacre Wurm_SB": 1715, "The Autonomous Furnace": 2742, "Vampire Nighthawk_SB": 3043, "Runic Shot_SB": 2287, "Razorlash Transmogrant": 2151, "Hearthborn Battler": 1269, "Invasion of Tarkir_SB": 1429, "Candy Trail": 377, "Marauding Blight-Priest": 1702, "Moment of Craving": 1786, "Murder": 1821, "Savor": 2320, "Servant of the Stinger": 2399, "Sanguine Indulgence_SB": 2312, "Soul-Shackled Zombie_SB": 2517, "Contaminated Aquifer": 528, "Marauding Brinefang": 1703, "Soul-Guide Lantern": 2514, "Union of the Third Path": 2973, "Vanish into Eternity": 3046, "Dewdrop Cure": 667, "Elesh Norn": 781, "Goblin Surprise": 1152, "Irreverent Gremlin": 1441, "Krenko, Mob Boss": 1550, "Norin, Swift Survivalist": 1872, "Vicious Clown": 3075, "Involuntary Employment_SB": 1437, "Outlaws' Fury": 1940, "Bake into a Pie_SB": 165, "Hazardous Blast_SB": 1253, "Azorius Guildgate": 158, "Boros Guildgate": 282, "Circuitous Route": 466, "Dimir Guildgate": 671, "Eaten Alive": 760, "Expedition Map": 856, "Golgari Guildgate": 1161, "Gruul Guildgate": 1202, "Insidious Fungus": 1387, "Izzet Guildgate": 1450, "Maze's End": 1718, "Muldrotha, the Gravetide": 1819, "Orzhov Guildgate": 1926, "Rakdos Guildgate": 2122, "Selesnya Guildgate": 2389, "Simic Guildgate": 2450, "Tatyova, Benthic Druid": 2705, "Brightblade Stoat_SB": 320, "Thornwood Falls": 2813, "Bartolom\u00e9 del Presidio": 184, "Midnight Reaper": 1744, "Nezumi Linkbreaker": 1853, "Vampire Gourmand": 3041, "Deadly Brew": 608, "Tocasia's Dig Site": 2873, "Electrostatic Infantry": 776, "Frenzied Goblin_SB": 1031, "Impact Tremors": 1363, "Kindlespark Duo": 1517, "Ral's Reinforcements": 2128, "Rodeo Pyromancers": 2262, "Deadeye Duelist_SB": 607, "Skewer Slinger_SB": 2456, "Thunder Salvo_SB": 2846, "Midnight Mayhem": 1743, "Ratcatcher Trainee": 2141, "Dragon Fodder": 716, "Keldon Strike Team_SB": 1503, "Guardian of the Great Door": 1207, "Lonely Arroyo": 1633, "Boulderbranch Golem": 291, "Fierce Empath": 965, "Galewind Moose": 1054, "Gossip's Talent": 1166, "Gruff Triplets": 1201, "Lush Oasis": 1667, "Mirage Mesa": 1756, "Outcaster Greenblade": 1936, "Sunshower Druid_SB": 2649, "Banner of Kinship": 177, "Hare Apparent": 1235, "Kayla's Reconstruction": 1499, "Hinterland Sanctifier_SB": 1317, "Prophetic Prism": 2082, "Basilisk Collar": 187, "Ambush Wolf_SB": 52, "Dead Weight_SB": 606, "Fog of War_SB": 1004, "Aetherize": 22, "Peculiar Lighthouse": 1987, "Swiftwater Cliffs": 2672, "Tolarian Terror_SB": 2878, "Union of the Third Path_SB": 2974, "Hidetsugu's Second Rite": 1308, "Ghitu Lavarunner_SB": 1091, "Drag the Canal_SB": 711, "Scatter Ray_SB": 2335, "Stingerback Terror_SB": 2601, "Flamewake Phoenix_SB": 984, "Grand Entryway && Elegant Rotunda": 1174, "Karplusan Forest_SB": 1492, "Cosmic Rebirth": 543, "Elvish Regrower": 794, "Springbloom Druid": 2567, "Tolsimir, Midnight's Light": 2879, "Twisted Fealty": 2931, "Aegis Turtle_SB": 18, "Temple of Malice": 2720, "Night of the Sweets' Revenge": 1856, "Welcome to Sweettooth": 3161, "Cosmium Confluence_SB": 546, "Volatile Fault_SB": 3104, "Fiery Annihilation_SB": 967, "Calix, Guided by Fate_SB": 369, "Divine Resilience_SB": 692, "Unflinching Courage_SB": 2966, "Valorous Stance_SB": 3040, "Anthem of Champions": 82, "Armasaur Guide": 114, "Biogenic Upgrade": 211, "Charming Prince": 444, "Dazzling Angel": 602, "Felidar Savior": 950, "Felling Blow": 953, "Gnarlid Colony": 1140, "Good-Fortune Unicorn": 1165, "Inspiring Call": 1391, "Inspiring Paladin": 1393, "Leonin Vanguard": 1583, "Mild-Mannered Librarian": 1749, "Pacifism": 1966, "Wary Thespian": 3149, "Wildborn Preserver": 3173, "Wildwood Scourge": 3177, "Immersturm Predator": 1360, "Trygon Predator_SB": 2917, "Dwynen, Gilt-Leaf Daen": 755, "Lathril, Blade of the Elves": 1564, "Ajani, Caller of the Pride": 35, "Angel of Vitality": 65, "Extinguish the Light_SB": 870, "Nine-Lives Familiar": 1861, "Voracious Greatshark": 3113, "Rite of Replication": 2240, "Swiftfoot Boots_SB": 2671, "Eaten by Piranhas_SB": 762, "Axebane Ferox_SB": 155, "Ghalta, Primal Hunger": 1086, "Alesha, Who Laughs at Fate": 46, "Aurelia, the Law Above": 146, "Perforating Artist": 1991, "Crash Through": 553, "Drake Hatcher": 720, "Feed the Swarm": 941, "Crawling Barrens": 554, "Mazemind Tome_SB": 1721, "Urborg Scavengers": 3007, "Zetalpa, Primal Dawn": 3225, "Dragonlord's Servant": 718, "Incinerator of the Guilty": 1370, "Kolaghan Warmonger": 1537, "Rivaz of the Claw": 2244, "Tyrant of Kher Ridges": 2935, "Phyrexian Censor": 2010, "Volatile Fault": 3103, "Seal from Existence_SB": 2361, "Stasis Snare_SB": 2586, "Ichormoon Gauntlet": 1355, "Jace Reawakened": 1451, "Jin-Gitaxias": 1461, "Temple of Epiphany": 2718, "Galvanize_SB": 1057, "Joint Exploration": 1468, "Titania's Command_SB": 2866, "Burglar Rat": 348, "Halo Forager": 1221, "Macabre Waltz": 1674, "Mindsplice Apparatus": 1751, "Painful Quandary": 1967, "Psychic Whorl": 2086, "Rune-Scarred Demon": 2285, "The Key to the Vault": 2767, "The Rollercrusher Ride_SB": 2784, "Dawn's Truce": 597, "Colossal Rattlewurm": 501, "Rattleback Apothecary": 2142, "Tatyova, Steward of Tides": 2706, "Tomb Trawler_SB": 2881, "Nashi, Searcher in the Dark_SB": 1837, "Inspiration from Beyond": 1390, "Filter Out_SB": 969, "Kutzil, Malamet Exemplar": 1556, "Runic Shot": 2286, "Herald of Eternal Dawn_SB": 1283, "Sun-Blessed Healer_SB": 2637, "Seeker's Folly": 2383, "Mortify": 1806, "Coveted Falcon": 550, "Greed's Gambit_SB": 1184, "Stab": 2573, "Ferocification": 956, "Dreadwing Scavenger": 728, "Broodspinner_SB": 337, "Fiery Annihilation": 966, "Beseech the Mirror_SB": 203, "Heroic Reinforcements_SB": 1295, "Peerless Recycling_SB": 1988, "Wing Commando": 3183, "Essence Scatter_SB": 838, "Cerebral Confiscation_SB": 427, "Haunted Screen": 1249, "Prayer of Binding": 2064, "Furnace Reins": 1048, "River's Rebuke": 2245, "Koma, World-Eater_SB": 1541, "Primeval Bounty_SB": 2070, "River's Rebuke_SB": 2246, "Regal Caracal_SB": 2183, "Kiora, the Rising Tide_SB": 1520, "Rat Out_SB": 2139, "Faebloom Trick_SB": 885, "Throne of the Grim Captain": 2841, "The Kenriths' Royal Funeral_SB": 2766, "Saiba Cryptomancer": 2303, "Zoetic Glyph_SB": 3231, "Seized from Slumber_SB": 2388, "Inspiring Overseer": 1392, "Mischievous Pup": 1765, "Angel of Finality_SB": 64, "Kraul Whipcracker": 1545, "Wardens of the Cycle": 3141, "Badlands Revival": 163, "Copper Host Crusher": 530, "Feed the Infection": 940, "Vinereap Mentor_SB": 3079, "Belligerent Yearling": 201, "Colossadactyl": 500, "Earthshaker Dreadmaw": 759, "Giant Cindermaw": 1098, "Itzquinth, Firstborn of Gishath": 1444, "Ixalli's Lorekeeper": 1447, "Rogue's Passage": 2263, "Scytheclaw Raptor": 2357, "Thrashing Brontodon": 2826, "Triumphant Chomp": 2914, "Armored Kincaller_SB": 117, "Ankle Biter": 70, "Fynn, the Fangbearer": 1050, "Nimraiser Paladin": 1860, "The Hunter Maze": 2758, "At Knifepoint": 138, "Fanatical Firebrand": 901, "Hellspur Brute": 1276, "Mourner's Surprise_SB": 1814, "Unflinching Courage": 2965, "Sandstorm Salvager": 2307, "Hired Claw_SB": 1319, "Autonomous Assembler": 150, "Quintorius Kand": 2102, "Kayla's Command_SB": 1498, "Luminous Rebuke_SB": 1661, "Massacre Wurm": 1714, "Stalactite Stalker": 2576, "Felidar Retreat_SB": 949, "Dreamdew Entrancer_SB": 730, "Spinner of Souls_SB": 2552, "Gisa, the Hellraiser_SB": 1107, "Bitter Reunion_SB": 216, "Jace Reawakened_SB": 1452, "Dust Animus": 750, "Steel Seraph_SB": 2594, "Gumdrop Poisoner_SB": 1212, "Archangel of Tithes_SB": 96, "Demonic Counsel_SB": 647, "Herbology Instructor": 1286, "Restless Bivouac_SB": 2212, "Lively Dirge_SB": 1624, "Titania's Command": 2865, "Imperious Perfect_SB": 1366, "Sandstorm Salvager_SB": 2308, "Tough Cookie_SB": 2890, "Raucous Carnival_SB": 2144, "Seize the Spoils": 2386, "The Mycotyrant": 2778, "Sporogenic Infection_SB": 2564, "Funeral Room // Awakening Hall_SB": 1044, "Rise of the Dark Realms_SB": 2238, "Canonized in Blood": 380, "Cemetery Recruitment": 423, "Diregraf Ghoul": 672, "Hungry Ghoul": 1346, "Offer Immortality": 1900, "Sanguine Syphoner": 2313, "Skeleton Archer": 2455, "Vampiric Rites": 3045, "Temple of Enlightenment": 2717, "Fumigate_SB": 1042, "Valkyrie's Call_SB": 3029, "Skystrike Officer": 2478, "Mockingbird_SB": 1778, "Temple of Mystery": 2721, "Timely Interference": 2855, "Vesuvan Duplimancy": 3067, "Dive Down_SB": 688, "Scrawling Crawler_SB": 2350, "Dryad Militant_SB": 741, "Bristlebud Farmer": 328, "Charred Foyer && Warped Space_SB": 447, "Absolving Lammasu_SB": 6, "Think Twice": 2801, "Micromancer_SB": 1742, "Coruscation Mage_SB": 541, "Bruse Tarl, Roving Rancher": 340, "Fblthp, Lost on the Range": 912, "Weakstone's Subjugation": 3154, "Fblthp, Lost on the Range_SB": 913, "Weakstone's Subjugation_SB": 3155, "Bottomless Pool && Locker Room": 287, "Hidetsugu's Second Rite_SB": 1309, "Invasion of Karsus_SB": 1421, "Mirror Room && Fractured Realm_SB": 1761, "Sword of Wealth and Power_SB": 2680, "Wildfire Howl_SB": 3175, "Zurgo and Ojutai_SB": 3241, "Mabel, Heir to Cragflame_SB": 1673, "Halo Forager_SB": 1222, "Ballyrush Banneret": 168, "Siege Veteran_SB": 2437, "Soulstone Sanctuary_SB": 2522, "Karn, Living Legacy": 1490, "Metropolis Reformer": 1739, "Blood Spatter Analysis": 242, "Rundvelt Hordemaster": 2283, "Final Vengeance_SB": 974, "Silverback Elder_SB": 2447, "Branchblight Stalker": 303, "Gitaxian Anatomist": 1109, "Goliath Hatchery": 1162, "Ichorspit Basilisk": 1356, "Lakeside Shack": 1561, "Maze's Mantle": 1719, "Mesmerizing Dose": 1734, "Paladin of Predation": 1973, "Plague Nurse": 2038, "Tainted Observer": 2690, "Tangled Islet": 2701, "Thrummingbird": 2843, "Tyrranax Atrocity": 2937, "Venomous Brutalizer": 3062, "Viral Spawning": 3082, "Vivisurgeon's Insight": 3098, "Angelic Intervention": 66, "Omenpath Journey": 1913, "Poison Dart Frog": 2047, "Rampaging Baloths": 2131, "Migloz, Maze Crusher_SB": 1748, "Seraphic Steed": 2394, "Meticulous Excavation_SB": 1738, "Seeker's Folly_SB": 2384, "Realmbreaker, the Invasion Tree": 2159, "Deeproot Pilgrimage": 627, "Mistway Spy": 1774, "Aegis Turtle": 17, "Venerated Rotpriest_SB": 3057, "Grabby Giant": 1169, "Rite of the Dragoncaller": 2241, "Hulking Raptor": 1345, "Pugnacious Hammerskull": 2088, "Invasion of Kaldheim": 1419, "Gwenna, Eyes of Gaea": 1213, "Halana and Alena, Partners": 1216, "Inga and Esika": 1378, "Myrel, Shield of Argive": 1826, "Hajar, Loyal Bodyguard_SB": 1215, "Surrak and Goreclaw_SB": 2664, "Doomsday Excruciator_SB": 699, "Getaway Glamer_SB": 1083, "Bottomless Pool // Locker Room": 289, "Necrogen Communion": 1838, "Vraska Joins Up": 3121, "Thirsting Roots_SB": 2805, "Battlefly Swarm": 193, "Solemn Simulacrum": 2502, "Maha, Its Feathers Night_SB": 1686, "Viashino Pyromancer_SB": 3074, "The Stone Brain": 2790, "Decadent Dragon_SB": 621, "Defiled Crypt // Cadaver Lab_SB": 639, "Heraldic Banner": 1284, "Heraldic Banner_SB": 1285, "Thalia and The Gitrog Monster": 2737, "Surgical Suite && Hospital Room_SB": 2660, "Entity Tracker_SB": 822, "Rebel Salvo_SB": 2163, "Aether Channeler": 19, "Defiled Crypt && Cadaver Lab": 636, "Exuberant Fuseling": 874, "Thundertrap Trainer_SB": 2852, "Abuelo's Awakening": 7, "Kitsa, Otterball Elite_SB": 1525, "Rona, Herald of Invasion_SB": 2269, "Unnerving Grasp_SB": 2979, "Fear of Surveillance": 928, "Wilt-Leaf Liege_SB": 3180, "Mechanized Warfare": 1725, "Fleeting Flight_SB": 988, "Muerra, Trash Tactician": 1817, "Kona, Rescue Beastie": 1542, "Time Stop": 2853, "Quick Draw_SB": 2100, "Blasphemous Edict": 226, "Smuggler's Surprise_SB": 2496, "Adaptive Automaton": 14, "Three Tree Mascot": 2835, "Bottomless Pool // Locker Room_SB": 290, "The Princess Takes Flight_SB": 2780, "Anim Pakal, Thousandth Moon_SB": 69, "Palani's Hatcher": 1974, "Temple of Abandon": 2715, "Whisper of the Dross": 3167, "Vraska's Fall_SB": 3124, "Restless Reef_SB": 2218, "Mischievous Mystic": 1764, "Defiler of Flesh": 641, "Garruk's Uprising": 1061, "Zul Ashur, Lich Lord": 3237, "Kraul Whipcracker_SB": 1546, "Lifecreed Duo": 1603, "At Knifepoint_SB": 139, "Monstrous Rage_SB": 1801, "Kellan's Lightblades_SB": 1504, "Blasphemous Edict_SB": 227, "Annie Flash, the Veteran_SB": 73, "Defiled Crypt && Cadaver Lab_SB": 637, "Cultivator's Caravan": 574, "Scene of the Crime": 2339, "Demonic Ruckus_SB": 653, "Impact Tremors_SB": 1364, "Coveted Falcon_SB": 551, "Wishclaw Talisman_SB": 3188, "Swooping Lookout": 2673, "Recruitment Officer_SB": 2173, "Oko, the Ringleader_SB": 1909, "Kambal, Profiteering Mayor": 1484, "Kaya, Spirits' Justice_SB": 1497, "Highway Robbery_SB": 1315, "Intrepid Paleontologist": 1405, "Bolt Bend_SB": 264, "Wishclaw Talisman": 3187, "Feldon's Cane": 943, "Neutralize the Guards": 1848, "Ayli, Eternal Pilgrim": 157, "Disturbing Conversion": 684, "Shipwreck Dowser": 2420, "Abuelo's Awakening_SB": 8, "Builder's Talent_SB": 345, "Eerie Interference_SB": 768, "Untimely Malfunction": 2993, "Imprisoned in the Moon_SB": 1367, "Inquisitive Glimmer_SB": 1384, "Refute_SB": 2179, "Argentum Masticore": 109, "Hall of Tagsin": 1219, "Hedron Archive": 1273, "The Mycosynth Gardens": 2777, "Tomakul Honor Guard": 2880, "Bramble Familiar": 300, "Sphinx of the Final Word_SB": 2545, "Walk with the Ancestors": 3132, "Meathook Massacre II_SB": 1724, "Repulsive Mutation": 2198, "Sylvan Scavenging_SB": 2683, "Thundering Falls_SB": 2848, "Dowsing Device": 707, "Saheeli, Filigree Master_SB": 2302, "Scrawling Crawler": 2349, "Case of the Ransacked Lab": 400, "The Surgical Bay": 2792, "War Squeak_SB": 3138, "Spirebluff Canal_SB": 2554, "Chandra, Flameshaper_SB": 433, "Expel the Interlopers": 857, "Bite Down": 213, "Gaea's Gift": 1052, "Trash the Town": 2903, "Corsair Captain": 539, "Lost Jitte_SB": 1652, "Blazing Crescendo_SB": 232, "Rip, Spawn Hunter": 2235, "Funeral Room // Awakening Hall": 1043, "Outlaw Medic": 1938, "Wilt-Leaf Liege": 3179, "Thousand Moons Smithy_SB": 2821, "Blightbelly Rat": 235, "Unnatural Restoration": 2976, "Carnivorous Canopy_SB": 389, "Gaea's Gift_SB": 1053, "Give In to Violence_SB": 1111, "Cityscape Leveler_SB": 469, "Nahiri's Resolve_SB": 1830, "Brazen Collector": 310, "Generous Plunderer": 1072, "Trial of Agony": 2909, "Zoyowa's Justice": 3236, "Ancestors' Aid_SB": 60, "Leyline of Resonance_SB": 1593, "Churning Reservoir": 462, "Magmatic Sprinter": 1682, "Sardian Cliffstomper": 2314, "Solphim, Mayhem Dominus": 2504, "The Monumental Facade": 2776, "Churning Reservoir_SB": 463, "Magmatic Sprinter_SB": 1683, "Monastery Swiftspear_SB": 1795, "Sardian Cliffstomper_SB": 2315, "Malcolm, Alluring Scoundrel_SB": 1693, "Repel Calamity_SB": 2197, "Samut, Vizier of Naktamun": 2305, "Call a Surprise Witness": 370, "Trostani, Three Whispers": 2915, "Tribute to the World Tree_SB": 2912, "Taii Wakeen, Perfect Shot": 2686, "Unruly Catapult": 2980, "Glassworks // Shattered Yard_SB": 1124, "Hulking Metamorph": 1344, "Surge Engine_SB": 2655, "Massacre Girl, Known Killer": 1712, "Massacre Girl, Known Killer_SB": 1713, "Rakdos Joins Up_SB": 2124, "Rakdos, the Muscle_SB": 2127, "Ghalta and Mavren": 1085, "Hide in Plain Sight": 1304, "Progenitus": 2077, "Crystal Barricade": 569, "Green Sun's Twilight_SB": 1187, "Break Down the Door": 313, "Bubble Smuggler": 343, "Cryptid Inspector": 568, "Cursed Windbreaker": 582, "Exit Specialist": 853, "Polukranos Reborn_SB": 2053, "Hazardroot Herbalist": 1254, "Head of the Homestead": 1257, "Rabbit Response": 2105, "Treeguard Duo": 2907, "Uncharted Haven": 2951, "Warren Elder": 3146, "Head of the Homestead_SB": 1258, "Grab the Prize_SB": 1168, "Stroke of Midnight_SB": 2625, "Stroke of Midnight": 2624, "Ragged Playmate": 2116, "Fear of Surveillance_SB": 929, "Grand Entryway // Elegant Rotunda_SB": 1176, "Norin, Swift Survivalist_SB": 1873, "Ragged Playmate_SB": 2117, "Wandertale Mentor": 3136, "Vodalian Mindsinger_SB": 3101, "Eriette's Tempting Apple": 825, "Experimental Confectioner": 860, "Feed the Cauldron": 937, "Gingerbread Hunter": 1104, "Greta, Sweettooth Scourge": 1192, "Mintstrosity": 1755, "Scream Puff": 2351, "Spider Food": 2546, "Sweettooth Witch": 2668, "Three Bowls of Porridge": 2831, "Sugar Rush_SB": 2633, "Leonin Vanguard_SB": 1584, "Ruin-Lurker Bat_SB": 2280, "The Millennium Calendar_SB": 2774, "Veteran Survivor_SB": 3070, "Corrupted Conviction_SB": 538, "Deadly Brew_SB": 609, "Cheeky House-Mouse_SB": 452, "Dryad Militant": 740, "Contagious Vorrac": 526, "Necrogen Rotpriest": 1839, "Armored Scrapgorger_SB": 119, "Invasion of Fiora_SB": 1414, "Rush of Dread_SB": 2290, "Final Flourish_SB": 970, "Time Stop_SB": 2854, "Unnatural Restoration_SB": 2977, "Founding the Third Path_SB": 1022, "Binding Negotiation": 209, "Vraska, the Silencer": 3127, "Barkform Harvester": 181, "Rampaging Spiketail": 2134, "Invasion of Ergamon": 1413, "Beastie Beatdown_SB": 198, "Break Out_SB": 315, "Vengeful Possession": 3059, "Step Between Worlds_SB": 2596, "Hellspur Posse Boss": 1278, "Cynical Loner_SB": 587, "Hellspur Brute_SB": 1277, "Kemba, Kha Enduring": 1513, "Swiftfoot Boots": 2670, "Astor, Bearer of Blades_SB": 137, "Consuming Aberration": 525, "Knight of Dusk's Shadow": 1528, "No One Left Behind_SB": 1869, "Botanical Brawler": 285, "Dusk Legion Duelist": 747, "Stocking the Pantry": 2604, "Tribute to the World Tree": 2911, "Collector's Cage_SB": 495, "Dragonmaster Outcast": 719, "Evolved Sleeper": 849, "Friendly Teddy": 1032, "Consumed by Greed_SB": 524, "Hop to It_SB": 1330, "Skyfisher Spider_SB": 2473, "Chart a Course_SB": 450, "Johann's Stopgap_SB": 1466, "Let's Play a Game_SB": 1586, "Festerleech": 959, "Fallaji Archaeologist_SB": 897, "Kroxa and Kunoros": 1551, "Shrouded Shepherd": 2434, "Garruk's Uprising_SB": 1062, "Hexgold Halberd": 1297, "Soul Search": 2511, "Daggerfang Duo": 588, "Deathbloom Gardener": 615, "Hoarding Recluse": 1322, "Moonstone Harbinger": 1805, "Pestilent Syphoner": 1998, "Ygra, Eater of All": 3215, "Llanowar Elves_SB": 1627, "Mosswood Dreadknight_SB": 1811, "Take for a Ride_SB": 2693, "Boltwave_SB": 266, "Fleeting Flight": 987, "Stormchaser's Talent_SB": 2617, "Cactarantula": 363, "Ashnod's Harvester": 127, "Warhost's Frenzy": 3143, "Think Twice_SB": 2802, "Rustler Rampage": 2292, "Wojek Investigator": 3199, "Searslicer Goblin_SB": 2365, "Felidar Cub": 946, "Oracle of Tragedy": 1922, "Felidar Cub_SB": 947, "Knight-Errant of Eos_SB": 1533, "Ruthless Lawbringer_SB": 2294, "Detective's Satchel": 663, "Forensic Gadgeteer_SB": 1010, "Ice Out_SB": 1353, "Claim Jumper_SB": 472, "Geralf, the Fleshwright": 1076, "Geralf, the Fleshwright_SB": 1077, "Eaten Alive_SB": 761, "Ojer Pakpatiq, Deepest Epoch": 1906, "Disturbing Conversion_SB": 685, "Lithomantic Barrage": 1620, "Enduring Vitality_SB": 811, "Audience with Trostani_SB": 145, "Sentinel of Lost Lore": 2390, "Wylie Duke, Atiin Hero": 3211, "Defiler of Dreams_SB": 640, "Omen Hawker": 1911, "Leyline of the Void": 1597, "Into the Fire": 1400, "Invasion of Karsus": 1420, "Cosmic Hunger": 542, "Paranormal Analyst": 1976, "Vannifar, Evolved Enigma": 3050, "Fog Bank_SB": 1003, "Surgical Suite // Hospital Room_SB": 2662, "Talion, the Kindly Lord_SB": 2699, "Extraordinary Journey": 872, "Gold Pan": 1157, "Extraordinary Journey_SB": 873, "Nurturing Pixie_SB": 1885, "Moonshaker Cavalry": 1804, "Balemurk Leech": 166, "Bashful Beastie": 186, "Cackling Slasher": 361, "Defiant Survivor": 635, "Fear of the Dark": 930, "Flesh Burrower": 991, "Give In to Violence": 1110, "Grasping Longneck": 1177, "Horrid Vigor": 1336, "Innocuous Rat": 1382, "Let's Play a Game": 1585, "Wickerfolk Thresher": 3172, "Winter's Intervention": 3184, "Leyline of Transformation": 1595, "Saheeli's Lattice": 2300, "Etali, Primal Storm_SB": 842, "Adamant Will": 13, "Goldvein Pick": 1160, "Moment of Triumph": 1788, "Pilfer": 2031, "Public Thoroughfare": 2087, "Undying Malice": 2963, "Cancel_SB": 375, "Opt_SB": 1919, "Connecting the Dots_SB": 520, "Bushwhack_SB": 359, "Mistbreath Elder_SB": 1773, "Polliwallop_SB": 2050, "Realmbreaker's Grasp_SB": 2158, "Stickytongue Sentinel_SB": 2599, "Tumbleweed Rising_SB": 2918, "Analyze the Pollen_SB": 58, "Makeshift Binding": 1690, "Pelakka Wurm": 1989, "Jump Scare_SB": 1473, "Progenitus_SB": 2078, "Harvestrite Host": 1242, "Cut Short_SB": 585, "Family Reunion_SB": 898, "Annihilating Glare": 75, "Fanatical Offering": 903, "Sword of Wealth and Power": 2679, "Skulduggery": 2464, "Skulduggery_SB": 2465, "Lassoed by the Law": 1562, "Mabel's Mettle": 1671, "Minor Misstep": 1753, "Central Elevator // Promising Stairs": 425, "Creeping Peeper": 556, "Dazzling Theater // Prop Room": 604, "Erratic Apparition": 828, "Fear of Falling": 918, "Lionheart Glimmer": 1618, "Restricted Office // Lecture Hall": 2226, "Stalked Researcher_SB": 2578, "Tunnel Surveyor_SB": 2922, "Ajani, Nacatl Pariah": 37, "Arena of Glory": 108, "Arid Mesa": 113, "Fable of the Mirror-Breaker": 877, "Flooded Strand": 992, "Galvanic Discharge": 1055, "Goblin Bombardment": 1145, "Guide of Souls": 1208, "Marsh Flats": 1710, "Ocelot Pride": 1899, "Phlage, Titan of Fire's Fury": 2005, "Ragavan, Nimble Pilferer": 2114, "Sacred Foundry": 2299, "Showdown of the Skalds": 2431, "Static Prison": 2587, "Thraben Charm": 2822, "Windswept Heath": 3182, "Drannith Magistrate_SB": 723, "Fear, Fire, Foes!_SB": 931, "Obsidian Charmaw_SB": 1895, "Orim's Chant_SB": 1924, "Showdown of the Skalds_SB": 2432, "Stony Silence_SB": 2611, "Surgical Extraction_SB": 2658, "Wear // Tear_SB": 3156, "Archon of Cruelty": 105, "Bloodstained Mire": 250, "Brazen Borrower": 308, "Counterspell": 549, "Faithless Looting": 893, "Fatal Push": 907, "Force of Negation": 1006, "Misty Rainforest": 1775, "Persist": 1994, "Polluted Delta": 2051, "Psychic Frog": 2085, "Scalding Tarn": 2328, "Sink into Stupor": 2452, "Spell Snare": 2535, "Steam Vents": 2589, "Tamiyo, Inquisitive Student": 2700, "Thoughtseize": 2818, "Unearth": 2964, "Watery Grave": 3152, "Consign to Memory_SB": 522, "Fable of the Mirror-Breaker_SB": 878, "Harbinger of the Seas_SB": 1229, "Nihil Spellbomb_SB": 1858, "Stern Scolding_SB": 2598, "Blazing Rootwalla": 233, "Burning Inquiry": 351, "Detective's Phoenix": 662, "Flameblade Adept": 981, "Goblin Lore": 1149, "Hollow One": 1324, "Lightning Bolt": 1605, "Stomping Ground": 2610, "Street Wraith": 2621, "Vengevine": 3061, "Wooded Foothills": 3200, "Cursed Totem_SB": 581, "Meltdown_SB": 1729, "Barbarian Ring": 179, "Eidolon of the Great Revel": 771, "Flare of Duplication": 985, "Goblin Guide": 1148, "Lava Spike": 1568, "Rift Bolt": 2232, "Searing Blaze": 2362, "Skewer the Critics": 2457, "Skullcrack": 2468, "Sunbaked Canyon": 2638, "Ensnaring Bridge_SB": 817, "Faerie Macabre_SB": 888, "Smash to Smithereens_SB": 2493, "Amulet of Vigor": 54, "Arboreal Grazer": 89, "Boseiju, Who Endures": 283, "Crumbling Vestige": 563, "Dryad Arbor": 739, "Dryad of the Ilysian Grove": 742, "Echoing Deeps": 764, "Explore": 862, "Green Sun's Zenith": 1188, "Gruul Turf": 1204, "Hanweir Battlements": 1226, "Lotus Field": 1655, "Mirrorpool": 1763, "Otawara, Soaring City": 1932, "Primeval Titan": 2071, "Scapeshift": 2333, "Shifting Woodland": 2419, "Simic Growth Chamber": 2449, "Summoner's Pact": 2635, "Tolaria West": 2876, "Urza's Cave": 3012, "Urza's Saga": 3015, "Valakut, the Molten Pinnacle": 3021, "Vesuva": 3065, "Bojuka Bog_SB": 263, "Collector Ouphe_SB": 493, "Defense Grid_SB": 634, "Dismember_SB": 678, "Endurance_SB": 801, "Force of Vigor_SB": 1007, "Tireless Tracker_SB": 2862, "Vampires' Vengeance_SB": 3044, "Blood Crypt": 239, "Dwarven Mine": 753, "Indomitable Creativity": 1372, "Jetmir's Garden": 1460, "Prismatic Ending": 2074, "Wrenn and Six": 3207, "Xander's Lounge": 3212, "Boseiju, Who Endures_SB": 284, "Damping Sphere_SB": 589, "Hurkyl's Recall_SB": 1349, "Toxic Deluge_SB": 2891, "Cling to Dust": 481, "Harbinger of the Seas": 1228, "Murktide Regent": 1823, "Preordain": 2067, "Thought Scour": 2815, "Engineered Explosives_SB": 814, "Mystical Dispute_SB": 1828, "Spell Pierce_SB": 2534, "The Meathook Massacre_SB": 2771, "Orcish Bowmasters": 1923, "Godless Shrine": 1156, "Phelia, Exuberant Shepherd": 2004, "Seasoned Pyromancer": 2375, "Thoughtseize_SB": 2819, "Wrath of the Skies_SB": 3203, "Den of the Bugbear": 654, "Devastating Summons": 664, "Foundry Street Denizen": 1023, "Goblin Bushwhacker": 1146, "Goblin Grenade": 1147, "Goblin Piledriver": 1151, "Legion Loyalist": 1580, "Mogg War Marshal": 1779, "Reckless Bushwhacker": 2164, "Skirk Prospector": 2458, "Sokenzan, Crucible of Defiance": 2501, "Blood Moon_SB": 241, "Magus of the Moon_SB": 1684, "Reality Hemorrhage_SB": 2156, "Shattering Spree_SB": 2409, "Tormod's Crypt_SB": 2887, "Ziatora's Proving Ground": 3227, "Terastodon_SB": 2729, "Veil of Summer_SB": 3053, "Consider": 521, "Graveyard Trespasser": 1178, "Exquisite Firecraft_SB": 865, "Searing Blood_SB": 2363, "Tunnel Ignus_SB": 2920, "Chained to the Rocks": 428, "Chained to the Rocks_SB": 429, "Ragavan, Nimble Pilferer_SB": 2115, "Vexing Bauble": 3071, "Colossal Skyturtle_SB": 502, "Generous Ent_SB": 1071, "Grist, the Hunger Tide_SB": 1198, "Hexdrinker_SB": 1296, "Over the Edge_SB": 1944, "Poison Dart Frog_SB": 2048, "Slice from the Shadows": 2485, "Talion, the Kindly Lord": 2698, "Come Back Wrong": 507, "Glassworks // Shattered Yard": 1123, "Beamtown Beatstick": 195, "Celestial Armor": 422, "Edgewall Inn": 767, "Goliath Hatchery_SB": 1163, "Balmor, Battlemage Captain": 169, "Bria, Riptide Rogue": 319, "Freeze in Place": 1028, "Relic's Roar": 2189, "Run Away Together_SB": 2281, "Scalding Viper_SB": 2330, "Harrier Strix": 1238, "Snaremaster Sprite": 2499, "Hardened Escort": 1234, "Holy Cow": 1326, "Living Phone": 1625, "Unsettling Twins": 2984, "Feather of Flight_SB": 934, "Possessed Goat_SB": 2062, "Raccoon Rallier_SB": 2108, "Rogue's Passage_SB": 2264, "The Jolly Balloon Man_SB": 2765, "Unsettling Twins_SB": 2985, "Heartfire Hero_SB": 1263, "Inti, Seneschal of the Sun_SB": 1396, "Pests of Honor": 2000, "Dauntless Dismantler_SB": 596, "Phoenix Chick_SB": 2007, "Gleaming Barrier": 1125, "Gleaming Barrier_SB": 1126, "Solemn Simulacrum_SB": 2503, "Sure Strike_SB": 2653, "Twinferno_SB": 2927, "Ancestors' Aid": 59, "Furious Bellow": 1045, "Ghitu Amplifier": 1089, "Heartfire Immolator": 1264, "Sure Strike": 2652, "Whiskerquill Scribe": 3165, "Defabricate": 630, "Fear of Burning Alive": 917, "Iron-Fist Pulverizer": 1440, "Johann, Apprentice Sorcerer": 1467, "Keldon Flamesage": 1502, "Kraum, Violent Cacophony": 1547, "Molten Tributary": 1785, "Nightwhorl Hermit": 1857, "Pyrotechnic Performer": 2095, "Razzle-Dazzler": 2155, "Stop Cold": 2612, "Thopter Mechanic": 2810, "Vesuvan Drifter": 3066, "Involuntary Cooldown_SB": 1436, "Kellan, Planar Trailblazer_SB": 1509, "Mishra's Command_SB": 1769, "Out of Air_SB": 1935, "Plan the Heist_SB": 2041, "Sleight of Hand_SB": 2484, "Trick Shot_SB": 2913, "Violent Urge_SB": 3081, "The Filigree Sylex": 2754, "Halo Hopper": 1223, "Hellspur Posse Boss_SB": 1279, "Grand Abolisher": 1172, "Unnerving Grasp": 2978, "Fynn, the Fangbearer_SB": 1051, "Harbinger of the Tides": 1230, "Harbinger of the Tides_SB": 1231, "Cat Collector": 405, "Bottomless Pool && Locker Room_SB": 288, "Growing Rites of Itlimoc": 1200, "Jump Scare": 1472, "Niko, Light of Hope": 1859, "Stalked Researcher": 2577, "Tunnel Surveyor": 2921, "Fear of Isolation_SB": 924, "Season of Gathering": 2366, "Horrid Vigor_SB": 1337, "Lionheart Glimmer_SB": 1619, "Omnivorous Flytrap_SB": 1916, "Seasoned Warrenguard_SB": 2377, "Into the Roil": 1403, "Into the Roil_SB": 1404, "Ayara, Widow of the Realm": 156, "Arachnoid Adaptation": 86, "Throw from the Saddle": 2842, "Longstalk Brawl_SB": 1639, "Thrill of Possibility_SB": 2840, "Feldon, Ronom Excavator": 945, "Roc Hunter": 2257, "Adventuring Gear_SB": 16, "Fear of Being Hunted_SB": 916, "Vicious Clown_SB": 3076, "Splash Portal_SB": 2558, "Demonic Pact_SB": 651, "Rite of the Dragoncaller_SB": 2242, "Valorous Stance": 3039, "Lodestone Needle": 1632, "Sawblade Skinripper_SB": 2324, "Afterburner Expert": 24, "Draconautics Engineer": 708, "Dredger's Insight": 733, "Loot, the Pathfinder": 1642, "Molt Tender": 1781, "Restless Spire_SB": 2222, "Momentum Breaker": 1790, "Sunbillow Verge": 2639, "Grim Bauble": 1196, "Spell Pierce": 2533, "Defend the Rider": 632, "Hazoret, Godseeker": 1256, "Debris Beetle": 618, "Wastewood Verge": 3151, "Vein Ripper_SB": 3055, "Oildeep Gearhulk": 1901, "Haunt the Network_SB": 1246, "Bartolom\u00e9 del Presidio_SB": 185, "Lunar Convocation_SB": 1664, "Bloodghast": 246, "Valley Rotcaller_SB": 3036, "Oildeep Gearhulk_SB": 1902, "Gleeful Demolition_SB": 1129, "Monument to Endurance": 1802, "Ride's End": 2230, "Bleachbone Verge": 234, "Willowrush Verge": 3178, "Outpace Oblivion_SB": 1941, "Intimidation Tactics": 1398, "Ketramose, the New Dawn": 1514, "Transmutation Font": 2900, "Braided Net_SB": 297, "Cunning Coyote_SB": 576, "Bounce Off": 293, "Greasewrench Goblin": 1180, "Marauding Mako": 1704, "Riverpyre Verge": 2250, "Scrounging Skyray": 2356, "Bounce Off_SB": 294, "Chandra, Spark Hunter_SB": 437, "Memory Guardian": 1730, "Mendicant Core, Guidelight": 1731, "Diversion Unit_SB": 690, "Tomik, Wielder of Law_SB": 2882, "Lightwheel Enhancements": 1610, "Engine Rat": 812, "Gonti, Night Minister": 1164, "Perilous Snare": 1992, "Teysa, Opulent Oligarch": 2736, "Grim Bauble_SB": 1197, "Momentum Breaker_SB": 1791, "Optimistic Scavenger_SB": 1921, "The Aetherspark": 2739, "Brightglass Gearhulk": 322, "Voyager Glidecar": 3118, "Chandra, Spark Hunter": 436, "Intimidation Tactics_SB": 1399, "Captain Howler, Sea Scourge": 382, "Gastal Thrillroller": 1066, "Riptide Gearhulk": 2236, "Transit Mage": 2899, "Gastal Thrillroller_SB": 1067, "Lifecraft Engine": 1602, "Mindspring Merfolk": 1752, "Mu Yanling, Wind Rider": 1815, "Caelorna, Coral Tyrant_SB": 364, "Nesting Bot": 1845, "Lumbering Worldwagon": 1658, "Overrun": 1960, "Heliod, the Radiant Dawn": 1275, "Twinblade Blessing": 2925, "Diversion Unit": 689, "Muraganda Raceway": 1820, "Repurposing Bay": 2200, "Defend the Rider_SB": 633, "Zephyr Singer_SB": 3224, "Burnout Bashtronaut": 353, "Demonic Junker": 648, "Nexus of Becoming": 1850, "Amonkhet Raceway": 53, "Gastal Thrillseeker": 1068, "The Last Ride": 2768, "The Speed Demon": 2788, "Ancient Vendetta_SB": 63, "Monument to Endurance_SB": 1803, "The Speed Demon_SB": 2789, "Esoteric Duplicator": 834, "Voyage Home": 3117, "Aether Syphon_SB": 21, "Ketramose, the New Dawn_SB": 1515, "Thunderous Velocipede": 2849, "Regal Imperiosaur": 2184, "Intrepid Paleontologist_SB": 1406, "Invasion of Regatha_SB": 1424, "Voyager Glidecar_SB": 3119, "Fuel the Flames": 1036, "Skycrash": 2470, "Broadside Barrage_SB": 334, "Fuel the Flames_SB": 1037, "Locust Spray": 1631, "Riverchurn Monument": 2247, "Agonasaur Rex": 31, "Tyrox, Saurid Tyrant": 2936, "Coalstoke Gearhulk_SB": 485, "Howlsquad Heavy": 1340, "Boosted Sloop": 279, "Broadside Barrage": 333, "Thopter Fabricator_SB": 2809, "Count on Luck_SB": 548, "Spectacular Pileup": 2527, "Quag Feast": 2096, "Gastal Raider_SB": 1065, "Ride's End_SB": 2231, "Thalia and The Gitrog Monster_SB": 2738, "Zahur, Glory's Past": 3221, "Leaf-Crowned Visionary_SB": 1576, "Mossborn Hydra_SB": 1809, "Overrun_SB": 1961, "Painful Quandary_SB": 1968, "Wardens of the Cycle_SB": 3142, "Quag Feast_SB": 2097, "Playful Shove": 2043, "Red Sun's Twilight_SB": 2174, "Perilous Snare_SB": 1993, "Debris Beetle_SB": 619, "Pit Automaton": 2035, "Visage of Dread": 3094, "The Last Ride_SB": 2769, "Visage of Dread_SB": 3095, "Fearless Swashbuckler": 932, "Unctus, Grand Metatect": 2953, "Mishra, Claimed by Gix": 1771, "Bloated Contaminator_SB": 238, "The Aetherspark_SB": 2740, "Webstrike Elite": 3159, "Webstrike Elite_SB": 3160, "Coiling Rebirth_SB": 489, "Invasion of Mercadia": 1422, "Collision Course_SB": 499, "Gas Guzzler": 1063, "Say Its Name_SB": 2326, "Spectral Interference_SB": 2530, "Stock Up": 2602, "Spectacular Pileup_SB": 2528, "Far Fortune, End Boss": 904, "Flotsam // Jetsam_SB": 996, "Claim Jumper": 471, "Ancient Vendetta": 62, "Full Throttle_SB": 1040, "Loot, the Key to Everything_SB": 1641, "Loot, the Pathfinder_SB": 1643, "Urza's Command_SB": 3013, "Lassoed by the Law_SB": 1563, "Blast Zone_SB": 229, "Basri, Tomorrow's Champion": 189, "Skyseer's Chariot_SB": 2476, "Dive Down": 687, "Engine Rat_SB": 813, "Essence Channeler_SB": 836, "Lunar Insight": 1665, "Jodah, the Unifier_SB": 1465, "Dropkick Bomber": 736, "Rampaging Raptor": 2132, "Agonasaur Rex_SB": 32, "Coalstoke Gearhulk": 484, "Visage Bandit": 3093, "Waxen Shapethief": 3153, "Dune Drifter": 744, "Become Brutes": 199, "The Elder Dragon War_SB": 2747, "Caradora, Heart of Alacria": 385, "Skyseer's Chariot": 2475, "Valor's Flagship": 3037, "Veteran Beastrider": 3068, "Threadbind Clique": 2828, "Twining Twins": 2929, "Boommobile_SB": 276, "Radiant Lotus_SB": 2111, "Boommobile": 275, "Forging the Anchor": 1014, "Radiant Lotus": 2110, "The Mightstone and Weakstone_SB": 2773, "Bloodthorn Flail": 253, "Flamewake Phoenix": 983, "Cryptcaller Chariot_SB": 564, "Volley Veteran": 3110, "Riptide Gearhulk_SB": 2237, "Riverchurn Monument_SB": 2248, "Spiteful Hexmage_SB": 2556, "Clamorous Ironclad": 475, "Furnace Host Charger": 1046, "Alania, Divergent Storm": 45, "Frolicking Familiar": 1033, "Wishing Well": 3189, "Resplendent Angel_SB": 2205, "Cephalopod Sentry": 426, "Thopter Fabricator": 2808, "Haunt the Network": 1245, "Sorcerous Spyglass": 2507, "Demonic Junker_SB": 649, "Redshift, Rocketeer Chief": 2176, "Halana and Alena, Partners_SB": 1217, "Valor's Flagship_SB": 3038, "Stall Out": 2579, "Stall Out_SB": 2580, "Gloryheath Lynx": 1138, "Sovereign Okinec Ahau": 2524, "The Raven Man": 2781, "The Raven Man_SB": 2782, "Boom Box": 274, "Broadcast Rambler": 332, "Possession Engine": 2063, "Broodheart Engine": 335, "Bat Colony": 190, "Hidden Volcano": 1303, "Marketback Walker": 1708, "Sab-Sunen, Luxa Embodied": 2297, "Simian Simulacrum": 2448, "Sylvan Scavenging": 2682, "Leyline Binding_SB": 1589, "Bulwark Ox": 347, "Reluctant Role Model": 2190, "Reluctant Role Model_SB": 2191, "Mold Adder_SB": 1780, "Marketback Walker_SB": 1709, "Burnout Bashtronaut_SB": 354, "Daretti, Rocketeer Engineer": 591, "Threefold Thunderhulk": 2837, "Tune Up": 2919, "Meteor Golem_SB": 1736, "Gastal Raider": 1064, "Oviya, Automech Artisan": 1964, "Market Gnome_SB": 1707, "The Skullspore Nexus_SB": 2787, "Cosmium Confluence": 545, "Festival of Embers": 960, "Skycrash_SB": 2471, "Nexus of Becoming_SB": 1851, "Sab-Sunen, Luxa Embodied_SB": 2298, "Earthrumbler": 758, "Collector's Vault_SB": 497, "Thran Spider_SB": 2825, "Akal Pakal, First Among Equals_SB": 41, "Deepfathom Echo": 626, "Forensic Researcher": 1011, "Oko, the Ringleader": 1908, "Chitin Gravestalker": 455, "Starving Revenant_SB": 2585, "Steamcore Scholar_SB": 2591, "Ojer Pakpatiq, Deepest Epoch_SB": 1907, "Thunderous Velocipede_SB": 2850, "Fear of Infinity_SB": 922, "Stock Up_SB": 2603, "Dredger's Insight_SB": 734, "Fauna Shaman_SB": 910, "Barrow Naughty": 183, "Faerie Slumber Party": 891, "Mocking Sprite": 1776, "Spellscorn Coven": 2541, "Talion's Messenger": 2696, "Coerced to Kill": 487, "Etrata, Deadly Fugitive": 847, "Unstoppable Plan_SB": 2988, "Hoarding Broodlord": 1321, "Shadow-Rite Priest": 2401, "Baral and Kari Zev": 178, "Enigma Drake": 815, "Brightfield Glider": 321, "Congregation Gryff": 519, "Giant Beaver": 1097, "Lagorin, Soul of Alacria": 1559, "Miriam, Herd Whisperer": 1757, "Ornery Tumblewagg": 1925, "Trained Arynx": 2892, "Run Over_SB": 2282, "Night Market": 1855, "Carrion Locust_SB": 390, "Stockpiling Celebrant_SB": 2606, "Akal Pakal, First Among Equals": 40, "Forensic Gadgeteer": 1009, "Deduce_SB": 623, "Wreck Remover_SB": 3204, "Fountainport Bell": 1025, "Guidelight Optimizer": 1209, "Oaken Siren": 1887, "Machine Over Matter_SB": 1675, "Spinewoods Paladin": 2550, "Malcator, Purity Overseer": 1691, "Tranquil Cove_SB": 2896, "Crumb and Get It_SB": 562, "Flame Lash": 980, "Exsanguinate_SB": 867, "Exsanguinate": 866, "Syr Ginger, the Meal Ender_SB": 2685, "Blade of the Oni": 222, "Blightstep Pathway": 236, "Bloodtithe Harvester": 254, "Mutavault": 1825, "Urborg, Tomb of Yawgmoth": 3009, "Extinction Event_SB": 869, "Hidetsugu Consumes All_SB": 1306, "Unlicensed Hearse_SB": 2975, "Breeding Pool": 318, "Enigmatic Incarnation": 816, "Indatha Triome": 1371, "Linvala, the Preserver": 1617, "Overgrown Tomb": 1946, "Savai Triome": 2318, "Skyclave Apparition": 2469, "Spara's Headquarters": 2525, "Vanishing Verse": 3048, "Zagoth Triome": 3220, "Archon of Emeria_SB": 106, "Knockout Blow_SB": 1534, "Ruric Thar, the Unbowed_SB": 2288, "Thought Distortion_SB": 2814, "Yorion, Sky Nomad_SB": 3217, "Cauldron Familiar": 410, "Claim the Firstborn": 473, "Deadly Dispute": 612, "Mayhem Devil": 1717, "Witch's Oven": 3192, "Ob Nixilis, the Adversary_SB": 1891, "Darksteel Citadel": 595, "Ensoul Artifact": 818, "Riverglide Pathway": 2249, "Shrapnel Blast": 2433, "Smuggler's Copter": 2494, "Voldaren Epicure": 3107, "Aether Gust_SB": 20, "Annul_SB": 77, "Rending Volley_SB": 2194, "Shadowspear_SB": 2402, "Voltage Surge_SB": 3111, "Cragcrown Pathway": 552, "Ramunap Ruins": 2135, "Reckless Rage": 2167, "Soul-Scar Mage": 2516, "Experimental Frenzy_SB": 861, "Hazoret the Fervent_SB": 1255, "Redcap Melee_SB": 2175, "Anger of the Gods_SB": 67, "Invoke Despair_SB": 1435, "Castle Locthwain": 404, "Clearwater Pathway": 478, "Field of Ruin": 962, "Geier Reach Sanitarium": 1070, "Hall of Storm Giants": 1218, "Hive of the Eye Tyrant": 1320, "Narset, Parter of Veils": 1834, "Omen of the Sea": 1912, "Paradoxical Outcome": 1975, "Shipwreck Marsh": 2421, "Takenuma, Abandoned Mire": 2695, "The Meathook Massacre": 2770, "Ashiok, Dream Render_SB": 123, "Weathered Runestone_SB": 3158, "Claim // Fame": 470, "Infuriate": 1377, "Kumano Faces Kakkazan": 1553, "Claim the Firstborn_SB": 474, "Fatal Push_SB": 908, "Grafdigger's Cage_SB": 1170, "Extinction Event": 868, "Gifted Aetherborn_SB": 1102, "Go Blank_SB": 1142, "Fetid Pools": 961, "Yorion, Sky Nomad": 3216, "Arclight Phoenix": 107, "Fiery Impulse": 968, "Izzet Charm": 1449, "Lightning Axe": 1604, "Prismari Command": 2072, "Spikefield Hazard": 2547, "Stormcarved Coast": 2614, "Treasure Cruise": 2905, "Collective Brutality": 491, "Faithful Mending": 892, "Greasefang, Okiba Boss": 1179, "Hallowed Fountain": 1220, "Parhelion II": 1977, "Raffine's Tower": 2113, "Shattered Sanctum": 2408, "Skysovereign, Consul Flagship": 2477, "Stubborn Denial": 2628, "Tainted Indulgence": 2689, "Deafening Silence_SB": 614, "Dovin's Veto_SB": 706, "Silence_SB": 2440, "Vanishing Verse_SB": 3049, "Krenko's Buzzcrusher": 1548, "Bishop of Wings": 212, "Branchloft Pathway": 304, "Cave of the Frost Dragon": 414, "Collected Company": 490, "Eiganjo, Seat of the Empire": 772, "Nykthos, Shrine to Nyx": 1886, "Overgrown Farmland": 1945, "Portable Hole": 2056, "Resplendent Marshal": 2206, "Righteous Valkyrie": 2234, "Temple Garden": 2714, "Archon of Absolution_SB": 104, "Brave the Elements_SB": 306, "Brutal Cathar_SB": 342, "Heroic Intervention_SB": 1293, "Reidane, God of the Worthy_SB": 2185, "Shapers' Sanctuary_SB": 2404, "Dawnwing Marshal": 599, "Kroxa, Titan of Death's Hunger": 1552, "Ledger Shredder": 1577, "Brazen Borrower_SB": 309, "Prismari Command_SB": 2073, "Burner Rocket": 350, "Cloudspire Skycycle": 483, "Dynamite Diver": 757, "Guidelight Synergist": 1210, "Kolodin, Triumph Caster": 1539, "Count on Luck": 547, "Frenzied Goblin": 1030, "Doubling Season_SB": 704, "Fanatical Firebrand_SB": 902, "Howlsquad Heavy_SB": 1341, "Reckless Lackey_SB": 2166, "Rundvelt Hordemaster_SB": 2284, "District Mascot": 683, "Shivan Devastator": 2422, "Zimone, Paradox Sculptor": 3229, "Tyvar, the Pummeler_SB": 2945, "Zopandrel, Hunger Dominus_SB": 3233, "Aurelia, the Warleader": 147, "Gilded Ghoda": 1103, "Cavalier of Thorns": 413, "Elvish Mystic": 793, "Kiora, Behemoth Beckoner": 1518, "Lair of the Hydra": 1560, "Leyline of the Guildpact": 1596, "Oath of Nissa": 1889, "Old-Growth Troll": 1910, "Storm the Festival": 2613, "Ulvenwald Oddity": 2946, "Arasta of the Endless Web_SB": 88, "Emrakul, the Promised End_SB": 800, "Setessan Petitioner_SB": 2400, "Ashiok, Nightmare Muse_SB": 124, "Foreboding Ruins": 1008, "Invoke Despair": 1434, "Kolaghan's Command_SB": 1538, "Haunted Ridge": 1248, "Bonecrusher Giant": 268, "Burning-Tree Emissary": 352, "Chandra, Torch of Defiance": 438, "Collision // Colossus": 498, "Gruul Spellbreaker": 1203, "Kami's Flare": 1487, "Pelt Collector": 1990, "Voltaic Brawler": 3112, "Zhur-Taa Goblin": 3226, "Bonecrusher Giant_SB": 269, "Chandra, Torch of Defiance_SB": 439, "Cindervines_SB": 465, "Kami's Flare_SB": 1488, "Roiling Vortex_SB": 2265, "Mana Confluence": 1697, "Barrier Breach_SB": 182, "Leyline of Sanctity_SB": 1594, "Colossus Hammer": 503, "Eldritch Evolution": 775, "Raffine's Informant": 2112, "Sigarda's Aid": 2438, "Soulflayer": 2518, "Sylvan Caryatid": 2681, "Bloodline Culling_SB": 249, "Collective Brutality_SB": 492, "Portable Hole_SB": 2057, "Furnace Punisher_SB": 1047, "Rocky Roads": 2261, "Lumbering Worldwagon_SB": 1659, "Cosmic Rebirth_SB": 544, "Goblin Oriflamme": 1150, "Drake Hatcher_SB": 721, "Eddymurk Crab_SB": 766, "Spectral Interference": 2529, "Mondrak, Glory Dominus_SB": 1797, "Mimeoplasm, Revered One": 1750, "Devouring Sugarmaw": 665, "Amalia Benavides Aguirre_SB": 51, "Elas il-Kor, Sadistic Pilgrim_SB": 774, "Fiendish Panda_SB": 964, "Knight of Dawn's Light_SB": 1527, "Cindering Cutthroat_SB": 464, "Ravine Raider_SB": 2148, "Risky Shortcut_SB": 2239, "Spin Out_SB": 2548, "Steampath Charger_SB": 2592, "Become Brutes_SB": 200, "Etched Familiar": 844, "Winter, Cursed Rider": 3186, "Divine Resilience": 691, "Greenhouse // Rickety Gazebo": 1189, "Silken Strength": 2443, "Streetwise Negotiator_SB": 2622, "Realm-Scorcher Hellkite": 2157, "Sentinel of Lost Lore_SB": 2391, "Spyglass Siren_SB": 2569, "Herd Migration_SB": 1289, "Kykar, Zephyr Awakener": 1558, "Lathril, Blade of the Elves_SB": 1565, "Armored Armadillo_SB": 116, "Gixian Infiltrator_SB": 1117, "Gloryheath Lynx_SB": 1139, "Threefold Thunderhulk_SB": 2838}}