{"vocabulary": {"Aclazotz, Deepest Betrayal": 11, "Beza, the Bounding Spring": 206, "Caves of Koilos": 418, "Concealed Courtyard": 513, "Cut Down": 584, "Deep-Cavern Bat": 625, "Fabled Passage": 880, "Fountainport": 1025, "Go for the Throat": 1144, "Legions to Ashes": 1583, "Liliana of the Veil": 1614, "Loran of the Third Path": 1646, "Plains": 2042, "Preacher of the Schism": 2068, "Restless Fortress": 2219, "Season of the Burrow": 2377, "Shadowy Backstreet": 2407, "Shoot the Sheriff": 2430, "Swamp": 2671, "Temporary Lockdown": 2730, "Virtue of Loyalty": 3092, "Virtue of Persistence": 3094, "Zoraline, Cosmos Caller": 3239, "Beza, the Bounding Spring_SB": 207, "Cruelclaw's Heist_SB": 560, "Duress_SB": 747, "Elspeth's Smite_SB": 788, "Kaya, Intangible Slayer_SB": 1497, "Liliana of the Veil_SB": 1615, "Sunfall_SB": 2648, "Temporary Lockdown_SB": 2731, "Archangel of Wrath": 97, "Atraxa, Grand Unifier": 141, "Cavern of Souls": 415, "Forest": 1013, "Get Lost": 1079, "Heaped Harvest": 1261, "Hedge Maze": 1272, "Herd Migration": 1289, "Island": 1443, "Jace, the Perfected Mind": 1454, "Leyline Binding": 1590, "Lush Portico": 1670, "Meticulous Archive": 1739, "Mountain": 1815, "Sunfall": 2647, "Up the Beanstalk": 3004, "Get Lost_SB": 1080, "Negate_SB": 1845, "Nissa, Ascended Animist_SB": 1866, "Obstinate Baloth_SB": 1900, "Tishana's Tidebinder_SB": 2869, "Tranquil Frillback_SB": 2903, "Blackcleave Cliffs": 220, "Darkslick Shores": 593, "Ertai Resurrected": 830, "Honest Rutstein": 1329, "Inti, Seneschal of the Sun": 1396, "Lazav, Wearer of Faces": 1576, "Marchesa, Dealer of Death": 1707, "Plaza of Heroes": 2047, "Relic of Legends": 2192, "Restless Reef": 2221, "Rona, Herald of Invasion": 2272, "Sheoldred, the Apocalypse": 2419, "Spirebluff Canal": 2557, "Sulfurous Springs": 2639, "Tinybones Joins Up": 2862, "Tishana's Tidebinder": 2868, "Underground River": 2965, "Cut Down_SB": 585, "Disdainful Stroke_SB": 674, "Glistening Deluge_SB": 1136, "Hostile Investigator_SB": 1340, "Kaervek, the Punisher_SB": 1477, "Loran of the Third Path_SB": 1647, "Faerie Mastermind": 890, "Gix, Yawgmoth Praetor": 1115, "Mirrex": 1762, "Phantom Interference": 2005, "Spyglass Siren": 2572, "Aclazotz, Deepest Betrayal_SB": 12, "Disfigure_SB": 677, "Gix's Command_SB": 1114, "Malicious Eclipse_SB": 1698, "Blooming Marsh": 257, "Glissa Sunslayer": 1133, "Hostile Investigator": 1339, "Llanowar Wastes": 1632, "Mosswood Dreadknight": 1813, "Restless Cottage": 2217, "Sheoldred's Edict": 2417, "Underground Mortuary": 2964, "Caustic Bronco_SB": 412, "Scrapshooter_SB": 2351, "Sheoldred, the Apocalypse_SB": 2420, "Tear Asunder_SB": 2713, "The Cruelty of Gix_SB": 2749, "The End_SB": 2754, "The Gitrog, Ravenous Ride_SB": 2761, "Anoint with Affliction": 78, "Cache Grab": 360, "Calamitous Cave-In": 365, "Captivating Cave": 384, "Cavernous Maw": 417, "Forgotten Monument": 1016, "Gargantuan Leech": 1059, "Hearth Elemental": 1268, "Hidden Nursery": 1303, "Seed of Hope": 2384, "Tear Asunder": 2712, "Tolarian Terror": 2882, "Brotherhood's End_SB": 339, "Dreams of Steel and Oil_SB": 733, "Obliterating Bolt_SB": 1896, "Outrageous Robbery_SB": 1946, "Pick Your Poison_SB": 2028, "Bristly Bill, Spine Sower": 331, "Freestrider Lookout": 1028, "Gix's Command": 1113, "Iridescent Vinelasher": 1439, "Mishra's Foundry": 1773, "Thought-Stalker Warlock": 2821, "Choking Miasma_SB": 457, "Go for the Throat_SB": 1145, "Thought-Stalker Warlock_SB": 2822, "Caustic Bronco": 411, "Pilfer_SB": 2035, "Adarkar Wastes": 15, "Caretaker's Talent": 386, "Deduce": 623, "Demolition Field": 645, "Lay Down Arms": 1573, "No More Lies": 1869, "Restless Anchorage": 2213, "Seachrome Coast": 2363, "Teferi, Temporal Pilgrim": 2717, "Three Steps Ahead": 2837, "Chrome Host Seedshark_SB": 459, "Jace, the Perfected Mind_SB": 1455, "Lay Down Arms_SB": 1574, "Case of the Filched Falcon": 395, "Cryptic Coat": 567, "Mockingbird": 1780, "Norn's Inquisitor": 1877, "Novice Inspector": 1882, "Regal Bunnicorn": 2184, "Steel Seraph": 2598, "Subterranean Schooner": 2635, "Warden of the Inner Sky": 3144, "Zoetic Glyph": 3235, "Boon-Bringer Valkyrie_SB": 278, "Glass Casket_SB": 1123, "Battlefield Forge": 192, "Case of the Gateway Express": 396, "Gleeful Demolition": 1129, "Imodane's Recruiter": 1362, "Inspiring Vantage": 1395, "Knight-Errant of Eos": 1534, "Resolute Reinforcements": 2207, "Sanguine Evangelist": 2314, "Shivan Reef": 2427, "Warleader's Call": 3149, "Yotian Frontliner": 3223, "Destroy Evil_SB": 662, "Protect the Negotiators_SB": 2088, "Tectonic Hazard_SB": 2715, "Torch the Tower_SB": 2889, "Urabrask's Forge_SB": 3008, "Witchstalker Frenzy_SB": 3199, "Arid Archway": 112, "Calamity, Galloping Inferno": 367, "Commercial District": 509, "Copperline Gorge": 533, "Glimpse the Core": 1132, "Karplusan Forest": 1493, "Map the Frontier": 1703, "Obliterating Bolt": 1895, "Outcaster Trailblazer": 1940, "Restless Ridgeline": 2223, "Roxanne, Starfall Savant": 2276, "Smuggler's Surprise": 2499, "Spinewoods Armadillo": 2553, "Terror of the Peaks": 2740, "Torch the Tower": 2888, "Trumpeting Carnosaur": 2921, "Vaultborn Tyrant": 3056, "Etali, Primal Conqueror_SB": 842, "Scorching Shot_SB": 2347, "Invasion of Gobakhan_SB": 1417, "Kutzil's Flanker_SB": 1557, "Lightning Helix_SB": 1609, "Requisition Raid_SB": 2206, "Chrome Host Seedshark": 458, "Horned Loch-Whale": 1335, "No Witnesses": 1873, "Sunder the Gateway": 2645, "Sunken Citadel": 2650, "Disenchant_SB": 675, "Dust Animus_SB": 752, "Elesh Norn, Mother of Machines_SB": 784, "Fireglass Mentor": 978, "Flamecache Gecko": 983, "Gev, Scaled Scorch": 1085, "Hired Claw": 1319, "Laughing Jasper Flint": 1568, "Lightning Strike": 1610, "Mudflat Village": 1819, "Restless Vents": 2227, "Elspeth's Smite": 787, "Brushland": 341, "Nissa, Ascended Animist": 1865, "Rest in Peace_SB": 2212, "Sunder the Gateway_SB": 2646, "Innkeeper's Talent": 1381, "Long Goodbye": 1636, "Scrapshooter": 2350, "Sentinel of the Nameless City": 2396, "Vraska, Betrayal's Sting": 3130, "Wear Down_SB": 3162, "Callous Sell-Sword": 371, "Emberheart Challenger": 797, "Heartfire Hero": 1263, "Might of the Meek": 1747, "Monastery Swiftspear": 1797, "Monstrous Rage": 1803, "Questing Druid": 2102, "Shock": 2428, "Slickshot Show-Off": 2492, "Snakeskin Veil": 2501, "War Squeak": 3142, "Witchstalker Frenzy": 3198, "Questing Druid_SB": 2103, "Cavern of Souls_SB": 416, "Bandit's Talent": 173, "Hopeless Nightmare": 1333, "Nurturing Pixie": 1887, "Rottenmouth Viper": 2274, "Scoured Barrens": 2349, "Tithing Blade": 2874, "Aven Interrupter_SB": 152, "Bitter Triumph_SB": 218, "Carrot Cake_SB": 392, "Long Goodbye_SB": 1637, "Dreams of Steel and Oil": 732, "Duress": 746, "Lord Skitter, Sewer King": 1651, "Vadmir, New Blood": 3025, "Harvester of Misery_SB": 1242, "Soul-Guide Lantern_SB": 2519, "Faerie Dreamthief": 887, "Spell Stutter": 2540, "Anoint with Affliction_SB": 79, "Demonic Ruckus": 653, "Rockface Village": 2263, "Twinferno": 2931, "Two-Headed Hunter": 2939, "Blooming Blast_SB": 256, "Case of the Crimson Pulse_SB": 394, "Shoot the Sheriff_SB": 2431, "Aftermath Analyst": 25, "Escape Tunnel": 834, "Evolving Wilds": 852, "Lumra, Bellow of the Woods": 1664, "Nissa, Resurgent Animist": 1867, "Pillage the Bog": 2036, "Pitiless Carnage": 2039, "Spelunking": 2546, "Glissa Sunslayer_SB": 1134, "Terror Tide_SB": 2739, "Titania, Voice of Gaea_SB": 2873, "Archfiend of the Dross": 101, "Kaervek, the Punisher": 1476, "Breach the Multiverse_SB": 312, "Sheoldred_SB": 2421, "Virtue of Persistence_SB": 3095, "Manifold Mouse": 1701, "Case of the Locked Hothouse": 398, "Clifftop Lookout": 480, "Doppelgang": 702, "Goldvein Hydra": 1159, "Railway Brawler": 2123, "Silverback Elder": 2450, "Tender Wildguide": 2732, "Thornvault Forager": 2817, "Tyrranax Rex": 2943, "Virtue of Strength": 3096, "Vorinclex": 3121, "Wrenn and Realmbreaker": 3210, "Fecund Greenshell_SB": 937, "High Noon_SB": 1312, "Hunter's Talent_SB": 1349, "Melira, the Living Cure_SB": 1730, "Plains_SB": 2043, "Portal to Phyrexia_SB": 2062, "Snakeskin Veil_SB": 2502, "Tail Swipe_SB": 2693, "Archangel Elspeth": 93, "Carrot Cake": 391, "Elegant Parlor": 778, "Lightning Helix": 1608, "Restless Bivouac": 2215, "Urabrask's Forge": 3007, "Abrade_SB": 4, "Serra Paragon_SB": 2400, "White Sun's Twilight_SB": 3175, "Eluge, the Shoreless Sea": 789, "Haughty Djinn": 1244, "Into the Flood Maw": 1402, "Intrude on the Mind": 1408, "Long River's Pull": 1639, "Lost in the Maze": 1655, "Season of Weaving": 2374, "Freeze in Place_SB": 1030, "Horned Loch-Whale_SB": 1336, "Torpor Orb_SB": 2893, "Braids, Arisen Nightmare": 298, "Guardian of Ghirapur": 1206, "Lively Dirge": 1625, "Ruthless Lawbringer": 2297, "The Witch's Vanity": 2804, "Bandit's Talent_SB": 174, "Analyze the Pollen": 57, "Ancient Cornucopia": 61, "Brotherhood's End": 338, "Ill-Timed Explosion": 1359, "Kogla and Yidaro": 1537, "Nahiri's Warcrafting": 1834, "Pawpatch Formation": 1985, "Raucous Theater": 2149, "Thundering Falls": 2852, "Yavimaya Coast": 3218, "Change the Equation_SB": 441, "Doppelgang_SB": 703, "Nahiri's Warcrafting_SB": 1835, "Agatha's Soul Cauldron": 29, "Botanical Sanctum": 286, "Fallaji Archaeologist": 897, "Insidious Roots": 1390, "Kami of Whispered Hopes": 1487, "Kitsa, Otterball Elite": 1526, "Osteomancer Adept": 1934, "Skyfisher Spider": 2476, "Sleep-Cursed Faerie": 2486, "Tyvar, Jubilant Brawler": 2948, "Undercity Sewers": 2962, "Voldaren Thrillseeker": 3113, "Cankerbloom_SB": 379, "Deep-Cavern Bat_SB": 626, "Haywire Mite_SB": 1253, "Keen-Eyed Curator_SB": 1503, "Kaito, Dancing Shadow_SB": 1483, "Audacity": 143, "Thran Portal": 2828, "Valley Flamecaller": 3035, "Scales of Shale_SB": 2336, "Fortune, Loyal Steed": 1020, "Frontier Seeker": 1036, "The Eternal Wanderer": 2756, "White Sun's Twilight": 3174, "Tocasia's Welcome_SB": 2880, "Feed the Cycle": 939, "Starfall Invocation_SB": 2586, "Season of the Burrow_SB": 2378, "The Stone Brain_SB": 2796, "Abrade": 3, "Ral, Crackling Wit": 2133, "Stormchaser's Talent": 2621, "Imodane's Recruiter_SB": 1363, "No Witnesses_SB": 1874, "The Eternal Wanderer_SB": 2757, "Bonehoard Dracosaur_SB": 271, "Quintorius Kand_SB": 2107, "Plumecreed Escort": 2048, "Trash the Town_SB": 2909, "Doorkeeper Thrull_SB": 701, "Legions to Ashes_SB": 1584, "Fires of Victory": 979, "Meeting of Minds": 1728, "Pearl of Wisdom": 1989, "Restless Spire": 2225, "Stoke the Flames": 2614, "Stormcatch Mentor": 2620, "Thundertrap Trainer": 2856, "Valley Floodcaller": 3036, "Phantom Interference_SB": 2006, "Three Steps Ahead_SB": 2838, "Jungle Hollow": 1475, "Blot Out_SB": 261, "Urgent Necropsy_SB": 3016, "Koth, Fire of Resistance": 1545, "Chandra, Hope's Beacon_SB": 435, "Manifold Mouse_SB": 1702, "Might of the Meek_SB": 1748, "Sunspine Lynx_SB": 2656, "Destroy Evil": 661, "Ajani, Sleeper Agent": 38, "Annex Sentry": 71, "Bilious Skulldweller": 208, "Bloated Contaminator": 237, "Charge of the Mites": 442, "Crawling Chorus": 555, "Grafted Butcher": 1172, "Razorverge Thicket": 2158, "Skrelv, Defector Mite": 2466, "Skrelv's Hive": 2464, "Slaughter Singer": 2485, "The Seedcore": 2790, "Venerated Rotpriest": 3061, "Venser, Corpse Puppet": 3068, "Agatha's Soul Cauldron_SB": 30, "Ajani, Sleeper Agent_SB": 39, "Charge of the Mites_SB": 443, "Contagious Vorrac_SB": 527, "Ertai Resurrected_SB": 831, "Necrogen Rotpriest_SB": 1843, "Phyrexian Censor_SB": 2014, "Phyrexian Missionary_SB": 2020, "Undercity Upheaval_SB": 2963, "Burrowguard Mentor": 355, "Finneas, Ace Archer": 976, "Hop to It": 1330, "Lupinflower Village": 1668, "Oakhollow Village": 1891, "Pawpatch Recruit": 1987, "Seasoned Warrenguard": 2380, "Valley Mightcaller": 3038, "Valley Questcaller": 3039, "Warren Warleader": 3152, "Dewdrop Cure_SB": 669, "Parting Gust_SB": 1982, "Pawpatch Formation_SB": 1986, "Royal Treatment_SB": 2279, "Sandstalker Moloch_SB": 2310, "Battle-Rage Blessing": 191, "Blazing Crescendo": 231, "Cacophony Scamp": 362, "Dreadmaw's Ire": 727, "Mirran Banesplitter": 1761, "Builder's Talent": 344, "Requisition Raid": 2205, "Three Blind Mice": 2835, "Karn's Sylex_SB": 1490, "Phyrexian Vindicator_SB": 2025, "Realmbreaker, the Invasion Tree_SB": 2164, "Ezrim, Agency Chief": 876, "Ezrim, Agency Chief_SB": 877, "Argoth, Sanctum of Nature": 111, "Bitter Triumph": 217, "Elesh Norn, Mother of Machines": 783, "Founding the Third Path": 1022, "Outrageous Robbery": 1945, "Picklock Prankster": 2029, "Portal to Phyrexia": 2061, "Squirming Emergence": 2576, "The Cruelty of Gix": 2748, "Titania, Voice of Gaea": 2872, "Wail of the Forgotten": 3135, "Bonecache Overseer": 267, "Curious Forager": 580, "Rubblebelt Maverick": 2280, "Snarling Gorehound": 2504, "Huskburster Swarm_SB": 1353, "Pile On_SB": 2033, "Bitter Reunion": 215, "Coiling Rebirth": 488, "Etali, Primal Conqueror": 841, "Push // Pull": 2095, "The Infamous Cruelclaw": 2766, "Vein Ripper": 3059, "Kaya, Spirits' Justice": 1498, "Coruscation Mage": 540, "Elusive Otter": 790, "Sleight of Hand": 2487, "Slick Sequence": 2491, "Explosive Derailment_SB": 865, "Into the Flood Maw_SB": 1403, "Season of the Bold_SB": 2376, "Shore Up_SB": 2433, "Ego Drain": 770, "Faerie Fencing": 888, "Invasion of Amonkhet": 1409, "Obyra, Dreaming Duelist": 1901, "Season of Loss": 2372, "Invasion of Amonkhet_SB": 1410, "Season of Loss_SB": 2373, "Spell Stutter_SB": 2541, "Talion's Messenger_SB": 2702, "Voldaren Thrillseeker_SB": 3114, "Back for Seconds": 161, "Bloodletter of Aclazotz": 247, "Cryptex": 566, "Diabolic Intent": 670, "Insatiable Avarice": 1386, "Molten Duplication": 1787, "Phyrexian Arena": 2011, "Phyrexian Dragon Engine": 2015, "Phyrexian Fleshgorger": 2017, "Phyrexian Obliterator": 2021, "Rush of Dread": 2293, "Hearthborn Battler_SB": 1271, "Knight of Dusk's Shadow_SB": 1531, "Magda, the Hoardmaster_SB": 1681, "Neutralize the Guards_SB": 1852, "Sheoldred's Edict_SB": 2418, "Slice from the Shadows_SB": 2490, "Bring the Ending": 325, "Experimental Augury": 860, "Jawbone Duelist": 1458, "Serum Snare": 2401, "Tyvar's Stand": 2946, "Annex Sentry_SB": 72, "Bring the Ending_SB": 326, "Krenko's Buzzcrusher_SB": 1551, "Not on My Watch_SB": 1881, "Royal Treatment": 2278, "Chart a Course": 449, "Helping Hand": 1282, "Moment of Truth": 1792, "Monastery Mentor": 1795, "Recommission": 2174, "Shore Up": 2432, "Soul Partition": 2513, "Anointed Peacekeeper_SB": 81, "Soul Partition_SB": 2514, "Malcolm, Alluring Scoundrel": 1694, "Song of Totentanz_SB": 2510, "Virtue of Loyalty_SB": 3093, "Terror Tide": 2738, "Gingerbrute": 1106, "Hard-Hitting Question": 1233, "Kitesail Larcenist": 1523, "Lavaspur Boots": 1571, "Lost Jitte": 1653, "Restless Vinestalk": 2228, "Surge Engine": 2659, "Teething Wurmlet": 2716, "Tough Cookie": 2894, "Hard-Hitting Question_SB": 1234, "Kitesail Larcenist_SB": 1524, "Repulsive Mutation_SB": 2203, "Tarrian's Soulcleaver_SB": 2709, "Negate": 1844, "Spellgyre": 2543, "See Double_SB": 2383, "Blacksmith's Talent": 221, "Brambleguard Captain": 301, "Cheeky House-Mouse": 451, "Flowerfoot Swordmaster": 1001, "Mabel, Heir to Cragflame": 1674, "Raging Battle Mouse": 2122, "Seedglaive Mentor": 2385, "Whiskervale Forerunner": 3171, "Callous Sell-Sword_SB": 372, "Case of the Gateway Express_SB": 397, "Dawn's Truce_SB": 599, "Rabid Gnaw_SB": 2111, "Warleader's Call_SB": 3150, "Bonny Pall, Clearcutter_SB": 273, "Loran's Escape": 1648, "Nettle Guard": 1849, "Rabid Gnaw": 2110, "Jaya, Fiery Negotiator_SB": 1460, "Loran's Escape_SB": 1649, "Deadly Cover-Up": 611, "Kaya, Intangible Slayer": 1496, "Urgent Necropsy": 3015, "Anim Pakal, Thousandth Moon": 68, "Ash, Party Crasher": 122, "Case of the Uneaten Feast": 403, "Legion Extruder": 1580, "Market Gnome": 1708, "Mishra's Command": 1771, "Mondrak, Glory Dominus": 1799, "Dusk Rose Reliquary_SB": 750, "Metropolis Reformer_SB": 1742, "Ossification_SB": 1933, "Harvester of Misery": 1241, "Phyrexian Arena_SB": 2012, "Scales of Shale": 2335, "Bushwhack": 358, "Misery's Shadow": 1769, "Tail Swipe": 2692, "Tinybones, the Pickpocket": 2865, "Soul Search_SB": 2516, "Lithomantic Barrage_SB": 1623, "Fugitive Codebreaker": 1039, "Smash to Dust_SB": 2496, "Scorching Shot": 2346, "Wrenn's Resolve": 3213, "Caught in the Crossfire_SB": 409, "Parting Gust": 1981, "Flowstone Infusion": 1002, "Furnace Reins_SB": 1050, "Azure Beastbinder": 159, "Karumonix, the Rat King": 1495, "Lilypad Village": 1618, "Nezumi Informant": 1855, "Patchwork Banner": 1983, "Persistent Marshstalker": 1998, "Pile On": 2032, "Shoreline Looter": 2434, "Vren, the Relentless": 3133, "Saheeli, Filigree Master": 2305, "Barbed Batterfist": 180, "Squee, Dubious Monarch": 2574, "Chandra, Hope's Beacon": 434, "Collector's Vault": 496, "One with the Multiverse": 1920, "Repair and Recharge": 2199, "Stern Lesson": 2602, "Giant Growth": 1101, "Disfigure": 676, "Blanchwood Prowler": 225, "Cruel Somnophage": 558, "Glarb, Calamity's Augur": 1120, "Gnawing Vermin": 1142, "Hollow Marauder": 1324, "Overwhelming Remorse": 1965, "Souls of the Lost": 2524, "Urborg Lhurgoyf": 3009, "Soulless Jailer_SB": 2523, "Surge of Salvation": 2661, "Surge of Salvation_SB": 2662, "Kaito, Dancing Shadow": 1482, "Bonny Pall, Clearcutter": 272, "Deadly Cover-Up_SB": 612, "Spring-Loaded Sawblades": 2569, "No More Lies_SB": 1870, "Werefox Bodyguard_SB": 3168, "Archangel Elspeth_SB": 94, "Charming Scoundrel": 445, "Greedy Freebooter": 1186, "Mephitic Draught": 1734, "Scavenger's Talent": 2340, "Spiteful Hexmage": 2559, "Tarrian's Journal": 2708, "Annihilating Glare_SB": 76, "Demolition Field_SB": 646, "Hopeless Nightmare_SB": 1334, "Legion Extruder_SB": 1581, "The Witch's Vanity_SB": 2805, "Tithing Blade_SB": 2875, "Lord Skitter's Butcher": 1650, "Rat Out": 2142, "Three Tree City": 2839, "Valley Rotcaller": 3040, "Obstinate Baloth": 1899, "Return from the Wilds": 2231, "Warren Warleader_SB": 3153, "Hunter's Talent": 1348, "Quirion Beastcaller": 2108, "Shock_SB": 2429, "Capricious Hellraiser": 381, "The Irencrag": 2768, "Faerie Mastermind_SB": 891, "Shifting Grift_SB": 2422, "Sunspine Lynx": 2655, "Sword of Vengeance": 2683, "Agate Assault_SB": 27, "Brambleguard Captain_SB": 302, "Koth, Fire of Resistance_SB": 1546, "Ojer Axonil, Deepest Might_SB": 1907, "Scytheclaw Raptor_SB": 2362, "Axebane Ferox": 154, "Evolving Adaptive": 851, "Flourishing Bloom-Kin": 998, "Keen-Eyed Curator": 1502, "Innkeeper's Talent_SB": 1382, "Tyvar's Stand_SB": 2947, "Tocasia's Welcome": 2879, "Bonehoard Dracosaur": 270, "Delney, Streetwise Lookout": 643, "Skrelv's Hive_SB": 2465, "Corrupted Conviction": 537, "Splash Portal": 2561, "Wick, the Whorled Mind": 3176, "Lord Skitter, Sewer King_SB": 1652, "Sorcerous Spyglass_SB": 2512, "Fake Your Own Death": 895, "Combat Courier": 504, "Diamond Pick-Axe": 671, "Gleaming Geardrake": 1128, "Unctus's Retrofitter": 2957, "Cryptic Coat_SB": 568, "High Noon": 1311, "Liberator, Urza's Battlethopter": 1601, "Silver Scrutiny": 2448, "Simulacrum Synthesizer": 2455, "The Mightstone and Weakstone": 2777, "Unstable Glyphbridge": 2991, "Urza, Lord Protector": 3023, "Final Showdown_SB": 973, "Silver Scrutiny_SB": 2449, "Spellgyre_SB": 2544, "Blast Zone": 228, "Tranquil Frillback": 2902, "The Filigree Sylex_SB": 2760, "Magebane Lizard": 1682, "Ravine Raider": 2151, "Magebane Lizard_SB": 1683, "Assassin's Trophy": 132, "Glistening Deluge": 1135, "Vraska Joins Up_SB": 3127, "Frolicking Familiar_SB": 1035, "Goddric, Cloaked Reveler": 1155, "Chimil, the Inner Sun_SB": 454, "Forsaken Miner": 1018, "Invasion of Tolvada": 1432, "Assassin's Trophy_SB": 133, "Atraxa, Grand Unifier_SB": 142, "Stoic Sphinx": 2612, "Training Grounds": 2898, "Savor_SB": 2325, "Narset, Enlightened Exile": 1836, "Up the Beanstalk_SB": 3005, "Pest Control_SB": 2000, "Cruelclaw's Heist": 559, "Malicious Eclipse": 1697, "Tenth District Hero": 2733, "Unyielding Gatekeeper_SB": 3003, "Pyroclasm_SB": 2098, "Eddymurk Crab": 766, "This Town Ain't Big Enough": 2811, "Long River's Pull_SB": 1640, "Case of the Crimson Pulse": 393, "Laughing Jasper Flint_SB": 1569, "Duelist of the Mind": 744, "Proft's Eidetic Memory": 2079, "Steamcore Scholar": 2594, "Crumb and Get It": 561, "Break the Spell_SB": 316, "Invasion of Eldraine": 1413, "Sugar Rush": 2637, "Blossoming Tortoise": 259, "Cenote Scout": 424, "The Huntsman's Redemption_SB": 2765, "Vaultborn Tyrant_SB": 3057, "Volcanic Spite": 3110, "Tyrranax Rex_SB": 2944, "Charming Scoundrel_SB": 446, "Goddric, Cloaked Reveler_SB": 1156, "Mirrex_SB": 1763, "Sunfire Torch": 2649, "Binding Negotiation_SB": 210, "Urza's Sylex": 3021, "Caves of Koilos_SB": 419, "Invasion of Gobakhan": 1416, "Felonious Rage": 955, "Vren, the Relentless_SB": 3134, "Invasion of Shandalar": 1427, "Agate-Blade Assassin": 28, "All Will Be One": 47, "Bloodfell Caves": 245, "Jagged Barrens": 1457, "Ob Nixilis, Captive Kingpin": 1893, "Tectonic Hazard": 2714, "Staggering Size_SB": 2579, "Sanguine Evangelist_SB": 2315, "Leyline of Resonance": 1594, "Thornspire Verge": 2816, "Turn Inside Out": 2928, "Brave the Wilds": 307, "Get Out": 1081, "Mountain_SB": 1816, "Unidentified Hovership": 2976, "Unidentified Hovership_SB": 2977, "Blazemire Verge": 230, "Brass's Tunnel-Grinder": 305, "Fear of Missing Out": 927, "Lich-Knights' Conquest": 1602, "Nowhere to Run": 1883, "Overlord of the Balemurk": 1951, "Overlord of the Boilerbilges": 1953, "Enduring Courage_SB": 804, "Nowhere to Run_SB": 1884, "Rottenmouth Viper_SB": 2275, "Phyrexian Missionary": 2019, "Surgical Suite && Hospital Room": 2664, "Exorcise_SB": 856, "Ghost Vacuum_SB": 1094, "Shrouded Shepherd_SB": 2439, "Floodfarm Verge": 994, "Hushwood Verge": 1351, "Overlord of the Floodpits": 1955, "Overlord of the Hauntwoods": 1957, "Overlord of the Mistmoors": 1959, "The End": 2753, "Zur, Eternal Schemer": 3243, "Archangel of Wrath_SB": 98, "Invasion of Shandalar_SB": 1428, "Rankle's Prank_SB": 2141, "Valgavoth, Terror Eater_SB": 3032, "Enduring Innocence": 807, "Entity Tracker": 822, "Ethereal Armor": 846, "Fae Flight": 883, "Gremlin Tamer": 1191, "Inquisitive Glimmer": 1384, "Optimistic Scavenger": 1923, "Ossification": 1932, "Shardmage's Rescue": 2409, "Sheltered by Ghosts": 2414, "Kitnap_SB": 1525, "Abhorrent Oculus": 1, "Artist's Talent": 120, "Pyroclasm": 2097, "Roaring Furnace && Steaming Sauna": 2257, "Fires of Victory_SB": 980, "Restless Ridgeline_SB": 2224, "Splitskin Doll": 2565, "Shardmage's Rescue_SB": 2410, "Breach the Multiverse": 311, "Conspiracy Unraveler": 523, "Gloomlake Verge": 1138, "Reenact the Crime": 2181, "The Tale of Tamiyo": 2800, "Vohar, Vodalian Desecrator": 3107, "Archfiend of the Dross_SB": 102, "Geological Appraiser": 1075, "Molten Collapse": 1785, "Undead Sprinter": 2959, "Screaming Nemesis_SB": 2357, "Harried Spearguard": 1238, "Painter's Studio && Defaced Gallery": 1972, "Phoenix Chick": 2009, "Felonious Rage_SB": 956, "Ferocification_SB": 958, "Wrenn's Resolve_SB": 3214, "Demonic Counsel": 647, "Unstoppable Slasher": 2994, "Cursed Recording": 581, "The Everflowing Well": 2758, "Fountainport_SB": 1027, "Dreadmaw's Ire_SB": 728, "The Wandering Rescuer": 2802, "Enduring Curiosity": 805, "Split Up_SB": 2564, "Chainsaw": 430, "Enduring Innocence_SB": 808, "Overlord of the Mistmoors_SB": 1960, "Cease // Desist_SB": 421, "Emberheart Challenger_SB": 798, "Picnic Ruiner": 2030, "Witch's Mark": 3195, "Twisted Fealty_SB": 2937, "Aven Interrupter": 151, "Errant and Giada": 828, "Roaring Furnace // Steaming Sauna_SB": 2260, "Monastery Mentor_SB": 1796, "Floodpits Drowner": 995, "Jadelight Spelunker": 1456, "Merfolk Cave-Diver": 1735, "Mistbreath Elder": 1775, "Nicanzil, Current Conductor": 1857, "Vodalian Hexcatcher": 3105, "Deeproot Pilgrimage_SB": 629, "Sword of Once and Future_SB": 2682, "Unable to Scream_SB": 2953, "Sheltered by Ghosts_SB": 2415, "Toby, Beastie Befriender": 2877, "Zimone, All-Questioning": 3233, "Don't Make a Sound": 698, "Kaito, Bane of Nightmares": 1478, "Fear of Impostors": 920, "Ghostly Dancers": 1095, "Mirror Room // Fractured Realm": 1765, "Silent Hallcreeper": 2445, "Virtue of Knowledge": 3090, "Beastie Beatdown": 197, "Betrayer's Bargain": 204, "Growing Dread": 1200, "Patchwork Beastie": 1984, "Scrapwork Mutt": 2352, "Wildfire Wickerfolk": 3181, "Atraxa's Fall_SB": 140, "Choking Miasma": 456, "Thrun, Breaker of Silence_SB": 2850, "Calix, Guided by Fate": 368, "Combat Research": 505, "Elvish Archivist": 793, "Enduring Vitality": 811, "Scalding Viper": 2333, "Scorching Dragonfire": 2344, "Stormsplitter": 2624, "Hide in Plain Sight_SB": 1306, "Scorching Dragonfire_SB": 2345, "Virtue of Strength_SB": 3097, "Roaring Furnace // Steaming Sauna": 2259, "Case of the Stashed Skeleton": 401, "Conduit Pylons": 515, "Corpses of the Lost": 534, "Darkstar Augur": 594, "Scorn-Blade Berserker": 2348, "Withering Torment_SB": 3201, "Serra Paragon": 2399, "Leyline of the Void_SB": 1600, "Skullcap Snail_SB": 2471, "Unscrupulous Agent_SB": 2987, "Ephara's Dispersal": 824, "Unwanted Remake_SB": 3001, "Change the Equation": 440, "Invasion of Arcavios": 1411, "Collector's Cage": 494, "Vengeful Possession_SB": 3065, "Exorcise": 855, "Dissection Tools_SB": 681, "Split Up": 2563, "Nettle Guard_SB": 1850, "Zoraline, Cosmos Caller_SB": 3240, "Restless Prairie": 2220, "Scrollshift": 2358, "Altanak, the Thrice-Called": 49, "Say Its Name": 2329, "Screaming Nemesis": 2356, "The Rollercrusher Ride": 2788, "Balustrade Wurm_SB": 171, "Painter's Studio // Defaced Gallery": 1974, "Hearth Elemental_SB": 1269, "Render Inert": 2196, "Starfall Invocation": 2585, "Urza's Sylex_SB": 3022, "Essence Channeler": 836, "Lunar Convocation": 1665, "Ruin-Lurker Bat": 2283, "Bladehold War-Whip": 224, "Jor Kadeen, First Goldwarden": 1470, "Kellan, the Fae-Blooded": 1512, "Rebel Salvo": 2166, "Untimely Malfunction_SB": 2999, "Ruthless Negotiation": 2299, "Phyrexian Obliterator_SB": 2022, "Lightning Strike_SB": 1611, "Unwanted Remake": 3000, "Rest in Peace": 2211, "Conduit of Worlds_SB": 517, "Beseech the Mirror": 202, "Rite of the Moth": 2247, "Valgavoth, Terror Eater": 3031, "Phyrexian Fleshgorger_SB": 2018, "Seized from Slumber": 2391, "Cease // Desist": 420, "Ill-Timed Explosion_SB": 1360, "Song of Totentanz": 2509, "Stormkeld Vanguard_SB": 2623, "Balustrade Wurm": 170, "Fear of Being Hunted": 916, "Charred Foyer // Warped Space_SB": 448, "Deadly Riposte_SB": 614, "Torch the Witness": 2890, "Rona's Vortex": 2270, "Surgical Suite // Hospital Room": 2666, "Valgavoth's Faithful": 3027, "Rona's Vortex_SB": 2271, "Matzalantli, the Great Door": 1718, "Osseous Sticktwister": 1930, "Razorlash Transmogrant_SB": 2156, "Agrus Kos, Spirit of Justice": 33, "Annie Joins Up": 74, "Baylen, the Haymaker": 194, "Hugs, Grisly Guardian": 1344, "Kellan, Daring Traveler": 1507, "Pia Nalaar, Consul of Revival": 2026, "Rocco, Street Chef": 2262, "Defabricate_SB": 632, "Grand Abolisher_SB": 1174, "Braided Net": 296, "Chimil, the Inner Sun": 453, "Clay-Fired Bricks": 477, "Farsight Ritual": 906, "Feather of Flight": 934, "Invasion of Theros": 1431, "Spellbook Vendor": 2542, "Toadstool Admirer": 2876, "Expel the Interlopers_SB": 859, "Flowstone Infusion_SB": 1003, "Giant Growth_SB": 1102, "Enduring Tenacity": 809, "Gumdrop Poisoner": 1212, "Vinereap Mentor": 3083, "Come Back Wrong_SB": 508, "Minor Misstep_SB": 1757, "Crystal Grotto": 573, "Invasion of Segovia": 1426, "Protect the Negotiators": 2087, "Caretaker's Talent_SB": 387, "Contested Game Ball_SB": 529, "Razorkin Needlehead_SB": 2154, "Witch's Mark_SB": 3196, "Danitha, Benalia's Hope_SB": 591, "Leyline of Hope": 1592, "Starscape Cleric": 2587, "Withering Torment": 3200, "Abraded Bluffs": 5, "Alania's Pathmaker": 44, "Banishing Light": 175, "Nahiri's Resolve": 1832, "Tinker's Tote": 2861, "Wind-Scarred Crag": 3186, "Recommission_SB": 2175, "Volcanic Spite_SB": 3111, "Campus Renovation": 373, "Cityscape Leveler": 468, "Combat Thresher": 506, "Emerge from the Cocoon": 799, "Fear of Abduction": 915, "Galvanize": 1057, "Raucous Carnival": 2147, "Su-Chi Cave Guard": 2634, "Boulderbranch Golem_SB": 292, "Outlaw Medic_SB": 1942, "Scrollshift_SB": 2359, "Beanstalk Wurm": 196, "Blossoming Sands": 258, "Etched Cornfield": 844, "Getaway Glamer": 1083, "Hauntwoods Shrieker": 1251, "Manifest Dread": 1700, "Riftburst Hellion": 2237, "Rust Goliath": 2295, "Salvation Swan": 2308, "Threats Around Every Corner": 2834, "Valgavoth's Onslaught": 3029, "Monstrous Emergence_SB": 1802, "Neglected Manor": 1846, "Skullcap Snail": 2470, "Stockpiling Celebrant": 2610, "Found Footage_SB": 1021, "Griffnaut Tracker_SB": 1196, "Dwarven Forge-Chanter": 753, "Urabrask": 3006, "Whirling Strike_SB": 3169, "Corrupt": 536, "Final Vengeance": 974, "Hidden Necropolis": 1302, "The Dross Pits": 2750, "Unscrupulous Agent": 2986, "Candy Grapple_SB": 376, "Kaito, Bane of Nightmares_SB": 1479, "Calamity's Wake_SB": 366, "Clockwork Percussionist": 482, "Disturbing Mirth": 687, "Dusk Rose Reliquary": 749, "Monstrous Emergence": 1801, "Ephara's Dispersal_SB": 825, "Get Out_SB": 1082, "Teferi, Temporal Pilgrim_SB": 2718, "The Wandering Rescuer_SB": 2803, "Overgrown Zealot": 1950, "Assimilation Aegis": 134, "Unstable Glyphbridge_SB": 2992, "Dismal Backwater": 678, "Distorted Curiosity": 682, "Drown in Ichor": 738, "Infectious Inquiry": 1375, "Murky Sewer": 1827, "Prologue to Phyresis": 2083, "Reject Imperfection": 2190, "Vraska's Fall": 3128, "Infectious Inquiry_SB": 1376, "Pestilent Syphoner_SB": 2002, "Vivisurgeon's Insight_SB": 3104, "Alabaster Host Intercessor": 43, "Fanatic of the Harrowing": 900, "Haunted Mire": 1248, "Nurturing Bristleback": 1886, "Radiant Grove": 2113, "Shroudstomper": 2440, "Spectral Snatcher": 2536, "Sunlit Marsh": 2652, "Fanatic of the Harrowing_SB": 901, "Urborg Repossession_SB": 3011, "Winter's Intervention_SB": 3190, "Virtue of Courage": 3088, "Push // Pull_SB": 2096, "Break Out": 314, "Make Your Own Luck": 1690, "Niv-Mizzet, Supreme": 1868, "Make Your Own Luck_SB": 1691, "Blood Hustler": 240, "Desert's Due": 658, "Eroded Canyon": 827, "Gisa, the Hellraiser": 1107, "Intimidation Campaign": 1398, "Lazav, Familiar Stranger": 1575, "Magda, the Hoardmaster": 1680, "Raven of Fell Omens": 2150, "Seize the Secrets": 2389, "Soured Springs": 2527, "Fade from History_SB": 882, "Drag to the Bottom_SB": 714, "Drown in Ichor_SB": 739, "Reject Imperfection_SB": 2191, "Serum Snare_SB": 2402, "Venser, Corpse Puppet_SB": 3069, "Vraska, Betrayal's Sting_SB": 3131, "Whisper of the Dross_SB": 3173, "Abandoned Campground": 0, "Fear of Isolation": 924, "Grand Entryway // Elegant Rotunda": 1176, "Hopeful Vigil": 1332, "Meat Locker // Drowned Diner": 1724, "The Princess Takes Flight": 2784, "Tranquil Cove": 2900, "Underwater Tunnel // Slimy Aquarium": 2967, "Deathcap Marionette": 617, "Desperate Bloodseeker": 659, "Gloomfang Mauler": 1137, "Possessed Goat": 2064, "Vile Mutilator": 3082, "Extract a Confession_SB": 872, "Make Your Move_SB": 1689, "Ghalta, Stampede Tyrant": 1088, "Kellan, Inquisitive Prodigy_SB": 1509, "Ghost Vacuum": 1093, "Meathook Massacre II": 1725, "Zur, Eternal Schemer_SB": 3244, "Grievous Wound": 1194, "Razorkin Needlehead": 2153, "Vial Smasher, Gleeful Grenadier": 3077, "Invasion of Tolvada_SB": 1433, "Unholy Annex && Ritual Chamber": 2972, "Unholy Annex && Ritual Chamber_SB": 2973, "Zephyr Singer": 3228, "Preacher of the Schism_SB": 2069, "Nashi, Searcher in the Dark": 1839, "Betrayer's Bargain_SB": 205, "Seedglaive Mentor_SB": 2386, "Valgavoth's Lair": 3028, "Idyllic Beachfront": 1358, "Undead Sprinter_SB": 2960, "Ojer Kaslem, Deepest Growth": 1908, "Restless Cottage_SB": 2218, "Otterball Antics": 1936, "Ral, Crackling Wit_SB": 2134, "Overlord of the Balemurk_SB": 1952, "Fortified Beachhead": 1019, "Harbin, Vanguard Aviator": 1228, "Recruitment Officer": 2176, "Werefox Bodyguard": 3167, "Zephyr Sentinel": 3227, "Fell_SB": 953, "Omnivorous Flytrap": 1918, "Stubborn Burrowfiend": 2632, "Trial of Agony_SB": 2915, "Wrenn and Realmbreaker_SB": 3211, "Doomsday Excruciator": 699, "Drag the Canal": 711, "Essence Scatter": 838, "Sazacap's Brew": 2331, "Defiled Crypt // Cadaver Lab": 639, "Popular Egotist": 2058, "Ego Drain_SB": 771, "Jaya, Fiery Negotiator": 1459, "Squee, Dubious Monarch_SB": 2575, "Stoic Sphinx_SB": 2613, "Blot Out": 260, "Drag to the Bottom": 713, "Soul of Windgrace": 2517, "Season of Gathering_SB": 2371, "Unholy Annex // Ritual Chamber": 2974, "Impulse": 1369, "The Huntsman's Redemption": 2764, "Armored Scrapgorger": 118, "Green Sun's Twilight": 1187, "Llanowar Loamspeaker": 1631, "Bite Down_SB": 214, "Unstoppable Slasher_SB": 2995, "Overprotect": 1961, "Valgavoth's Onslaught_SB": 3030, "Embereth Veteran": 796, "Drannith Ruins_SB": 726, "Live or Die": 1624, "No One Left Behind": 1871, "Not Dead After All": 1878, "Oblivious Bookworm": 1897, "Satoru, the Infiltrator": 2321, "The Swarmweaver_SB": 2799, "Enduring Courage": 803, "Rakdos Joins Up": 2127, "The Elder Dragon War": 2751, "Khenra Spellspear": 1518, "Blue Sun's Twilight_SB": 262, "Third Path Iconoclast_SB": 2809, "Helga, Skittish Seer": 1275, "Phyrexian Dragon Engine_SB": 2016, "Elas il-Kor, Sadistic Pilgrim": 774, "Hajar, Loyal Bodyguard": 1215, "Rakdos, the Muscle": 2130, "Ratadrabik of Urborg": 2144, "The Jolly Balloon Man": 2769, "Boon-Bringer Valkyrie": 277, "Rockface Village_SB": 2264, "Elesh Norn_SB": 785, "Fomori Vault": 1006, "Skitterbeam Battalion": 2463, "Thran Spider": 2829, "Assimilation Aegis_SB": 135, "Vraan, Executioner Thane": 3125, "Goldvein Hydra_SB": 1160, "Valley Floodcaller_SB": 3037, "Azure Beastbinder_SB": 160, "Flow of Knowledge": 999, "Abhorrent Oculus_SB": 2, "Unauthorized Exit_SB": 2955, "Gix, Yawgmoth Praetor_SB": 1116, "Geological Appraiser_SB": 1076, "Nemata, Primeval Warden": 1847, "Djeru and Hazoret": 694, "Dragonhawk, Fate's Tempest": 718, "Huatli, Poet of Unity": 1343, "Dollmaker's Shop // Porcelain Gallery_SB": 697, "Commune with Evil": 511, "Hammerhand_SB": 1226, "Akawalli, the Seething Tower": 42, "Bringer of the Last Gift": 327, "Maha, Its Feathers Night": 1687, "Strangled Cemetery": 2625, "Terramorphic Expanse": 2736, "Uurg, Spawn of Turg": 3024, "Voracious Varmint": 3119, "Wary Watchdog": 3155, "Murder_SB": 1825, "Armored Armadillo": 115, "Draconic Destiny": 710, "Etali's Favor": 840, "Slumbering Keepguard": 2495, "Take Up the Shield_SB": 2697, "Broodspinner": 336, "Huskburster Swarm": 1352, "Writhing Necromass": 3215, "Desperate Bloodseeker_SB": 660, "Echo of Dusk_SB": 764, "Voracious Varmint_SB": 3120, "Creosote Heath": 557, "Crystal Carapace": 572, "Petrify_SB": 2004, "Conceited Witch": 514, "Fear of Infinity": 922, "Glimmerlight": 1131, "Forlorn Flats": 1017, "Hero of the Dunes": 1291, "Phyrexian Rager": 2023, "Overwhelming Remorse_SB": 1966, "Vanish into Eternity_SB": 3052, "Gixian Infiltrator": 1117, "Sawblade Skinripper": 2327, "Not Dead After All_SB": 1879, "Unseal the Necropolis_SB": 2988, "Ichor Drinker": 1355, "Izoni, Center of the Web": 1449, "Ozolith, the Shattered Spire": 1968, "Twitching Doll": 2938, "Urborg Repossession": 3010, "Enduring Curiosity_SB": 806, "Third Path Iconoclast": 2808, "Artist's Talent_SB": 121, "Kellan, Inquisitive Prodigy": 1508, "Anzrag's Rampage_SB": 83, "Terisian Mindbreaker": 2735, "The Mindskinner": 2780, "Eliminate the Impossible_SB": 786, "Archdruid's Charm": 99, "Pawpatch Recruit_SB": 1988, "Highway Robbery": 1315, "Treasure Map": 2911, "Jodah, the Unifier": 1465, "Melira, the Living Cure": 1729, "Sigarda, Font of Blessings": 2443, "Drana and Linvala_SB": 723, "Kellan, the Kid_SB": 1514, "Kutzil, Malamet Exemplar_SB": 1559, "Myrel, Shield of Argive_SB": 1830, "Skrelv, Defector Mite_SB": 2467, "Tinybones Joins Up_SB": 2863, "Gishath, Sun's Avatar": 1109, "Aspirant's Ascent": 130, "Enter the Enigma": 820, "Ivy, Gleeful Spellthief": 1446, "Take the Fall": 2699, "Ivy, Gleeful Spellthief_SB": 1447, "Ojer Axonil, Deepest Might": 1906, "Kogla and Yidaro_SB": 1538, "Fae Flight_SB": 884, "Silent Hallcreeper_SB": 2446, "Stenn, Paranoid Partisan": 2600, "Gremlin Tamer_SB": 1192, "Unholy Annex // Ritual Chamber_SB": 2975, "Amalia Benavides Aguirre": 50, "Thousand Moons Smithy": 2825, "Worldwalker Helm": 3207, "Spring-Loaded Sawblades_SB": 2570, "Quick Study": 2105, "Awaken the Woods": 153, "Pick Your Poison": 2027, "Aftermath Analyst_SB": 26, "Training Grounds_SB": 2899, "Regal Bunnicorn_SB": 2185, "Corpses of the Lost_SB": 535, "Bandit's Haul": 172, "Conduit of Worlds": 516, "Faunsbane Troll": 912, "The Goose Mother": 2762, "Anointed Peacekeeper": 80, "Archangel of Tithes": 95, "Guardian of New Benalia": 1207, "Veteran Survivor": 3074, "Slickshot Show-Off_SB": 2493, "Darkstar Augur_SB": 595, "Commercial District_SB": 510, "Arabella, Abandoned Doll": 84, "Sword of Forge and Frontier_SB": 2680, "Sword of Forge and Frontier": 2679, "Sword of Once and Future": 2681, "Fleeting Reflection": 990, "Reasonable Doubt": 2165, "Seal from Existence": 2364, "Not on My Watch": 1880, "Render Inert_SB": 2197, "Dollmaker's Shop && Porcelain Gallery": 695, "Overlord of the Floodpits_SB": 1956, "Lavaspur Boots_SB": 1572, "Arabella, Abandoned Doll_SB": 85, "Restless Anchorage_SB": 2214, "Overlord of the Boilerbilges_SB": 1954, "Island_SB": 1444, "Invasion of Innistrad": 1418, "Fugitive Codebreaker_SB": 1040, "Misery's Shadow_SB": 1770, "Lukka, Bound to Ruin": 1658, "Migloz, Maze Crusher": 1749, "Walk-In Closet && Forgotten Cellar": 3138, "Osseous Sticktwister_SB": 1931, "Unable to Scream": 2952, "Piggy Bank": 2031, "Rankle's Prank": 2140, "Sunken Citadel_SB": 2651, "Farsight Ritual_SB": 907, "Bladecoil Serpent_SB": 223, "Starscape Cleric_SB": 2588, "Curate": 578, "Proft's Eidetic Memory_SB": 2080, "Confounding Riddle": 518, "The Enigma Jewel": 2755, "The Swarmweaver": 2798, "Baird, Argivian Recruiter": 164, "Dollmaker's Shop // Porcelain Gallery": 696, "Insatiable Avarice_SB": 1387, "Virtue of Knowledge_SB": 3091, "Sheoldred": 2416, "Ruthless Negotiation_SB": 2300, "Trapped in the Screen": 2906, "Arcane Proxy": 90, "Astor, Bearer of Blades": 136, "Dissection Tools": 680, "Chrome Prowler": 460, "Hidden Cataract": 1299, "Hidden Courtyard": 1300, "Out Cold": 1937, "Lost in the Maze_SB": 1656, "Spark Rupture_SB": 2530, "Coati Scavenger": 486, "Drag to the Roots": 715, "The Skullspore Nexus": 2791, "Glass Casket": 1122, "Repel Calamity": 2200, "Walk-In Closet && Forgotten Cellar_SB": 3139, "Tarnation Vista": 2707, "Sandstorm Verge": 2313, "Pest Control": 1999, "Pillage the Bog_SB": 2037, "Cankerbloom": 378, "Violent Urge": 3085, "Argentum Masticore_SB": 110, "Archdruid's Charm_SB": 100, "Ghostly Dancers_SB": 1096, "Micromancer": 1743, "Clement, the Worrywort": 479, "Dour Port-Mage": 706, "Dreamdew Entrancer": 730, "Long River Lurker": 1638, "Pond Prophet": 2057, "Sunshower Druid": 2653, "Three Tree Scribe": 2841, "Invasion of Ixalan": 1419, "Bristlebud Farmer_SB": 329, "Drannith Ruins": 725, "Coppercoat Vanguard": 531, "Valiant Veteran": 3033, "Syr Ginger, the Meal Ender": 2689, "Sharp-Eyed Rookie": 2411, "Treeguard Duo_SB": 2913, "Fauna Shaman": 910, "Haywire Mite": 1252, "Likeness Looter": 1613, "Nashi, Moon's Legacy": 1838, "Festering Gulch": 959, "Fake Your Own Death_SB": 896, "Forest_SB": 1014, "Heaped Harvest_SB": 1262, "Swamp_SB": 2672, "Demand Answers": 644, "Breeches, Eager Pillager": 317, "Captain Storm, Cosmium Raider": 383, "Goblin Tomb Raider": 1154, "Malcolm, the Eyes": 1696, "Reckless Lackey": 2169, "Roaming Throne": 2255, "Staunch Crewmate": 2592, "Roaming Throne_SB": 2256, "Chupacabra Echo": 461, "Hollow Scavenger": 1326, "Take Up the Shield": 2696, "Jirina, Dauntless General_SB": 1464, "Slime Against Humanity": 2494, "Explosive Derailment": 864, "Fell": 952, "Great Train Heist": 1182, "Return the Favor": 2232, "Chainsaw_SB": 431, "Turn Inside Out_SB": 2929, "Hedge Shredder": 1273, "Grievous Wound_SB": 1195, "Cathartic Parting_SB": 408, "Impulse_SB": 1370, "Lich-Knights' Conquest_SB": 1603, "Overlord of the Hauntwoods_SB": 1958, "Bovine Intervention_SB": 295, "Scatter Ray": 2338, "Ashiok, Wicked Manipulator_SB": 126, "Ghired, Mirror of the Wilds": 1089, "Cult Conscript": 574, "Roaring Furnace && Steaming Sauna_SB": 2258, "Hidetsugu and Kairi": 1308, "Under the Skin": 2961, "Elusive Otter_SB": 791, "Unyielding Gatekeeper": 3002, "Restricted Office && Lecture Hall_SB": 2229, "Season of Weaving_SB": 2375, "Cunning Coyote": 576, "Thraxodemon": 2832, "Fear of Lost Teeth": 926, "Invasion of Azgol": 1412, "Tinybones, the Pickpocket_SB": 2866, "Decadent Dragon": 621, "Rakdos, Patron of Chaos": 2129, "Marvin, Murderous Mimic": 1713, "The Infamous Cruelclaw_SB": 2767, "Pollen-Shield Hare": 2052, "Ashiok, Wicked Manipulator": 125, "Final Showdown": 972, "Kutzil's Flanker": 1556, "Ingenious Prodigy": 1380, "Plumecreed Escort_SB": 2049, "Aloe Alchemist": 48, "Yavimaya Iconoclast": 3219, "Bloodletter of Aclazotz_SB": 248, "Braids, Arisen Nightmare_SB": 299, "Torch the Witness_SB": 2891, "Pugnacious Hammerskull_SB": 2093, "Glarb, Calamity's Augur_SB": 1121, "Warden of the Inner Sky_SB": 3145, "Kambal, Profiteering Mayor_SB": 1486, "Painter's Studio && Defaced Gallery_SB": 1973, "Planar Disruption_SB": 2045, "Portent of Calamity": 2063, "Overprotect_SB": 1962, "Floodpits Drowner_SB": 996, "Lukka, Bound to Ruin_SB": 1659, "Roxanne, Starfall Savant_SB": 2277, "Black Sun's Twilight": 219, "Iridescent Vinelasher_SB": 1440, "Bristling Backwoods": 330, "Rugged Highlands": 2282, "Great Train Heist_SB": 1183, "Razortrap Gorge": 2157, "Herbology Instructor_SB": 1288, "Hidden Grotto": 1301, "Maelstrom Pulse": 1678, "Scavenging Ooze": 2341, "Vivien Reid": 3101, "Liliana, Dreadhorde General_SB": 1617, "Maelstrom Pulse_SB": 1679, "Heroic Reinforcements": 1295, "Back for Seconds_SB": 162, "Case of the Stashed Skeleton_SB": 402, "Homicide Investigator_SB": 1328, "Boros Charm": 280, "Burst Lightning": 356, "Llanowar Elves": 1628, "Abyssal Harvester": 9, "Day of Judgment": 601, "Authority of the Consuls_SB": 149, "Devout Decree_SB": 667, "Flashfreeze_SB": 987, "Evangel of Synthesis": 849, "Zombify": 3237, "Desecration Demon_SB": 657, "Wail of the Forgotten_SB": 3136, "Soulstone Sanctuary": 2525, "Scavenging Ooze_SB": 2342, "Vivien Reid_SB": 3102, "Basilisk Collar_SB": 188, "Sun-Blessed Healer": 2641, "Temple of Triumph": 2729, "Campus Renovation_SB": 374, "Boltwave": 265, "Heartflame Duelist_SB": 1267, "Slagstorm_SB": 2484, "Splitskin Doll_SB": 2566, "Mazemind Tome": 1722, "Crystal Barricade_SB": 571, "Bloodthirsty Conqueror_SB": 252, "Kellan, Planar Trailblazer": 1510, "Opt": 1921, "Kaito, Cunning Infiltrator_SB": 1481, "Feed the Swarm_SB": 943, "Spinner of Souls": 2555, "Felidar Retreat": 949, "Herald of Eternal Dawn": 1283, "Loot, Exuberant Explorer": 1642, "Mossborn Hydra": 1811, "Pitiless Carnage_SB": 2040, "Kiora, the Rising Tide": 1521, "Ghitu Lavarunner": 1091, "Thrill of Possibility": 2844, "Elenda, Saint of Dusk": 780, "Garna, Bloodfist of Keld": 1060, "Kellan, the Kid": 1513, "Secluded Courtyard": 2382, "Faebloom Trick": 885, "Authority of the Consuls": 148, "Exemplar of Light": 853, "Fiendish Panda": 964, "Hinterland Sanctifier": 1317, "Elenda, Saint of Dusk_SB": 781, "Spectral Sailor": 2535, "Unsummon": 2996, "Giant Cindermaw_SB": 1100, "Bloodthirsty Conqueror": 251, "Heartflame Duelist": 1266, "Viashino Pyromancer": 3078, "Ball Lightning": 167, "Bloodfeather Phoenix": 243, "Grab the Prize": 1168, "Lyra Dawnbringer_SB": 1672, "Virtue of Courage_SB": 3089, "Brineborn Cutthroat_SB": 324, "Ertai's Scorn_SB": 833, "Flow of Knowledge_SB": 1000, "Haughty Djinn_SB": 1245, "Urza's Rebuff_SB": 3019, "Abyssal Harvester_SB": 10, "Painter's Studio // Defaced Gallery_SB": 1975, "Hero's Downfall": 1292, "Liliana, Dreadhorde General": 1616, "Temple of Malady": 2724, "Temple of Plenty": 2727, "Temple of Silence": 2728, "Mortify_SB": 1810, "Kaito, Cunning Infiltrator": 1480, "Sphinx of Forgotten Lore": 2547, "Aetherize_SB": 23, "Feldon's Cane_SB": 945, "Demonic Pact": 651, "Harmless Offering": 1237, "Ethereal Armor_SB": 847, "Cathar Commando": 406, "Knight of Grace": 1532, "Ajani, Caller of the Pride_SB": 36, "Reclamation Sage_SB": 2173, "Dead Weight": 606, "Gixian Puppeteer": 1119, "Revenge of the Rats": 2233, "Terror Ballista": 2737, "The Ancient One": 2746, "Llanowar Greenwidow": 1630, "An Offer You Can't Refuse_SB": 56, "Trapped in the Screen_SB": 2907, "Subterranean Schooner_SB": 2636, "Worldsoul's Rage": 3206, "Hero's Downfall_SB": 1293, "Zurgo and Ojutai": 3245, "Refute": 2182, "Curator of Destinies_SB": 579, "Day of Judgment_SB": 602, "Ashroot Animist": 129, "Polukranos Reborn": 2055, "Ruby, Daring Tracker": 2281, "Muerra, Trash Tactician_SB": 1821, "Boros Charm_SB": 281, "Jirina, Dauntless General": 1463, "Deathmark_SB": 618, "Joust Through_SB": 1472, "Knight of Grace_SB": 1533, "Raise the Past_SB": 2125, "Arcanis the Omnipotent_SB": 92, "Feed the Cycle_SB": 940, "Insidious Fungus_SB": 1389, "Stab_SB": 2578, "Dazzling Denial": 604, "Empyrean Eagle": 800, "Healer's Hawk": 1260, "Blooming Blast": 255, "Firebrand Archer": 977, "High Stride": 1313, "Infectious Bite": 1374, "Aspirant's Ascent_SB": 131, "Distorted Curiosity_SB": 683, "Enter the Enigma_SB": 821, "Fleeting Reflection_SB": 991, "High Stride_SB": 1314, "Prologue to Phyresis_SB": 2084, "This Town Ain't Big Enough_SB": 2812, "Greed's Gambit": 1184, "Molten Collapse_SB": 1786, "Sire of Seven Deaths_SB": 2458, "Temple of Deceit": 2721, "Sentinel of the Nameless City_SB": 2397, "Doubling Season": 704, "Cathar Commando_SB": 407, "Elegant Parlor_SB": 779, "Thrun, Breaker of Silence": 2849, "Buried in the Garden": 349, "Fecund Greenshell": 936, "Genesis Wave": 1074, "Invasion of Zendikar": 1434, "Urborg Scavengers_SB": 3013, "Ajani's Pridemate": 34, "Arahbo, the First Fang": 87, "Joust Through": 1471, "Prideful Parent": 2071, "Regal Caracal": 2186, "Savannah Lions": 2323, "Skyknight Squire": 2478, "Banishing Light_SB": 176, "Claws Out_SB": 476, "Audacity_SB": 144, "Brineborn Cutthroat": 323, "Desecration Demon": 656, "Cynical Loner": 587, "Driver of the Dead": 736, "Gatekeeper of Malakir": 1070, "Infestation Sage": 1377, "Kalastria Highborn": 1484, "Nullpriest of Oblivion": 1885, "Pulse Tracker": 2094, "Vampire Nighthawk": 3047, "Vengeful Bloodwitch": 3063, "Undergrowth Recon": 2966, "Walk-In Closet // Forgotten Cellar": 3140, "An Offer You Can't Refuse": 55, "Carnelian Orb of Dragonkind": 388, "Invasion of Tarkir": 1429, "Sarkhan, Soul Aflame": 2320, "Slagstorm": 2483, "Stingerback Terror": 2605, "Twinflame Tyrant": 2933, "Omniscience": 1917, "Drag to the Roots_SB": 716, "Arcanis the Omnipotent": 91, "Witness Protection_SB": 3203, "Luminous Rebuke": 1662, "Primal Might": 2072, "Moment of Craving_SB": 1790, "Tinybones, Bauble Burglar": 2864, "Sphinx of Forgotten Lore_SB": 2548, "Ashnod's Intervention": 128, "Invasion of Regatha": 1424, "Bloodfeather Phoenix_SB": 244, "Koma, World-Eater": 1542, "Fear of Impostors_SB": 921, "Surrak, the Hunt Caller": 2670, "Tyvar, the Pummeler": 2949, "Wildborn Preserver_SB": 3179, "Giada, Font of Hope": 1097, "Lyra Dawnbringer": 1671, "Resplendent Angel": 2208, "Youthful Valkyrie": 3224, "Witness Protection": 3202, "Fabrication Foundry": 881, "Fumigate": 1042, "Hammerhand": 1225, "Sawblade Scamp": 2326, "Citanul Stalwart": 467, "Dwynen's Elite": 755, "Elvish Archdruid": 792, "Imperious Perfect": 1366, "Leaf-Crowned Visionary": 1577, "Surrak and Goreclaw": 2668, "Tyvar the Bellicose": 2945, "Dwynen, Gilt-Leaf Daen_SB": 757, "Deeproot Wayfinder": 630, "Unsummon_SB": 2997, "Sire of Seven Deaths": 2457, "Searslicer Goblin": 2368, "Stromkirk Noble": 2631, "Reclamation Sage": 2172, "Case of the Locked Hothouse_SB": 399, "Bulk Up": 346, "Chandra, Flameshaper": 432, "Swiftblade Vindicator": 2674, "Leyline Axe": 1589, "Sporogenic Infection": 2567, "Commune with Evil_SB": 512, "Fear of Missing Out_SB": 928, "Archmage of Runes": 103, "Ertai's Scorn": 832, "Metamorphic Blast": 1737, "Unauthorized Exit": 2954, "Harrier Strix_SB": 1240, "Strix Lookout_SB": 2628, "The Tale of Tamiyo_SB": 2801, "Twist Reality_SB": 2935, "Coppercoat Vanguard_SB": 532, "Garna, Bloodfist of Keld_SB": 1061, "Helpful Hunter": 1281, "Knight of Dawn's Light": 1528, "Raise the Past": 2124, "Enduring Tenacity_SB": 810, "Leyline of Hope_SB": 1593, "Massacre Wurm_SB": 1717, "Burst Lightning_SB": 357, "Vampire Nighthawk_SB": 3048, "Runic Shot_SB": 2291, "Razorlash Transmogrant": 2155, "Invasion of Tarkir_SB": 1430, "Hearthborn Battler": 1270, "Contaminated Aquifer": 528, "Marauding Brinefang": 1705, "Soul-Guide Lantern": 2518, "Union of the Third Path": 2978, "Vanish into Eternity": 3051, "Dewdrop Cure": 668, "Elesh Norn": 782, "Goblin Surprise": 1153, "Irreverent Gremlin": 1442, "Krenko, Mob Boss": 1552, "Norin, Swift Survivalist": 1875, "Vicious Clown": 3080, "Involuntary Employment_SB": 1438, "Outlaws' Fury": 1943, "Bake into a Pie_SB": 165, "Hazardous Blast_SB": 1254, "Azorius Guildgate": 158, "Boros Guildgate": 282, "Circuitous Route": 466, "Dimir Guildgate": 672, "Eaten Alive": 761, "Expedition Map": 857, "Golgari Guildgate": 1162, "Gruul Guildgate": 1203, "Insidious Fungus": 1388, "Izzet Guildgate": 1451, "Maze's End": 1720, "Muldrotha, the Gravetide": 1822, "Orzhov Guildgate": 1929, "Rakdos Guildgate": 2126, "Selesnya Guildgate": 2393, "Simic Guildgate": 2454, "Tatyova, Benthic Druid": 2710, "Brightblade Stoat_SB": 320, "Thornwood Falls": 2818, "Deadly Brew": 609, "Candy Trail": 377, "Marauding Blight-Priest": 1704, "Moment of Craving": 1789, "Murder": 1824, "Savor": 2324, "Servant of the Stinger": 2403, "Sanguine Indulgence_SB": 2316, "Soul-Shackled Zombie_SB": 2521, "Electrostatic Infantry": 777, "Frenzied Goblin_SB": 1032, "The Autonomous Furnace": 2747, "Impact Tremors": 1364, "Kindlespark Duo": 1519, "Ral's Reinforcements": 2132, "Rodeo Pyromancers": 2266, "Deadeye Duelist_SB": 608, "Skewer Slinger_SB": 2460, "Thunder Salvo_SB": 2851, "Midnight Mayhem": 1745, "Ratcatcher Trainee": 2145, "Tocasia's Dig Site": 2878, "Bartolom\u00e9 del Presidio": 184, "Midnight Reaper": 1746, "Nezumi Linkbreaker": 1856, "Vampire Gourmand": 3046, "Guardian of the Great Door": 1208, "Lonely Arroyo": 1635, "Banner of Kinship": 177, "Hare Apparent": 1236, "Kayla's Reconstruction": 1501, "Hinterland Sanctifier_SB": 1318, "Basilisk Collar": 187, "Dragon Fodder": 717, "Keldon Strike Team_SB": 1505, "Prophetic Prism": 2086, "Ambush Wolf_SB": 52, "Dead Weight_SB": 607, "Fog of War_SB": 1005, "Aetherize": 22, "Peculiar Lighthouse": 1990, "Swiftwater Cliffs": 2677, "Tolarian Terror_SB": 2883, "Union of the Third Path_SB": 2979, "Hidetsugu's Second Rite": 1309, "Ghitu Lavarunner_SB": 1092, "Boulderbranch Golem": 291, "Fierce Empath": 966, "Galewind Moose": 1055, "Gossip's Talent": 1167, "Gruff Triplets": 1202, "Lush Oasis": 1669, "Mirage Mesa": 1759, "Outcaster Greenblade": 1939, "Sunshower Druid_SB": 2654, "Drag the Canal_SB": 712, "Scatter Ray_SB": 2339, "Stingerback Terror_SB": 2606, "Flamewake Phoenix_SB": 985, "Grand Entryway && Elegant Rotunda": 1175, "Karplusan Forest_SB": 1494, "Cosmic Rebirth": 543, "Elvish Regrower": 795, "Springbloom Druid": 2571, "Tolsimir, Midnight's Light": 2884, "Twisted Fealty": 2936, "Aegis Turtle_SB": 18, "Temple of Malice": 2725, "Night of the Sweets' Revenge": 1859, "Welcome to Sweettooth": 3166, "Cosmium Confluence_SB": 546, "Volatile Fault_SB": 3109, "Fiery Annihilation_SB": 968, "Calix, Guided by Fate_SB": 369, "Divine Resilience_SB": 693, "Unflinching Courage_SB": 2971, "Valorous Stance_SB": 3045, "Anthem of Champions": 82, "Armasaur Guide": 114, "Biogenic Upgrade": 211, "Charming Prince": 444, "Dazzling Angel": 603, "Felidar Savior": 951, "Felling Blow": 954, "Gnarlid Colony": 1141, "Good-Fortune Unicorn": 1166, "Inspiring Call": 1392, "Inspiring Paladin": 1394, "Leonin Vanguard": 1585, "Mild-Mannered Librarian": 1751, "Pacifism": 1969, "Wary Thespian": 3154, "Wildborn Preserver": 3178, "Wildwood Scourge": 3182, "Immersturm Predator": 1361, "Trygon Predator_SB": 2922, "Dwynen, Gilt-Leaf Daen": 756, "Lathril, Blade of the Elves": 1566, "Ajani, Caller of the Pride": 35, "Angel of Vitality": 65, "Extinguish the Light_SB": 871, "Nine-Lives Familiar": 1864, "Voracious Greatshark": 3118, "Rite of Replication": 2244, "Swiftfoot Boots_SB": 2676, "Eaten by Piranhas_SB": 763, "Axebane Ferox_SB": 155, "Ghalta, Primal Hunger": 1087, "Alesha, Who Laughs at Fate": 46, "Aurelia, the Law Above": 146, "Perforating Artist": 1994, "Feed the Swarm": 942, "Crash Through": 553, "Drake Hatcher": 721, "Crawling Barrens": 554, "Mazemind Tome_SB": 1723, "Urborg Scavengers": 3012, "Zetalpa, Primal Dawn": 3230, "Phyrexian Censor": 2013, "Phyrexian Vindicator": 2024, "Volatile Fault": 3108, "Seal from Existence_SB": 2365, "Stasis Snare_SB": 2590, "Dragonlord's Servant": 719, "Incinerator of the Guilty": 1371, "Kolaghan Warmonger": 1539, "Rivaz of the Claw": 2248, "Tyrant of Kher Ridges": 2940, "Ichormoon Gauntlet": 1356, "Jace Reawakened": 1452, "Jin-Gitaxias": 1462, "Temple of Epiphany": 2723, "Galvanize_SB": 1058, "Joint Exploration": 1469, "Titania's Command_SB": 2871, "Burglar Rat": 348, "Halo Forager": 1222, "Macabre Waltz": 1676, "Mindsplice Apparatus": 1754, "Painful Quandary": 1970, "Psychic Whorl": 2090, "Rune-Scarred Demon": 2289, "The Key to the Vault": 2772, "The Rollercrusher Ride_SB": 2789, "Dawn's Truce": 598, "Colossal Rattlewurm": 501, "Rattleback Apothecary": 2146, "Tatyova, Steward of Tides": 2711, "Tomb Trawler_SB": 2886, "Nashi, Searcher in the Dark_SB": 1840, "Inspiration from Beyond": 1391, "Filter Out_SB": 970, "Kutzil, Malamet Exemplar": 1558, "Runic Shot": 2290, "Herald of Eternal Dawn_SB": 1284, "Sun-Blessed Healer_SB": 2642, "Seeker's Folly": 2387, "Mortify": 1809, "Coveted Falcon": 550, "Greed's Gambit_SB": 1185, "Stab": 2577, "Ferocification": 957, "Dreadwing Scavenger": 729, "Broodspinner_SB": 337, "Fiery Annihilation": 967, "Beseech the Mirror_SB": 203, "Heroic Reinforcements_SB": 1296, "Peerless Recycling_SB": 1991, "Essence Scatter_SB": 839, "Wing Commando": 3188, "Cerebral Confiscation_SB": 427, "Haunted Screen": 1250, "Prayer of Binding": 2067, "Furnace Reins": 1049, "River's Rebuke": 2249, "Koma, World-Eater_SB": 1543, "Primeval Bounty_SB": 2074, "River's Rebuke_SB": 2250, "Regal Caracal_SB": 2187, "Kiora, the Rising Tide_SB": 1522, "Rat Out_SB": 2143, "Faebloom Trick_SB": 886, "Throne of the Grim Captain": 2846, "The Kenriths' Royal Funeral_SB": 2771, "Saiba Cryptomancer": 2307, "Zoetic Glyph_SB": 3236, "Seized from Slumber_SB": 2392, "Inspiring Overseer": 1393, "Mischievous Pup": 1768, "Angel of Finality_SB": 64, "At Knifepoint": 138, "Fanatical Firebrand": 902, "Hellspur Brute": 1277, "Mourner's Surprise_SB": 1817, "Belligerent Yearling": 201, "Colossadactyl": 500, "Earthshaker Dreadmaw": 760, "Giant Cindermaw": 1099, "Itzquinth, Firstborn of Gishath": 1445, "Ixalli's Lorekeeper": 1448, "Rogue's Passage": 2267, "Scytheclaw Raptor": 2361, "Thrashing Brontodon": 2831, "Triumphant Chomp": 2919, "Armored Kincaller_SB": 117, "Badlands Revival": 163, "Copper Host Crusher": 530, "Feed the Infection": 941, "Vinereap Mentor_SB": 3084, "Ankle Biter": 70, "Fynn, the Fangbearer": 1051, "Nimraiser Paladin": 1863, "The Hunter Maze": 2763, "Kraul Whipcracker": 1547, "Wardens of the Cycle": 3146, "Unflinching Courage": 2970, "Sandstorm Salvager": 2311, "Autonomous Assembler": 150, "Quintorius Kand": 2106, "Kayla's Command_SB": 1500, "Stalactite Stalker": 2580, "Hired Claw_SB": 1320, "Luminous Rebuke_SB": 1663, "Massacre Wurm": 1716, "Felidar Retreat_SB": 950, "Dreamdew Entrancer_SB": 731, "Spinner of Souls_SB": 2556, "Gisa, the Hellraiser_SB": 1108, "Bitter Reunion_SB": 216, "Jace Reawakened_SB": 1453, "Dust Animus": 751, "Steel Seraph_SB": 2599, "Gumdrop Poisoner_SB": 1213, "Archangel of Tithes_SB": 96, "Demonic Counsel_SB": 648, "Herbology Instructor": 1287, "Restless Bivouac_SB": 2216, "Lively Dirge_SB": 1626, "Titania's Command": 2870, "Imperious Perfect_SB": 1367, "Sandstorm Salvager_SB": 2312, "Tough Cookie_SB": 2895, "Raucous Carnival_SB": 2148, "Seize the Spoils": 2390, "The Mycotyrant": 2783, "Sporogenic Infection_SB": 2568, "Funeral Room // Awakening Hall_SB": 1045, "Rise of the Dark Realms_SB": 2242, "Canonized in Blood": 380, "Cemetery Recruitment": 423, "Diregraf Ghoul": 673, "Hungry Ghoul": 1347, "Offer Immortality": 1903, "Sanguine Syphoner": 2317, "Skeleton Archer": 2459, "Vampiric Rites": 3050, "Temple of Enlightenment": 2722, "Fumigate_SB": 1043, "Valkyrie's Call_SB": 3034, "Skystrike Officer": 2482, "Mockingbird_SB": 1781, "Temple of Mystery": 2726, "Timely Interference": 2860, "Vesuvan Duplimancy": 3072, "Dive Down_SB": 689, "Scrawling Crawler_SB": 2354, "Dryad Militant_SB": 742, "Bristlebud Farmer": 328, "Charred Foyer && Warped Space_SB": 447, "Absolving Lammasu_SB": 6, "Think Twice": 2806, "Micromancer_SB": 1744, "Coruscation Mage_SB": 541, "Bruse Tarl, Roving Rancher": 340, "Fblthp, Lost on the Range": 913, "Weakstone's Subjugation": 3159, "Fblthp, Lost on the Range_SB": 914, "Weakstone's Subjugation_SB": 3160, "Bottomless Pool && Locker Room": 287, "Hidetsugu's Second Rite_SB": 1310, "Invasion of Karsus_SB": 1422, "Mirror Room && Fractured Realm_SB": 1764, "Sword of Wealth and Power_SB": 2685, "Wildfire Howl_SB": 3180, "Zurgo and Ojutai_SB": 3246, "Mabel, Heir to Cragflame_SB": 1675, "Halo Forager_SB": 1223, "Ballyrush Banneret": 168, "Siege Veteran_SB": 2441, "Soulstone Sanctuary_SB": 2526, "Karn, Living Legacy": 1491, "Metropolis Reformer": 1741, "Blood Spatter Analysis": 242, "Final Vengeance_SB": 975, "Silverback Elder_SB": 2451, "Rundvelt Hordemaster": 2287, "Branchblight Stalker": 303, "Gitaxian Anatomist": 1110, "Goliath Hatchery": 1163, "Ichorspit Basilisk": 1357, "Lakeside Shack": 1563, "Maze's Mantle": 1721, "Mesmerizing Dose": 1736, "Paladin of Predation": 1976, "Plague Nurse": 2041, "Tainted Observer": 2695, "Tangled Islet": 2706, "Thrummingbird": 2848, "Tyrranax Atrocity": 2942, "Venomous Brutalizer": 3067, "Viral Spawning": 3087, "Vivisurgeon's Insight": 3103, "Angelic Intervention": 66, "Omenpath Journey": 1916, "Poison Dart Frog": 2050, "Rampaging Baloths": 2135, "Migloz, Maze Crusher_SB": 1750, "Seraphic Steed": 2398, "Meticulous Excavation_SB": 1740, "Seeker's Folly_SB": 2388, "Realmbreaker, the Invasion Tree": 2163, "Deeproot Pilgrimage": 628, "Mistway Spy": 1777, "Aegis Turtle": 17, "Venerated Rotpriest_SB": 3062, "Grabby Giant": 1170, "Rite of the Dragoncaller": 2245, "Hulking Raptor": 1346, "Pugnacious Hammerskull": 2092, "Invasion of Kaldheim": 1420, "Doomsday Excruciator_SB": 700, "Getaway Glamer_SB": 1084, "Bottomless Pool // Locker Room": 289, "Necrogen Communion": 1841, "Vraska Joins Up": 3126, "Thirsting Roots_SB": 2810, "Gwenna, Eyes of Gaea": 1214, "Halana and Alena, Partners": 1217, "Inga and Esika": 1379, "Myrel, Shield of Argive": 1829, "Hajar, Loyal Bodyguard_SB": 1216, "Surrak and Goreclaw_SB": 2669, "Battlefly Swarm": 193, "Solemn Simulacrum": 2506, "Maha, Its Feathers Night_SB": 1688, "Viashino Pyromancer_SB": 3079, "The Stone Brain": 2795, "Decadent Dragon_SB": 622, "Defiled Crypt // Cadaver Lab_SB": 640, "Heraldic Banner": 1285, "Heraldic Banner_SB": 1286, "Thalia and The Gitrog Monster": 2742, "Surgical Suite && Hospital Room_SB": 2665, "Rebel Salvo_SB": 2167, "Entity Tracker_SB": 823, "Aether Channeler": 19, "Defiled Crypt && Cadaver Lab": 637, "Exuberant Fuseling": 875, "Thundertrap Trainer_SB": 2857, "Abuelo's Awakening": 7, "Kitsa, Otterball Elite_SB": 1527, "Rona, Herald of Invasion_SB": 2273, "Unnerving Grasp_SB": 2984, "Wilt-Leaf Liege_SB": 3185, "Fear of Surveillance": 929, "Mechanized Warfare": 1727, "Kona, Rescue Beastie": 1544, "Time Stop": 2858, "Fleeting Flight_SB": 989, "Muerra, Trash Tactician": 1820, "Quick Draw_SB": 2104, "Smuggler's Surprise_SB": 2500, "Whisper of the Dross": 3172, "Vraska's Fall_SB": 3129, "Blasphemous Edict": 226, "Bottomless Pool // Locker Room_SB": 290, "The Princess Takes Flight_SB": 2785, "Anim Pakal, Thousandth Moon_SB": 69, "Adaptive Automaton": 14, "Three Tree Mascot": 2840, "Palani's Hatcher": 1977, "Temple of Abandon": 2720, "Restless Reef_SB": 2222, "Mischievous Mystic": 1767, "Defiler of Flesh": 642, "Garruk's Uprising": 1062, "Zul Ashur, Lich Lord": 3242, "Kraul Whipcracker_SB": 1548, "Lifecreed Duo": 1605, "At Knifepoint_SB": 139, "Monstrous Rage_SB": 1804, "Kellan's Lightblades_SB": 1506, "Blasphemous Edict_SB": 227, "Annie Flash, the Veteran_SB": 73, "Defiled Crypt && Cadaver Lab_SB": 638, "Cultivator's Caravan": 575, "Scene of the Crime": 2343, "Demonic Ruckus_SB": 654, "Impact Tremors_SB": 1365, "Coveted Falcon_SB": 551, "Wishclaw Talisman_SB": 3193, "Swooping Lookout": 2678, "Recruitment Officer_SB": 2177, "Oko, the Ringleader_SB": 1912, "Kambal, Profiteering Mayor": 1485, "Kaya, Spirits' Justice_SB": 1499, "Highway Robbery_SB": 1316, "Intrepid Paleontologist": 1406, "Bolt Bend_SB": 264, "Wishclaw Talisman": 3192, "Feldon's Cane": 944, "Neutralize the Guards": 1851, "Ayli, Eternal Pilgrim": 157, "Disturbing Conversion": 685, "Shipwreck Dowser": 2424, "Abuelo's Awakening_SB": 8, "Builder's Talent_SB": 345, "Eerie Interference_SB": 769, "Untimely Malfunction": 2998, "Imprisoned in the Moon_SB": 1368, "Inquisitive Glimmer_SB": 1385, "Refute_SB": 2183, "Argentum Masticore": 109, "Hall of Tagsin": 1220, "Hedron Archive": 1274, "The Mycosynth Gardens": 2782, "Tomakul Honor Guard": 2885, "Bramble Familiar": 300, "Sphinx of the Final Word_SB": 2549, "Walk with the Ancestors": 3137, "Meathook Massacre II_SB": 1726, "Repulsive Mutation": 2202, "Sylvan Scavenging_SB": 2688, "Thundering Falls_SB": 2853, "Dowsing Device": 708, "Saheeli, Filigree Master_SB": 2306, "Scrawling Crawler": 2353, "Case of the Ransacked Lab": 400, "The Surgical Bay": 2797, "War Squeak_SB": 3143, "Spirebluff Canal_SB": 2558, "Chandra, Flameshaper_SB": 433, "Expel the Interlopers": 858, "Bite Down": 213, "Gaea's Gift": 1053, "Trash the Town": 2908, "Corsair Captain": 539, "Lost Jitte_SB": 1654, "Blazing Crescendo_SB": 232, "Rip, Spawn Hunter": 2239, "Funeral Room // Awakening Hall": 1044, "Outlaw Medic": 1941, "Wilt-Leaf Liege": 3184, "Thousand Moons Smithy_SB": 2826, "Blightbelly Rat": 235, "Unnatural Restoration": 2981, "Carnivorous Canopy_SB": 389, "Gaea's Gift_SB": 1054, "Give In to Violence_SB": 1112, "Cityscape Leveler_SB": 469, "Nahiri's Resolve_SB": 1833, "Brazen Collector": 310, "Generous Plunderer": 1073, "Trial of Agony": 2914, "Zoyowa's Justice": 3241, "Ancestors' Aid_SB": 60, "Leyline of Resonance_SB": 1595, "Churning Reservoir": 462, "Magmatic Sprinter": 1684, "Sardian Cliffstomper": 2318, "Solphim, Mayhem Dominus": 2508, "The Monumental Facade": 2781, "Churning Reservoir_SB": 463, "Magmatic Sprinter_SB": 1685, "Monastery Swiftspear_SB": 1798, "Sardian Cliffstomper_SB": 2319, "Malcolm, Alluring Scoundrel_SB": 1695, "Repel Calamity_SB": 2201, "Samut, Vizier of Naktamun": 2309, "Call a Surprise Witness": 370, "Trostani, Three Whispers": 2920, "Tribute to the World Tree_SB": 2917, "Taii Wakeen, Perfect Shot": 2691, "Unruly Catapult": 2985, "Glassworks // Shattered Yard_SB": 1125, "Hulking Metamorph": 1345, "Surge Engine_SB": 2660, "Massacre Girl, Known Killer": 1714, "Massacre Girl, Known Killer_SB": 1715, "Rakdos Joins Up_SB": 2128, "Rakdos, the Muscle_SB": 2131, "Ghalta and Mavren": 1086, "Hide in Plain Sight": 1305, "Progenitus": 2081, "Crystal Barricade": 570, "Green Sun's Twilight_SB": 1188, "Break Down the Door": 313, "Bubble Smuggler": 343, "Cryptid Inspector": 569, "Cursed Windbreaker": 583, "Exit Specialist": 854, "Polukranos Reborn_SB": 2056, "Hazardroot Herbalist": 1255, "Head of the Homestead": 1258, "Rabbit Response": 2109, "Treeguard Duo": 2912, "Uncharted Haven": 2956, "Warren Elder": 3151, "Head of the Homestead_SB": 1259, "Grab the Prize_SB": 1169, "Stroke of Midnight_SB": 2630, "Stroke of Midnight": 2629, "Ragged Playmate": 2120, "Fear of Surveillance_SB": 930, "Grand Entryway // Elegant Rotunda_SB": 1177, "Norin, Swift Survivalist_SB": 1876, "Ragged Playmate_SB": 2121, "Wandertale Mentor": 3141, "Vodalian Mindsinger_SB": 3106, "Eriette's Tempting Apple": 826, "Experimental Confectioner": 861, "Feed the Cauldron": 938, "Gingerbread Hunter": 1105, "Greta, Sweettooth Scourge": 1193, "Mintstrosity": 1758, "Scream Puff": 2355, "Spider Food": 2550, "Sweettooth Witch": 2673, "Three Bowls of Porridge": 2836, "Sugar Rush_SB": 2638, "Leonin Vanguard_SB": 1586, "Ruin-Lurker Bat_SB": 2284, "The Millennium Calendar_SB": 2779, "Veteran Survivor_SB": 3075, "Corrupted Conviction_SB": 538, "Deadly Brew_SB": 610, "Cheeky House-Mouse_SB": 452, "Dryad Militant": 741, "Contagious Vorrac": 526, "Necrogen Rotpriest": 1842, "Armored Scrapgorger_SB": 119, "Invasion of Fiora_SB": 1415, "Rush of Dread_SB": 2294, "Final Flourish_SB": 971, "Time Stop_SB": 2859, "Unnatural Restoration_SB": 2982, "Founding the Third Path_SB": 1023, "Binding Negotiation": 209, "Vraska, the Silencer": 3132, "Barkform Harvester": 181, "Rampaging Spiketail": 2137, "Invasion of Ergamon": 1414, "Beastie Beatdown_SB": 198, "Break Out_SB": 315, "Vengeful Possession": 3064, "Step Between Worlds_SB": 2601, "Hellspur Posse Boss": 1279, "Cynical Loner_SB": 588, "Hellspur Brute_SB": 1278, "Kemba, Kha Enduring": 1515, "Swiftfoot Boots": 2675, "Astor, Bearer of Blades_SB": 137, "Consuming Aberration": 525, "Knight of Dusk's Shadow": 1530, "No One Left Behind_SB": 1872, "Botanical Brawler": 285, "Dusk Legion Duelist": 748, "Stocking the Pantry": 2609, "Tribute to the World Tree": 2916, "Collector's Cage_SB": 495, "Dragonmaster Outcast": 720, "Evolved Sleeper": 850, "Friendly Teddy": 1033, "Consumed by Greed_SB": 524, "Hop to It_SB": 1331, "Skyfisher Spider_SB": 2477, "Chart a Course_SB": 450, "Johann's Stopgap_SB": 1467, "Let's Play a Game_SB": 1588, "Festerleech": 960, "Fallaji Archaeologist_SB": 898, "Kroxa and Kunoros": 1553, "Shrouded Shepherd": 2438, "Garruk's Uprising_SB": 1063, "Hexgold Halberd": 1298, "Soul Search": 2515, "Daggerfang Duo": 589, "Deathbloom Gardener": 616, "Hoarding Recluse": 1323, "Moonstone Harbinger": 1808, "Pestilent Syphoner": 2001, "Ygra, Eater of All": 3220, "Llanowar Elves_SB": 1629, "Mosswood Dreadknight_SB": 1814, "Take for a Ride_SB": 2698, "Boltwave_SB": 266, "Fleeting Flight": 988, "Stormchaser's Talent_SB": 2622, "Cactarantula": 363, "Ashnod's Harvester": 127, "Warhost's Frenzy": 3148, "Think Twice_SB": 2807, "Rustler Rampage": 2296, "Wojek Investigator": 3204, "Searslicer Goblin_SB": 2369, "Felidar Cub": 947, "Oracle of Tragedy": 1925, "Felidar Cub_SB": 948, "Knight-Errant of Eos_SB": 1535, "Ruthless Lawbringer_SB": 2298, "Detective's Satchel": 664, "Forensic Gadgeteer_SB": 1011, "Ice Out_SB": 1354, "Claim Jumper_SB": 472, "Geralf, the Fleshwright": 1077, "Geralf, the Fleshwright_SB": 1078, "Eaten Alive_SB": 762, "Ojer Pakpatiq, Deepest Epoch": 1909, "Disturbing Conversion_SB": 686, "Lithomantic Barrage": 1622, "Enduring Vitality_SB": 812, "Audience with Trostani_SB": 145, "Sentinel of Lost Lore": 2394, "Wylie Duke, Atiin Hero": 3216, "Defiler of Dreams_SB": 641, "Omen Hawker": 1914, "Leyline of the Void": 1599, "Into the Fire": 1401, "Invasion of Karsus": 1421, "Cosmic Hunger": 542, "Paranormal Analyst": 1979, "Vannifar, Evolved Enigma": 3055, "Fog Bank_SB": 1004, "Surgical Suite // Hospital Room_SB": 2667, "Talion, the Kindly Lord_SB": 2704, "Extraordinary Journey": 873, "Gold Pan": 1158, "Extraordinary Journey_SB": 874, "Nurturing Pixie_SB": 1888, "Moonshaker Cavalry": 1807, "Balemurk Leech": 166, "Bashful Beastie": 186, "Cackling Slasher": 361, "Defiant Survivor": 636, "Fear of the Dark": 931, "Flesh Burrower": 992, "Give In to Violence": 1111, "Grasping Longneck": 1178, "Horrid Vigor": 1337, "Innocuous Rat": 1383, "Let's Play a Game": 1587, "Wickerfolk Thresher": 3177, "Winter's Intervention": 3189, "Leyline of Transformation": 1597, "Saheeli's Lattice": 2304, "Etali, Primal Storm_SB": 843, "Adamant Will": 13, "Goldvein Pick": 1161, "Moment of Triumph": 1791, "Pilfer": 2034, "Public Thoroughfare": 2091, "Undying Malice": 2968, "Cancel_SB": 375, "Opt_SB": 1922, "Connecting the Dots_SB": 520, "Bushwhack_SB": 359, "Mistbreath Elder_SB": 1776, "Polliwallop_SB": 2053, "Realmbreaker's Grasp_SB": 2162, "Stickytongue Sentinel_SB": 2604, "Tumbleweed Rising_SB": 2923, "Analyze the Pollen_SB": 58, "Makeshift Binding": 1692, "Pelakka Wurm": 1992, "Jump Scare_SB": 1474, "Progenitus_SB": 2082, "Harvestrite Host": 1243, "Cut Short_SB": 586, "Family Reunion_SB": 899, "Annihilating Glare": 75, "Fanatical Offering": 904, "Sword of Wealth and Power": 2684, "Skulduggery": 2468, "Skulduggery_SB": 2469, "Lassoed by the Law": 1564, "Mabel's Mettle": 1673, "Minor Misstep": 1756, "Central Elevator // Promising Stairs": 425, "Creeping Peeper": 556, "Dazzling Theater // Prop Room": 605, "Erratic Apparition": 829, "Fear of Falling": 919, "Lionheart Glimmer": 1620, "Restricted Office // Lecture Hall": 2230, "Stalked Researcher_SB": 2582, "Tunnel Surveyor_SB": 2927, "Ajani, Nacatl Pariah": 37, "Arena of Glory": 108, "Arid Mesa": 113, "Fable of the Mirror-Breaker": 878, "Flooded Strand": 993, "Galvanic Discharge": 1056, "Goblin Bombardment": 1146, "Guide of Souls": 1209, "Marsh Flats": 1712, "Ocelot Pride": 1902, "Phlage, Titan of Fire's Fury": 2008, "Ragavan, Nimble Pilferer": 2118, "Sacred Foundry": 2303, "Showdown of the Skalds": 2435, "Static Prison": 2591, "Thraben Charm": 2827, "Windswept Heath": 3187, "Drannith Magistrate_SB": 724, "Fear, Fire, Foes!_SB": 932, "Obsidian Charmaw_SB": 1898, "Orim's Chant_SB": 1927, "Showdown of the Skalds_SB": 2436, "Stony Silence_SB": 2616, "Surgical Extraction_SB": 2663, "Wear // Tear_SB": 3161, "Archon of Cruelty": 105, "Bloodstained Mire": 250, "Brazen Borrower": 308, "Counterspell": 549, "Faithless Looting": 894, "Fatal Push": 908, "Force of Negation": 1007, "Misty Rainforest": 1778, "Persist": 1997, "Polluted Delta": 2054, "Psychic Frog": 2089, "Scalding Tarn": 2332, "Sink into Stupor": 2456, "Spell Snare": 2539, "Steam Vents": 2593, "Tamiyo, Inquisitive Student": 2705, "Thoughtseize": 2823, "Unearth": 2969, "Watery Grave": 3157, "Consign to Memory_SB": 522, "Fable of the Mirror-Breaker_SB": 879, "Harbinger of the Seas_SB": 1230, "Nihil Spellbomb_SB": 1861, "Stern Scolding_SB": 2603, "Blazing Rootwalla": 233, "Burning Inquiry": 351, "Detective's Phoenix": 663, "Flameblade Adept": 982, "Goblin Lore": 1150, "Hollow One": 1325, "Lightning Bolt": 1607, "Stomping Ground": 2615, "Street Wraith": 2626, "Vengevine": 3066, "Wooded Foothills": 3205, "Cursed Totem_SB": 582, "Meltdown_SB": 1731, "Barbarian Ring": 179, "Eidolon of the Great Revel": 772, "Flare of Duplication": 986, "Goblin Guide": 1149, "Lava Spike": 1570, "Rift Bolt": 2236, "Searing Blaze": 2366, "Skewer the Critics": 2461, "Skullcrack": 2472, "Sunbaked Canyon": 2643, "Ensnaring Bridge_SB": 818, "Faerie Macabre_SB": 889, "Smash to Smithereens_SB": 2497, "Amulet of Vigor": 54, "Arboreal Grazer": 89, "Boseiju, Who Endures": 283, "Crumbling Vestige": 563, "Dryad Arbor": 740, "Dryad of the Ilysian Grove": 743, "Echoing Deeps": 765, "Explore": 863, "Green Sun's Zenith": 1189, "Gruul Turf": 1205, "Hanweir Battlements": 1227, "Lotus Field": 1657, "Mirrorpool": 1766, "Otawara, Soaring City": 1935, "Primeval Titan": 2075, "Scapeshift": 2337, "Shifting Woodland": 2423, "Simic Growth Chamber": 2453, "Summoner's Pact": 2640, "Tolaria West": 2881, "Urza's Cave": 3017, "Urza's Saga": 3020, "Valakut, the Molten Pinnacle": 3026, "Vesuva": 3070, "Bojuka Bog_SB": 263, "Collector Ouphe_SB": 493, "Defense Grid_SB": 635, "Dismember_SB": 679, "Endurance_SB": 802, "Force of Vigor_SB": 1008, "Tireless Tracker_SB": 2867, "Vampires' Vengeance_SB": 3049, "Blood Crypt": 239, "Dwarven Mine": 754, "Indomitable Creativity": 1373, "Jetmir's Garden": 1461, "Prismatic Ending": 2078, "Wrenn and Six": 3212, "Xander's Lounge": 3217, "Boseiju, Who Endures_SB": 284, "Damping Sphere_SB": 590, "Hurkyl's Recall_SB": 1350, "Toxic Deluge_SB": 2896, "Cling to Dust": 481, "Harbinger of the Seas": 1229, "Murktide Regent": 1826, "Preordain": 2070, "Thought Scour": 2820, "Engineered Explosives_SB": 815, "Mystical Dispute_SB": 1831, "Spell Pierce_SB": 2538, "The Meathook Massacre_SB": 2776, "Orcish Bowmasters": 1926, "Godless Shrine": 1157, "Phelia, Exuberant Shepherd": 2007, "Seasoned Pyromancer": 2379, "Thoughtseize_SB": 2824, "Wrath of the Skies_SB": 3208, "Den of the Bugbear": 655, "Devastating Summons": 665, "Foundry Street Denizen": 1024, "Goblin Bushwhacker": 1147, "Goblin Grenade": 1148, "Goblin Piledriver": 1152, "Legion Loyalist": 1582, "Mogg War Marshal": 1782, "Reckless Bushwhacker": 2168, "Skirk Prospector": 2462, "Sokenzan, Crucible of Defiance": 2505, "Blood Moon_SB": 241, "Magus of the Moon_SB": 1686, "Reality Hemorrhage_SB": 2160, "Shattering Spree_SB": 2413, "Tormod's Crypt_SB": 2892, "Ziatora's Proving Ground": 3232, "Terastodon_SB": 2734, "Veil of Summer_SB": 3058, "Consider": 521, "Graveyard Trespasser": 1179, "Exquisite Firecraft_SB": 866, "Searing Blood_SB": 2367, "Tunnel Ignus_SB": 2925, "Chained to the Rocks": 428, "Chained to the Rocks_SB": 429, "Ragavan, Nimble Pilferer_SB": 2119, "Vexing Bauble": 3076, "Colossal Skyturtle_SB": 502, "Generous Ent_SB": 1072, "Grist, the Hunger Tide_SB": 1199, "Hexdrinker_SB": 1297, "Over the Edge_SB": 1947, "Poison Dart Frog_SB": 2051, "Slice from the Shadows": 2489, "Talion, the Kindly Lord": 2703, "Come Back Wrong": 507, "Glassworks // Shattered Yard": 1124, "Beamtown Beatstick": 195, "Celestial Armor": 422, "Edgewall Inn": 768, "Goliath Hatchery_SB": 1164, "Balmor, Battlemage Captain": 169, "Bria, Riptide Rogue": 319, "Freeze in Place": 1029, "Relic's Roar": 2193, "Run Away Together_SB": 2285, "Scalding Viper_SB": 2334, "Harrier Strix": 1239, "Snaremaster Sprite": 2503, "Hardened Escort": 1235, "Holy Cow": 1327, "Living Phone": 1627, "Unsettling Twins": 2989, "Feather of Flight_SB": 935, "Possessed Goat_SB": 2065, "Raccoon Rallier_SB": 2112, "Rogue's Passage_SB": 2268, "The Jolly Balloon Man_SB": 2770, "Unsettling Twins_SB": 2990, "Heartfire Hero_SB": 1264, "Inti, Seneschal of the Sun_SB": 1397, "Pests of Honor": 2003, "Dauntless Dismantler_SB": 597, "Phoenix Chick_SB": 2010, "Gleaming Barrier": 1126, "Gleaming Barrier_SB": 1127, "Solemn Simulacrum_SB": 2507, "Sure Strike_SB": 2658, "Twinferno_SB": 2932, "Ancestors' Aid": 59, "Furious Bellow": 1046, "Ghitu Amplifier": 1090, "Heartfire Immolator": 1265, "Sure Strike": 2657, "Whiskerquill Scribe": 3170, "Defabricate": 631, "Fear of Burning Alive": 918, "Iron-Fist Pulverizer": 1441, "Johann, Apprentice Sorcerer": 1468, "Keldon Flamesage": 1504, "Kraum, Violent Cacophony": 1549, "Molten Tributary": 1788, "Nightwhorl Hermit": 1860, "Pyrotechnic Performer": 2099, "Razzle-Dazzler": 2159, "Stop Cold": 2617, "Thopter Mechanic": 2815, "Vesuvan Drifter": 3071, "Involuntary Cooldown_SB": 1437, "Kellan, Planar Trailblazer_SB": 1511, "Mishra's Command_SB": 1772, "Out of Air_SB": 1938, "Plan the Heist_SB": 2044, "Sleight of Hand_SB": 2488, "Trick Shot_SB": 2918, "Violent Urge_SB": 3086, "The Filigree Sylex": 2759, "Halo Hopper": 1224, "Hellspur Posse Boss_SB": 1280, "Grand Abolisher": 1173, "Unnerving Grasp": 2983, "Fynn, the Fangbearer_SB": 1052, "Harbinger of the Tides": 1231, "Harbinger of the Tides_SB": 1232, "Cat Collector": 405, "Bottomless Pool && Locker Room_SB": 288, "Growing Rites of Itlimoc": 1201, "Jump Scare": 1473, "Niko, Light of Hope": 1862, "Stalked Researcher": 2581, "Tunnel Surveyor": 2926, "Fear of Isolation_SB": 925, "Season of Gathering": 2370, "Horrid Vigor_SB": 1338, "Lionheart Glimmer_SB": 1621, "Omnivorous Flytrap_SB": 1919, "Seasoned Warrenguard_SB": 2381, "Into the Roil": 1404, "Into the Roil_SB": 1405, "Ayara, Widow of the Realm": 156, "Arachnoid Adaptation": 86, "Throw from the Saddle": 2847, "Longstalk Brawl_SB": 1641, "Thrill of Possibility_SB": 2845, "Feldon, Ronom Excavator": 946, "Roc Hunter": 2261, "Adventuring Gear_SB": 16, "Fear of Being Hunted_SB": 917, "Vicious Clown_SB": 3081, "Splash Portal_SB": 2562, "Demonic Pact_SB": 652, "Rite of the Dragoncaller_SB": 2246, "Valorous Stance": 3044, "Lodestone Needle": 1634, "Sawblade Skinripper_SB": 2328, "Afterburner Expert": 24, "Draconautics Engineer": 709, "Dredger's Insight": 734, "Loot, the Pathfinder": 1644, "Molt Tender": 1784, "Restless Spire_SB": 2226, "Momentum Breaker": 1793, "Sunbillow Verge": 2644, "Grim Bauble": 1197, "Spell Pierce": 2537, "Defend the Rider": 633, "Hazoret, Godseeker": 1257, "Debris Beetle": 619, "Wastewood Verge": 3156, "Vein Ripper_SB": 3060, "Oildeep Gearhulk": 1904, "Haunt the Network_SB": 1247, "Bartolom\u00e9 del Presidio_SB": 185, "Lunar Convocation_SB": 1666, "Bloodghast": 246, "Valley Rotcaller_SB": 3041, "Oildeep Gearhulk_SB": 1905, "Gleeful Demolition_SB": 1130, "Monument to Endurance": 1805, "Ride's End": 2234, "Bleachbone Verge": 234, "Willowrush Verge": 3183, "Outpace Oblivion_SB": 1944, "Intimidation Tactics": 1399, "Ketramose, the New Dawn": 1516, "Transmutation Font": 2905, "Braided Net_SB": 297, "Cunning Coyote_SB": 577, "Chandra, Spark Hunter_SB": 437, "Bounce Off": 293, "Greasewrench Goblin": 1181, "Marauding Mako": 1706, "Riverpyre Verge": 2254, "Scrounging Skyray": 2360, "Bounce Off_SB": 294, "Lightwheel Enhancements": 1612, "Grim Bauble_SB": 1198, "Momentum Breaker_SB": 1794, "Tomik, Wielder of Law_SB": 2887, "Engine Rat": 813, "Gonti, Night Minister": 1165, "Perilous Snare": 1995, "Teysa, Opulent Oligarch": 2741, "Memory Guardian": 1732, "Mendicant Core, Guidelight": 1733, "Diversion Unit_SB": 691, "The Aetherspark": 2744, "Brightglass Gearhulk": 322, "Voyager Glidecar": 3123, "Chandra, Spark Hunter": 436, "Intimidation Tactics_SB": 1400, "Optimistic Scavenger_SB": 1924, "Captain Howler, Sea Scourge": 382, "Gastal Thrillroller": 1067, "Riptide Gearhulk": 2240, "Transit Mage": 2904, "Diversion Unit": 690, "Muraganda Raceway": 1823, "Nesting Bot": 1848, "Repurposing Bay": 2204, "Lumbering Worldwagon": 1660, "Gastal Thrillroller_SB": 1068, "Lifecraft Engine": 1604, "Mindspring Merfolk": 1755, "Mu Yanling, Wind Rider": 1818, "Caelorna, Coral Tyrant_SB": 364, "Overrun": 1963, "Heliod, the Radiant Dawn": 1276, "Twinblade Blessing": 2930, "The Speed Demon_SB": 2794, "Zephyr Singer_SB": 3229, "Burnout Bashtronaut": 353, "Defend the Rider_SB": 634, "Demonic Junker": 649, "Nexus of Becoming": 1853, "Amonkhet Raceway": 53, "Gastal Thrillseeker": 1069, "The Last Ride": 2773, "The Speed Demon": 2793, "Ancient Vendetta_SB": 63, "Monument to Endurance_SB": 1806, "Howlsquad Heavy": 1341, "Count on Luck_SB": 548, "Ketramose, the New Dawn_SB": 1517, "Thunderous Velocipede": 2854, "Regal Imperiosaur": 2188, "Intrepid Paleontologist_SB": 1407, "Invasion of Regatha_SB": 1425, "Voyager Glidecar_SB": 3124, "Fuel the Flames": 1037, "Skycrash": 2474, "Broadside Barrage_SB": 334, "Fuel the Flames_SB": 1038, "Locust Spray": 1633, "Riverchurn Monument": 2251, "Agonasaur Rex": 31, "Tyrox, Saurid Tyrant": 2941, "Esoteric Duplicator": 835, "Voyage Home": 3122, "Aether Syphon_SB": 21, "Spectacular Pileup": 2531, "Coalstoke Gearhulk_SB": 485, "Boosted Sloop": 279, "Broadside Barrage": 333, "Thopter Fabricator_SB": 2814, "Quag Feast": 2100, "Gastal Raider_SB": 1066, "Ride's End_SB": 2235, "Thalia and The Gitrog Monster_SB": 2743, "Zahur, Glory's Past": 3226, "Leaf-Crowned Visionary_SB": 1578, "Mossborn Hydra_SB": 1812, "Overrun_SB": 1964, "Painful Quandary_SB": 1971, "Wardens of the Cycle_SB": 3147, "Quag Feast_SB": 2101, "Playful Shove": 2046, "Red Sun's Twilight_SB": 2178, "Perilous Snare_SB": 1996, "Debris Beetle_SB": 620, "Pit Automaton": 2038, "Visage of Dread": 3099, "The Last Ride_SB": 2774, "Visage of Dread_SB": 3100, "Fearless Swashbuckler": 933, "Unctus, Grand Metatect": 2958, "Mishra, Claimed by Gix": 1774, "Bloated Contaminator_SB": 238, "The Aetherspark_SB": 2745, "Webstrike Elite": 3164, "Webstrike Elite_SB": 3165, "Coiling Rebirth_SB": 489, "Invasion of Mercadia": 1423, "Collision Course_SB": 499, "Gas Guzzler": 1064, "Say Its Name_SB": 2330, "Spectral Interference_SB": 2534, "Stock Up": 2607, "Spectacular Pileup_SB": 2532, "Far Fortune, End Boss": 905, "Flotsam // Jetsam_SB": 997, "Claim Jumper": 471, "Ancient Vendetta": 62, "Full Throttle_SB": 1041, "Loot, the Key to Everything_SB": 1643, "Loot, the Pathfinder_SB": 1645, "Urza's Command_SB": 3018, "Lassoed by the Law_SB": 1565, "Blast Zone_SB": 229, "Basri, Tomorrow's Champion": 189, "Skyseer's Chariot_SB": 2480, "Dive Down": 688, "Engine Rat_SB": 814, "Essence Channeler_SB": 837, "Lunar Insight": 1667, "Jodah, the Unifier_SB": 1466, "Dropkick Bomber": 737, "Rampaging Raptor": 2136, "Agonasaur Rex_SB": 32, "Coalstoke Gearhulk": 484, "Visage Bandit": 3098, "Waxen Shapethief": 3158, "Dune Drifter": 745, "Become Brutes": 199, "The Elder Dragon War_SB": 2752, "Caradora, Heart of Alacria": 385, "Skyseer's Chariot": 2479, "Valor's Flagship": 3042, "Veteran Beastrider": 3073, "Threadbind Clique": 2833, "Twining Twins": 2934, "Boommobile_SB": 276, "Radiant Lotus_SB": 2115, "Boommobile": 275, "Forging the Anchor": 1015, "Radiant Lotus": 2114, "The Mightstone and Weakstone_SB": 2778, "Bloodthorn Flail": 253, "Flamewake Phoenix": 984, "Cryptcaller Chariot_SB": 565, "Volley Veteran": 3115, "Riptide Gearhulk_SB": 2241, "Riverchurn Monument_SB": 2252, "Spiteful Hexmage_SB": 2560, "Clamorous Ironclad": 475, "Furnace Host Charger": 1047, "Alania, Divergent Storm": 45, "Frolicking Familiar": 1034, "Wishing Well": 3194, "Resplendent Angel_SB": 2209, "Cephalopod Sentry": 426, "Thopter Fabricator": 2813, "Haunt the Network": 1246, "Sorcerous Spyglass": 2511, "Demonic Junker_SB": 650, "Redshift, Rocketeer Chief": 2180, "Halana and Alena, Partners_SB": 1218, "Valor's Flagship_SB": 3043, "Stall Out": 2583, "Stall Out_SB": 2584, "Gloryheath Lynx": 1139, "Sovereign Okinec Ahau": 2528, "The Raven Man": 2786, "The Raven Man_SB": 2787, "Boom Box": 274, "Broadcast Rambler": 332, "Possession Engine": 2066, "Broodheart Engine": 335, "Bat Colony": 190, "Hidden Volcano": 1304, "Promising Vein": 2085, "Marketback Walker": 1710, "Sab-Sunen, Luxa Embodied": 2301, "Simian Simulacrum": 2452, "Sylvan Scavenging": 2687, "Leyline Binding_SB": 1591, "Bulwark Ox": 347, "Reluctant Role Model": 2194, "Reluctant Role Model_SB": 2195, "Mold Adder_SB": 1783, "Marketback Walker_SB": 1711, "Burnout Bashtronaut_SB": 354, "Daretti, Rocketeer Engineer": 592, "Threefold Thunderhulk": 2842, "Tune Up": 2924, "Meteor Golem_SB": 1738, "Gastal Raider": 1065, "Oviya, Automech Artisan": 1967, "Market Gnome_SB": 1709, "The Skullspore Nexus_SB": 2792, "Cosmium Confluence": 545, "Festival of Embers": 961, "Skycrash_SB": 2475, "Nexus of Becoming_SB": 1854, "Sab-Sunen, Luxa Embodied_SB": 2302, "Earthrumbler": 759, "Collector's Vault_SB": 497, "Thran Spider_SB": 2830, "Akal Pakal, First Among Equals_SB": 41, "Deepfathom Echo": 627, "Forensic Researcher": 1012, "Oko, the Ringleader": 1911, "Chitin Gravestalker": 455, "Starving Revenant_SB": 2589, "Steamcore Scholar_SB": 2595, "Ojer Pakpatiq, Deepest Epoch_SB": 1910, "Thunderous Velocipede_SB": 2855, "Fear of Infinity_SB": 923, "Stock Up_SB": 2608, "Dredger's Insight_SB": 735, "Fauna Shaman_SB": 911, "Barrow Naughty": 183, "Faerie Slumber Party": 892, "Mocking Sprite": 1779, "Spellscorn Coven": 2545, "Talion's Messenger": 2701, "Coerced to Kill": 487, "Etrata, Deadly Fugitive": 848, "Unstoppable Plan_SB": 2993, "Hoarding Broodlord": 1322, "Shadow-Rite Priest": 2405, "Baral and Kari Zev": 178, "Enigma Drake": 816, "Brightfield Glider": 321, "Congregation Gryff": 519, "Giant Beaver": 1098, "Lagorin, Soul of Alacria": 1561, "Miriam, Herd Whisperer": 1760, "Ornery Tumblewagg": 1928, "Trained Arynx": 2897, "Run Over_SB": 2286, "Night Market": 1858, "Carrion Locust_SB": 390, "Stockpiling Celebrant_SB": 2611, "Akal Pakal, First Among Equals": 40, "Forensic Gadgeteer": 1010, "Deduce_SB": 624, "Wreck Remover_SB": 3209, "Fountainport Bell": 1026, "Guidelight Optimizer": 1210, "Oaken Siren": 1890, "Machine Over Matter_SB": 1677, "Spinewoods Paladin": 2554, "Malcator, Purity Overseer": 1693, "Tranquil Cove_SB": 2901, "Crumb and Get It_SB": 562, "Flame Lash": 981, "Exsanguinate": 867, "Exsanguinate_SB": 868, "Syr Ginger, the Meal Ender_SB": 2690, "Blade of the Oni": 222, "Blightstep Pathway": 236, "Bloodtithe Harvester": 254, "Mutavault": 1828, "Urborg, Tomb of Yawgmoth": 3014, "Extinction Event_SB": 870, "Go Blank_SB": 1143, "Hidetsugu Consumes All_SB": 1307, "Invoke Despair_SB": 1436, "Unlicensed Hearse_SB": 2980, "Breeding Pool": 318, "Enigmatic Incarnation": 817, "Indatha Triome": 1372, "Linvala, the Preserver": 1619, "Overgrown Tomb": 1949, "Savai Triome": 2322, "Skyclave Apparition": 2473, "Spara's Headquarters": 2529, "Vanishing Verse": 3053, "Zagoth Triome": 3225, "Archon of Emeria_SB": 106, "Knockout Blow_SB": 1536, "Ruric Thar, the Unbowed_SB": 2292, "Thought Distortion_SB": 2819, "Yorion, Sky Nomad_SB": 3222, "Cauldron Familiar": 410, "Claim the Firstborn": 473, "Deadly Dispute": 613, "Mayhem Devil": 1719, "Witch's Oven": 3197, "Ob Nixilis, the Adversary_SB": 1894, "Darksteel Citadel": 596, "Ensoul Artifact": 819, "Riverglide Pathway": 2253, "Shrapnel Blast": 2437, "Smuggler's Copter": 2498, "Voldaren Epicure": 3112, "Aether Gust_SB": 20, "Annul_SB": 77, "Rending Volley_SB": 2198, "Shadowspear_SB": 2406, "Voltage Surge_SB": 3116, "Cragcrown Pathway": 552, "Ramunap Ruins": 2138, "Reckless Rage": 2171, "Soul-Scar Mage": 2520, "Experimental Frenzy_SB": 862, "Hazoret the Fervent_SB": 1256, "Redcap Melee_SB": 2179, "Extinction Event": 869, "Anger of the Gods_SB": 67, "Fatal Push_SB": 909, "Gifted Aetherborn_SB": 1103, "Claim // Fame": 470, "Infuriate": 1378, "Kumano Faces Kakkazan": 1555, "Claim the Firstborn_SB": 474, "Grafdigger's Cage_SB": 1171, "Castle Locthwain": 404, "Clearwater Pathway": 478, "Field of Ruin": 963, "Geier Reach Sanitarium": 1071, "Hall of Storm Giants": 1219, "Hive of the Eye Tyrant": 1321, "Narset, Parter of Veils": 1837, "Omen of the Sea": 1915, "Paradoxical Outcome": 1978, "Shipwreck Marsh": 2425, "Takenuma, Abandoned Mire": 2700, "The Meathook Massacre": 2775, "Ashiok, Dream Render_SB": 123, "Weathered Runestone_SB": 3163, "Fetid Pools": 962, "Yorion, Sky Nomad": 3221, "Collective Brutality": 491, "Faithful Mending": 893, "Greasefang, Okiba Boss": 1180, "Hallowed Fountain": 1221, "Parhelion II": 1980, "Raffine's Tower": 2117, "Shattered Sanctum": 2412, "Skysovereign, Consul Flagship": 2481, "Stubborn Denial": 2633, "Tainted Indulgence": 2694, "Deafening Silence_SB": 615, "Dovin's Veto_SB": 707, "Silence_SB": 2444, "Vanishing Verse_SB": 3054, "Krenko's Buzzcrusher": 1550, "Arclight Phoenix": 107, "Fiery Impulse": 969, "Izzet Charm": 1450, "Lightning Axe": 1606, "Prismari Command": 2076, "Spikefield Hazard": 2551, "Stormcarved Coast": 2619, "Treasure Cruise": 2910, "Dawnwing Marshal": 600, "Bishop of Wings": 212, "Branchloft Pathway": 304, "Cave of the Frost Dragon": 414, "Collected Company": 490, "Eiganjo, Seat of the Empire": 773, "Nykthos, Shrine to Nyx": 1889, "Overgrown Farmland": 1948, "Portable Hole": 2059, "Resplendent Marshal": 2210, "Righteous Valkyrie": 2238, "Temple Garden": 2719, "Archon of Absolution_SB": 104, "Brave the Elements_SB": 306, "Brutal Cathar_SB": 342, "Heroic Intervention_SB": 1294, "Reidane, God of the Worthy_SB": 2189, "Shapers' Sanctuary_SB": 2408, "Kroxa, Titan of Death's Hunger": 1554, "Ledger Shredder": 1579, "Brazen Borrower_SB": 309, "Prismari Command_SB": 2077, "Burner Rocket": 350, "Cloudspire Skycycle": 483, "Dynamite Diver": 758, "Guidelight Synergist": 1211, "Kolodin, Triumph Caster": 1541, "Count on Luck": 547, "Frenzied Goblin": 1031, "Doubling Season_SB": 705, "Fanatical Firebrand_SB": 903, "Howlsquad Heavy_SB": 1342, "Reckless Lackey_SB": 2170, "Rundvelt Hordemaster_SB": 2288, "District Mascot": 684, "Shivan Devastator": 2426, "Zimone, Paradox Sculptor": 3234, "Tyvar, the Pummeler_SB": 2950, "Zopandrel, Hunger Dominus_SB": 3238, "Aurelia, the Warleader": 147, "Gilded Ghoda": 1104, "Cavalier of Thorns": 413, "Elvish Mystic": 794, "Kiora, Behemoth Beckoner": 1520, "Lair of the Hydra": 1562, "Leyline of the Guildpact": 1598, "Oath of Nissa": 1892, "Old-Growth Troll": 1913, "Storm the Festival": 2618, "Ulvenwald Oddity": 2951, "Arasta of the Endless Web_SB": 88, "Emrakul, the Promised End_SB": 801, "Setessan Petitioner_SB": 2404, "Ashiok, Nightmare Muse_SB": 124, "Foreboding Ruins": 1009, "Invoke Despair": 1435, "Kolaghan's Command_SB": 1540, "Haunted Ridge": 1249, "Bonecrusher Giant": 268, "Burning-Tree Emissary": 352, "Chandra, Torch of Defiance": 438, "Collision // Colossus": 498, "Gruul Spellbreaker": 1204, "Kami's Flare": 1488, "Pelt Collector": 1993, "Voltaic Brawler": 3117, "Zhur-Taa Goblin": 3231, "Bonecrusher Giant_SB": 269, "Chandra, Torch of Defiance_SB": 439, "Cindervines_SB": 465, "Kami's Flare_SB": 1489, "Roiling Vortex_SB": 2269, "Mana Confluence": 1699, "Barrier Breach_SB": 182, "Leyline of Sanctity_SB": 1596, "Colossus Hammer": 503, "Eldritch Evolution": 776, "Raffine's Informant": 2116, "Sigarda's Aid": 2442, "Soulflayer": 2522, "Sylvan Caryatid": 2686, "Bloodline Culling_SB": 249, "Collective Brutality_SB": 492, "Portable Hole_SB": 2060, "Furnace Punisher_SB": 1048, "Rocky Roads": 2265, "Lumbering Worldwagon_SB": 1661, "Cosmic Rebirth_SB": 544, "Mondrak, Glory Dominus_SB": 1800, "Become Brutes_SB": 200, "Goblin Oriflamme": 1151, "Drake Hatcher_SB": 722, "Eddymurk Crab_SB": 767, "Cindering Cutthroat_SB": 464, "Ravine Raider_SB": 2152, "Risky Shortcut_SB": 2243, "Spin Out_SB": 2552, "Steampath Charger_SB": 2596, "Devouring Sugarmaw": 666, "Amalia Benavides Aguirre_SB": 51, "Elas il-Kor, Sadistic Pilgrim_SB": 775, "Fiendish Panda_SB": 965, "Knight of Dawn's Light_SB": 1529, "Mimeoplasm, Revered One": 1752, "Etched Familiar": 845, "Spectral Interference": 2533, "Winter, Cursed Rider": 3191, "Streetwise Negotiator_SB": 2627, "Divine Resilience": 692, "Greenhouse // Rickety Gazebo": 1190, "Silken Strength": 2447, "Realm-Scorcher Hellkite": 2161, "Spyglass Siren_SB": 2573, "Sentinel of Lost Lore_SB": 2395, "Herd Migration_SB": 1290, "Kykar, Zephyr Awakener": 1560, "Lathril, Blade of the Elves_SB": 1567, "Armored Armadillo_SB": 116, "Gixian Infiltrator_SB": 1118, "Gloryheath Lynx_SB": 1140, "Threefold Thunderhulk_SB": 2843, "Primeval Bounty": 2073, "Cryptcaller Chariot": 564, "Karn, Living Legacy_SB": 1492, "Rangers' Refueler": 2139, "Mindsparker_SB": 1753, "Steel Hellkite_SB": 2597}}