{"vocabulary": {"Aclazotz, Deepest Betrayal": 11, "Beza, the Bounding Spring": 203, "Caves of Koilos": 415, "Concealed Courtyard": 509, "Cut Down": 579, "Deep-Cavern Bat": 620, "Fabled Passage": 875, "Fountainport": 1019, "Go for the Throat": 1139, "Legions to Ashes": 1578, "Liliana of the Veil": 1609, "Loran of the Third Path": 1642, "Plains": 2032, "Preacher of the Schism": 2057, "Restless Fortress": 2208, "Season of the Burrow": 2365, "Shadowy Backstreet": 2394, "Shoot the Sheriff": 2416, "Swamp": 2655, "Temporary Lockdown": 2712, "Virtue of Loyalty": 3074, "Virtue of Persistence": 3076, "Zoraline, Cosmos Caller": 3217, "Beza, the Bounding Spring_SB": 204, "Cruelclaw's Heist_SB": 555, "Duress_SB": 743, "Elspeth's Smite_SB": 784, "Kaya, Intangible Slayer_SB": 1491, "Liliana of the Veil_SB": 1610, "Sunfall_SB": 2632, "Temporary Lockdown_SB": 2713, "Blackcleave Cliffs": 217, "Cavern of Souls": 412, "Fireglass Mentor": 972, "Flamecache Gecko": 977, "Gev, Scaled Scorch": 1078, "Hired Claw": 1313, "Iridescent Vinelasher": 1433, "Laughing Jasper Flint": 1563, "Mountain": 1808, "Mudflat Village": 1812, "Restless Vents": 2216, "Sulfurous Springs": 2623, "Thought-Stalker Warlock": 2805, "Valley Flamecaller": 3017, "Abrade_SB": 4, "Cut Down_SB": 580, "Glistening Deluge_SB": 1131, "Long Goodbye_SB": 1633, "Scales of Shale_SB": 2325, "Urabrask's Forge_SB": 2990, "Anoint with Affliction": 77, "Gix, Yawgmoth Praetor": 1111, "Loran of the Third Path_SB": 1643, "Copperline Gorge": 528, "Emberheart Challenger": 792, "Heartfire Hero": 1257, "Innkeeper's Talent": 1375, "Karplusan Forest": 1487, "Manifold Mouse": 1695, "Might of the Meek": 1741, "Monastery Swiftspear": 1791, "Monstrous Rage": 1796, "Questing Druid": 2092, "Restless Ridgeline": 2212, "Rockface Village": 2252, "Shock": 2414, "Slickshot Show-Off": 2476, "Snakeskin Veil": 2485, "Witchstalker Frenzy": 3176, "Obliterating Bolt_SB": 1886, "Pick Your Poison_SB": 2018, "Scorching Shot_SB": 2336, "Snakeskin Veil_SB": 2486, "Tectonic Hazard_SB": 2697, "Torch the Tower_SB": 2873, "Mirrex": 1756, "Phyrexian Fleshgorger": 2007, "Sheoldred, the Apocalypse": 2406, "Sheoldred's Edict": 2404, "Go for the Throat_SB": 1140, "Pest Control_SB": 1990, "Sheoldred's Edict_SB": 2405, "Bitter Triumph": 214, "Forsaken Miner": 1012, "Anoint with Affliction_SB": 78, "Darkslick Shores": 588, "Ertai Resurrected": 825, "Faerie Mastermind": 885, "Gix's Command": 1109, "Island": 1437, "Kaito, Dancing Shadow": 1476, "Phantom Interference": 1995, "Plumecreed Escort": 2038, "Restless Reef": 2210, "Spyglass Siren": 2556, "Tishana's Tidebinder": 2852, "Underground River": 2947, "Aclazotz, Deepest Betrayal_SB": 12, "Disdainful Stroke_SB": 669, "Disfigure_SB": 673, "Gix's Command_SB": 1110, "Harvester of Misery_SB": 1236, "Kaito, Dancing Shadow_SB": 1477, "Malicious Eclipse_SB": 1692, "Negate_SB": 1835, "Tishana's Tidebinder_SB": 2853, "Lightning Strike": 1605, "Case of the Crimson Pulse_SB": 391, "Duress": 742, "Soul-Guide Lantern_SB": 2503, "Adarkar Wastes": 15, "Battlefield Forge": 189, "Case of the Gateway Express": 393, "Gleeful Demolition": 1125, "Imodane's Recruiter": 1356, "Inspiring Vantage": 1389, "Knight-Errant of Eos": 1529, "Novice Inspector": 1872, "Resolute Reinforcements": 2196, "Sanguine Evangelist": 2303, "Seachrome Coast": 2352, "Shivan Reef": 2413, "Spirebluff Canal": 2541, "Warden of the Inner Sky": 3125, "Warleader's Call": 3130, "Yotian Frontliner": 3201, "Destroy Evil_SB": 657, "Get Lost_SB": 1073, "Protect the Negotiators_SB": 2077, "Witchstalker Frenzy_SB": 3177, "Archangel Elspeth": 92, "Caretaker's Talent": 383, "Demolition Field": 640, "Elegant Parlor": 774, "Fortune, Loyal Steed": 1014, "Frontier Seeker": 1029, "Get Lost": 1072, "Lay Down Arms": 1568, "Sunfall": 2631, "The Eternal Wanderer": 2738, "Boon-Bringer Valkyrie_SB": 275, "Imodane's Recruiter_SB": 1357, "Serra Paragon_SB": 2387, "Sunder the Gateway_SB": 2630, "Pawpatch Formation_SB": 1976, "Sunspine Lynx_SB": 2640, "Callous Sell-Sword": 367, "Fugitive Codebreaker": 1032, "Rabid Gnaw": 2099, "Lithomantic Barrage_SB": 1618, "Smash to Dust_SB": 2480, "Malicious Eclipse": 1691, "Archangel Elspeth_SB": 93, "Legions to Ashes_SB": 1579, "Tenth District Hero": 2715, "Thought-Stalker Warlock_SB": 2806, "Unyielding Gatekeeper_SB": 2985, "Forest": 1007, "Caught in the Crossfire_SB": 406, "Audacity": 141, "Cacophony Scamp": 358, "Giant Growth": 1095, "Carrot Cake": 388, "Kaya, Spirits' Justice": 1492, "Soul Search_SB": 2500, "Chrome Host Seedshark": 455, "Deduce": 618, "Elspeth's Smite": 783, "Meticulous Archive": 1733, "No More Lies": 1859, "Restless Anchorage": 2202, "Sunken Citadel": 2634, "Teferi, Temporal Pilgrim": 2699, "Three Steps Ahead": 2821, "Chrome Host Seedshark_SB": 456, "Jace, the Perfected Mind_SB": 1449, "Thran Portal": 2812, "Demonic Ruckus": 648, "Flowstone Infusion": 996, "Furnace Reins_SB": 1043, "Pilfer_SB": 2025, "Pyroclasm_SB": 2087, "Caustic Bronco": 408, "Hostile Investigator_SB": 1334, "Azure Beastbinder": 157, "Karumonix, the Rat King": 1489, "Lilypad Village": 1613, "Lord Skitter, Sewer King": 1646, "Nezumi Informant": 1845, "Patchwork Banner": 1973, "Persistent Marshstalker": 1988, "Pile On": 2022, "Shoreline Looter": 2420, "Vren, the Relentless": 3114, "Lightning Helix": 1603, "Restless Bivouac": 2204, "Torch the Tower": 2872, "Urabrask's Forge": 2989, "Bonehoard Dracosaur_SB": 268, "Brotherhood's End_SB": 335, "Rest in Peace_SB": 2201, "Season of the Burrow_SB": 2366, "Virtue of Loyalty_SB": 3075, "Parting Gust": 1971, "Not on My Watch_SB": 1871, "Archfiend of the Dross": 100, "Harvester of Misery": 1235, "Crumb and Get It": 556, "Mirran Banesplitter": 1755, "Skrelv, Defector Mite": 2451, "Break the Spell_SB": 312, "Dewdrop Cure_SB": 664, "Ancient Cornucopia": 61, "Atraxa, Grand Unifier": 139, "Blooming Marsh": 254, "Botanical Sanctum": 283, "Fallaji Archaeologist": 892, "Founding the Third Path": 1016, "Hedge Maze": 1266, "Jace, the Perfected Mind": 1448, "Llanowar Wastes": 1628, "Lumra, Bellow of the Woods": 1659, "Picklock Prankster": 2019, "Squirming Emergence": 2560, "The Cruelty of Gix": 2730, "Undercity Sewers": 2945, "Underground Mortuary": 2946, "Wail of the Forgotten": 3116, "Yavimaya Coast": 3196, "Bonny Pall, Clearcutter_SB": 270, "Nissa, Ascended Animist_SB": 1856, "Tear Asunder_SB": 2695, "Terror Tide_SB": 2721, "Tranquil Frillback_SB": 2887, "Analyze the Pollen": 57, "Bushwhack": 354, "Cache Grab": 356, "Eddymurk Crab": 762, "Into the Flood Maw": 1396, "Seed of Hope": 2372, "Sleight of Hand": 2472, "Stormchaser's Talent": 2605, "This Town Ain't Big Enough": 2795, "Tolarian Terror": 2866, "Up the Beanstalk": 2986, "Long River's Pull_SB": 1636, "Obstinate Baloth_SB": 1890, "The Filigree Sylex_SB": 2742, "Three Steps Ahead_SB": 2822, "Case of the Crimson Pulse": 390, "Laughing Jasper Flint_SB": 1564, "Duelist of the Mind": 740, "Faerie Dreamthief": 882, "Invasion of Amonkhet": 1403, "Proft's Eidetic Memory": 2068, "Steamcore Scholar": 2578, "Blot Out_SB": 258, "Lightning Helix_SB": 1604, "Hostile Investigator": 1333, "Mosswood Dreadknight": 1806, "Outcaster Trailblazer": 1929, "Phyrexian Obliterator": 2011, "Restless Cottage": 2206, "Tail Swipe": 2675, "Choking Miasma_SB": 454, "The Stone Brain_SB": 2779, "Glissa Sunslayer": 1129, "Sentinel of the Nameless City": 2383, "Tear Asunder": 2694, "Vraska, Betrayal's Sting": 3111, "Caustic Bronco_SB": 409, "Nissa, Ascended Animist": 1855, "Charming Scoundrel": 442, "Goddric, Cloaked Reveler": 1150, "Obliterating Bolt": 1885, "Squee, Dubious Monarch": 2558, "Cruelclaw's Heist": 554, "Feed the Cycle": 933, "Bandit's Talent": 171, "Hopeless Nightmare": 1327, "Invasion of Eldraine": 1407, "No Witnesses": 1863, "Nurturing Pixie": 1877, "Phyrexian Arena": 2001, "Tithing Blade": 2858, "Elesh Norn, Mother of Machines_SB": 780, "Dreams of Steel and Oil_SB": 729, "Questing Druid_SB": 2093, "Sunder the Gateway": 2629, "Two-Headed Hunter": 2923, "Royal Treatment_SB": 2268, "Tyvar's Stand_SB": 2931, "Dreadmaw's Ire": 723, "Sugar Rush": 2621, "The Huntsman's Redemption_SB": 2747, "Blossoming Tortoise": 256, "Cenote Scout": 421, "Disfigure": 672, "Archangel of Wrath": 96, "Brushland": 337, "Heaped Harvest": 1255, "Herd Migration": 1283, "Leyline Binding": 1585, "Lush Portico": 1665, "Vaultborn Tyrant_SB": 3039, "Chart a Course": 446, "Haughty Djinn": 1238, "Helping Hand": 1276, "Moment of Truth": 1786, "Monastery Mentor": 1789, "Recommission": 2163, "Shore Up": 2418, "Soul Partition": 2497, "Surge of Salvation": 2645, "Doorkeeper Thrull_SB": 697, "Kutzil's Flanker_SB": 1552, "Soul Partition_SB": 2498, "Surge of Salvation_SB": 2646, "Tinybones, the Pickpocket": 2849, "Anim Pakal, Thousandth Moon": 68, "Requisition Raid": 2194, "Anointed Peacekeeper_SB": 80, "Aven Interrupter_SB": 150, "Requisition Raid_SB": 2195, "Song of Totentanz_SB": 2494, "Brotherhood's End": 334, "Calamity, Galloping Inferno": 363, "Commercial District": 505, "Glimpse the Core": 1128, "Roxanne, Starfall Savant": 2265, "Smuggler's Surprise": 2483, "Spinewoods Armadillo": 2537, "Terror of the Peaks": 2722, "Trumpeting Carnosaur": 2905, "Vaultborn Tyrant": 3038, "Volcanic Spite": 3092, "Tyrranax Rex_SB": 2928, "Urgent Necropsy_SB": 2998, "Builder's Talent": 340, "Malcolm, Alluring Scoundrel": 1688, "Honest Rutstein": 1323, "Inti, Seneschal of the Sun": 1390, "Lazav, Wearer of Faces": 1571, "Marchesa, Dealer of Death": 1701, "Plaza of Heroes": 2037, "Relic of Legends": 2181, "Rona, Herald of Invasion": 2261, "Tinybones Joins Up": 2846, "Bitter Triumph_SB": 215, "Kaervek, the Punisher_SB": 1471, "Virtue of Persistence_SB": 3077, "Scorching Shot": 2335, "Charming Scoundrel_SB": 443, "Goddric, Cloaked Reveler_SB": 1151, "Mirrex_SB": 1757, "Sunfire Torch": 2633, "Binding Negotiation_SB": 207, "Pillage the Bog": 2026, "Tranquil Frillback": 2886, "The Cruelty of Gix_SB": 2731, "Invasion of Gobakhan": 1410, "Invasion of Gobakhan_SB": 1411, "Kaya, Intangible Slayer": 1490, "Scoured Barrens": 2338, "Urza's Sylex": 3003, "White Sun's Twilight": 3153, "Caves of Koilos_SB": 416, "Chimil, the Inner Sun_SB": 451, "Blanchwood Prowler": 222, "Cruel Somnophage": 553, "Gnawing Vermin": 1137, "Hollow Marauder": 1318, "Mockingbird": 1774, "Overwhelming Remorse": 1954, "Rubblebelt Maverick": 2269, "Souls of the Lost": 2508, "Urborg Lhurgoyf": 2991, "Haywire Mite_SB": 1247, "Scrapshooter_SB": 2340, "Soulless Jailer_SB": 2507, "Felonious Rage": 949, "Glarb, Calamity's Augur": 1116, "Long Goodbye": 1632, "Ertai Resurrected_SB": 826, "Glissa Sunslayer_SB": 1130, "Spellgyre_SB": 2528, "Vren, the Relentless_SB": 3115, "Deadly Cover-Up": 606, "Pawpatch Formation": 1975, "Razorverge Thicket": 2147, "Tarrian's Journal": 2691, "Urgent Necropsy": 2997, "Outrageous Robbery_SB": 1935, "Invasion of Shandalar": 1421, "Invasion of Tolvada": 1426, "Lord Skitter, Sewer King_SB": 1647, "Abrade": 3, "Agate-Blade Assassin": 28, "All Will Be One": 47, "Bloodfell Caves": 242, "Jagged Barrens": 1451, "Ob Nixilis, Captive Kingpin": 1883, "Raucous Theater": 2138, "Tectonic Hazard": 2696, "Staggering Size_SB": 2563, "Sanguine Evangelist_SB": 2304, "Leyline of Resonance": 1589, "Royal Treatment": 2267, "Thornspire Verge": 2800, "Turn Inside Out": 2912, "Brave the Wilds": 303, "Get Out": 1074, "Mountain_SB": 1809, "Unidentified Hovership": 2958, "Season of Loss_SB": 2362, "Unidentified Hovership_SB": 2959, "Braids, Arisen Nightmare": 295, "Nowhere to Run": 1873, "Phyrexian Missionary": 2009, "Surgical Suite && Hospital Room": 2648, "Bandit's Talent_SB": 172, "Exorcise_SB": 851, "Ghost Vacuum_SB": 1088, "Shrouded Shepherd_SB": 2425, "Overlord of the Hauntwoods": 1946, "Overlord of the Mistmoors": 1948, "The End": 2735, "Zur, Eternal Schemer": 3221, "Archangel of Wrath_SB": 97, "Invasion of Shandalar_SB": 1422, "Rankle's Prank_SB": 2130, "The End_SB": 2736, "Valgavoth, Terror Eater_SB": 3014, "Enduring Innocence": 802, "Entity Tracker": 817, "Ethereal Armor": 841, "Fae Flight": 878, "Floodfarm Verge": 988, "Gremlin Tamer": 1185, "Inquisitive Glimmer": 1378, "Optimistic Scavenger": 1912, "Ossification": 1921, "Shardmage's Rescue": 2396, "Sheltered by Ghosts": 2401, "Kitnap_SB": 1520, "Ossification_SB": 1922, "Bitter Reunion": 212, "Blazemire Verge": 227, "Brass's Tunnel-Grinder": 301, "Coiling Rebirth": 485, "Fear of Missing Out": 922, "Lich-Knights' Conquest": 1597, "Overlord of the Balemurk": 1940, "Overlord of the Boilerbilges": 1942, "Cavern of Souls_SB": 413, "Enduring Courage_SB": 799, "Nowhere to Run_SB": 1874, "Rottenmouth Viper_SB": 2264, "Doppelgang": 698, "Hushwood Verge": 1345, "Overlord of the Floodpits": 1944, "Abhorrent Oculus": 1, "Artist's Talent": 119, "Capricious Hellraiser": 377, "Chandra, Hope's Beacon": 431, "Ill-Timed Explosion": 1353, "Pyroclasm": 2086, "Restless Spire": 2214, "Roaring Furnace && Steaming Sauna": 2246, "Season of Weaving": 2363, "Thundering Falls": 2836, "Fires of Victory_SB": 974, "Into the Flood Maw_SB": 1397, "Restless Ridgeline_SB": 2213, "Regal Bunnicorn": 2173, "Splitskin Doll": 2549, "Steel Seraph": 2582, "Subterranean Schooner": 2619, "Zoetic Glyph": 3213, "Shardmage's Rescue_SB": 2397, "Breach the Multiverse": 307, "Collector's Vault": 493, "Conspiracy Unraveler": 519, "Gloomlake Verge": 1133, "Reenact the Crime": 2170, "Terror Tide": 2720, "The Tale of Tamiyo": 2783, "Vohar, Vodalian Desecrator": 3089, "Archfiend of the Dross_SB": 101, "Geological Appraiser": 1068, "Molten Collapse": 1779, "Undead Sprinter": 2942, "Screaming Nemesis_SB": 2346, "Harried Spearguard": 1232, "Painter's Studio && Defaced Gallery": 1962, "Phoenix Chick": 1999, "Felonious Rage_SB": 950, "Ferocification_SB": 952, "Wrenn's Resolve_SB": 3192, "Bloodletter of Aclazotz": 244, "Demonic Counsel": 642, "Rush of Dread": 2282, "Unstoppable Slasher": 2976, "Phyrexian Arena_SB": 2002, "Sheoldred_SB": 2408, "Dreadmaw's Ire_SB": 724, "Cursed Recording": 575, "Fires of Victory": 973, "Ral, Crackling Wit": 2122, "The Everflowing Well": 2740, "Faerie Mastermind_SB": 886, "Frolicking Familiar_SB": 1028, "Fountainport_SB": 1021, "The Wandering Rescuer": 2785, "Enduring Curiosity": 800, "Split Up_SB": 2548, "Chainsaw": 427, "Enduring Innocence_SB": 803, "Overlord of the Mistmoors_SB": 1949, "Picnic Ruiner": 2020, "Witch's Mark": 3173, "Twisted Fealty_SB": 2921, "Emberheart Challenger_SB": 793, "Cease // Desist_SB": 418, "Errant and Giada": 823, "Floodpits Drowner": 989, "No More Lies_SB": 1860, "Sheltered by Ghosts_SB": 2402, "Hard-Hitting Question": 1227, "Jadelight Spelunker": 1450, "Merfolk Cave-Diver": 1729, "Mistbreath Elder": 1769, "Nicanzil, Current Conductor": 1847, "Vodalian Hexcatcher": 3087, "Cryptic Coat_SB": 562, "Deeproot Pilgrimage_SB": 624, "Sword of Once and Future_SB": 2666, "Unable to Scream_SB": 2937, "Toby, Beastie Befriender": 2861, "High Noon_SB": 1306, "Roaring Furnace // Steaming Sauna_SB": 2249, "Aven Interrupter": 149, "Sleep-Cursed Faerie": 2471, "Monastery Mentor_SB": 1790, "Zimone, All-Questioning": 3211, "Don't Make a Sound": 694, "Phantom Interference_SB": 1996, "Kaito, Bane of Nightmares": 1472, "Fear of Impostors": 915, "Ghostly Dancers": 1089, "Mirror Room // Fractured Realm": 1759, "Rottenmouth Viper": 2263, "Silent Hallcreeper": 2431, "Virtue of Knowledge": 3072, "Beastie Beatdown": 194, "Betrayer's Bargain": 201, "Growing Dread": 1194, "Patchwork Beastie": 1974, "Scrapshooter": 2339, "Scrapwork Mutt": 2341, "Wildfire Wickerfolk": 3159, "Atraxa's Fall_SB": 138, "Choking Miasma": 453, "Thrun, Breaker of Silence_SB": 2834, "Calix, Guided by Fate": 364, "Combat Research": 501, "Elvish Archivist": 788, "Restless Vinestalk": 2217, "Enduring Vitality": 806, "Hearth Elemental": 1262, "Scalding Viper": 2322, "Scorching Dragonfire": 2333, "Slick Sequence": 2475, "Stormsplitter": 2608, "Hide in Plain Sight_SB": 1300, "Scorching Dragonfire_SB": 2334, "Virtue of Strength_SB": 3079, "Case of the Stashed Skeleton": 398, "Conduit Pylons": 511, "Corpses of the Lost": 529, "Darkstar Augur": 589, "Scorn-Blade Berserker": 2337, "Withering Torment_SB": 3179, "Serra Paragon": 2386, "Dawn's Truce_SB": 594, "Phyrexian Vindicator_SB": 2015, "Altanak, the Thrice-Called": 49, "Say Its Name": 2318, "Song of Totentanz": 2493, "Valley Floodcaller": 3018, "Stormkeld Vanguard_SB": 2607, "Screaming Nemesis": 2345, "The Rollercrusher Ride": 2770, "Balustrade Wurm_SB": 169, "Ephara's Dispersal": 819, "Unwanted Remake_SB": 2983, "Change the Equation": 437, "Horned Loch-Whale": 1329, "Invasion of Arcavios": 1405, "Silver Scrutiny": 2434, "Change the Equation_SB": 438, "Doppelgang_SB": 699, "Lay Down Arms_SB": 1569, "Cheeky House-Mouse": 448, "Collector's Cage": 491, "Flowerfoot Swordmaster": 995, "Lavaspur Boots": 1566, "Lost Jitte": 1648, "Mabel, Heir to Cragflame": 1669, "Valley Questcaller": 3021, "Vengeful Possession_SB": 3047, "Leyline of the Void_SB": 1595, "Elesh Norn, Mother of Machines": 779, "Outrageous Robbery": 1934, "Exorcise": 850, "Mishra's Foundry": 1767, "Jaya, Fiery Negotiator_SB": 1454, "Sheoldred, the Apocalypse_SB": 2407, "Split Up": 2547, "Karn's Sylex_SB": 1484, "Nettle Guard_SB": 1840, "Zoraline, Cosmos Caller_SB": 3218, "Roaring Furnace // Steaming Sauna": 2248, "Up the Beanstalk_SB": 2987, "Destroy Evil": 656, "Restless Prairie": 2209, "Scrollshift": 2347, "Atraxa, Grand Unifier_SB": 140, "Painter's Studio // Defaced Gallery": 1964, "Hearth Elemental_SB": 1263, "Render Inert": 2185, "Starfall Invocation": 2569, "Deep-Cavern Bat_SB": 621, "Urza's Sylex_SB": 3004, "Essence Channeler": 831, "Lunar Convocation": 1660, "Ruin-Lurker Bat": 2272, "Dissection Tools_SB": 677, "Skullcap Snail_SB": 2456, "Unscrupulous Agent_SB": 2969, "Defabricate_SB": 627, "Crystal Grotto": 567, "Invasion of Segovia": 1420, "Protect the Negotiators": 2076, "Caretaker's Talent_SB": 384, "Ruthless Negotiation": 2288, "Phyrexian Obliterator_SB": 2012, "Glass Casket_SB": 1119, "Ezrim, Agency Chief": 871, "Unwanted Remake": 2982, "Rest in Peace": 2200, "Untimely Malfunction_SB": 2981, "Breach the Multiverse_SB": 308, "Conduit of Worlds_SB": 513, "Beseech the Mirror": 199, "Rite of the Moth": 2236, "Valgavoth, Terror Eater": 3013, "No Witnesses_SB": 1864, "Phyrexian Fleshgorger_SB": 2008, "Assassin's Trophy": 130, "Seized from Slumber": 2378, "Cease // Desist": 417, "Ill-Timed Explosion_SB": 1354, "Balustrade Wurm": 168, "Fear of Being Hunted": 911, "Tyvar's Stand": 2930, "Charred Foyer // Warped Space_SB": 445, "Spellgyre": 2527, "Deadly Riposte_SB": 609, "Spiteful Hexmage": 2543, "Torch the Witness": 2874, "Rona's Vortex": 2259, "Surgical Suite // Hospital Room": 2650, "Valgavoth's Faithful": 3009, "Rona's Vortex_SB": 2260, "Kitsa, Otterball Elite": 1521, "Matzalantli, the Great Door": 1712, "Push // Pull": 2084, "Osseous Sticktwister": 1919, "Razorlash Transmogrant_SB": 2145, "Agrus Kos, Spirit of Justice": 33, "Annie Joins Up": 74, "Baylen, the Haymaker": 191, "Hugs, Grisly Guardian": 1338, "Kellan, Daring Traveler": 1502, "Pia Nalaar, Consul of Revival": 2016, "Rocco, Street Chef": 2251, "Grand Abolisher_SB": 1168, "Braided Net": 293, "Chimil, the Inner Sun": 450, "Clay-Fired Bricks": 474, "Farsight Ritual": 901, "Simulacrum Synthesizer": 2440, "Ezrim, Agency Chief_SB": 872, "Feather of Flight": 929, "Invasion of Theros": 1425, "Spellbook Vendor": 2526, "Toadstool Admirer": 2860, "Expel the Interlopers_SB": 854, "Flowstone Infusion_SB": 997, "Giant Growth_SB": 1096, "Enduring Tenacity": 804, "Gumdrop Poisoner": 1206, "Vadmir, New Blood": 3007, "Vinereap Mentor": 3065, "Come Back Wrong_SB": 504, "Callous Sell-Sword_SB": 368, "The Eternal Wanderer_SB": 2739, "Negate": 1834, "Minor Misstep_SB": 1751, "Barbed Batterfist": 178, "Blacksmith's Talent": 218, "Bladehold War-Whip": 221, "Jor Kadeen, First Goldwarden": 1464, "Kellan, the Fae-Blooded": 1507, "Rebel Salvo": 2155, "Lightning Strike_SB": 1606, "Shock_SB": 2415, "Kellan, Inquisitive Prodigy_SB": 1504, "Contested Game Ball_SB": 524, "Razorkin Needlehead_SB": 2143, "Witch's Mark_SB": 3174, "Danitha, Benalia's Hope_SB": 586, "Wear Down_SB": 3142, "Case of the Uneaten Feast": 400, "Leyline of Hope": 1587, "Lupinflower Village": 1663, "Starscape Cleric": 2571, "Blazing Crescendo": 228, "Overgrown Zealot": 1939, "Abraded Bluffs": 5, "Alania's Pathmaker": 44, "Banishing Light": 173, "Nahiri's Resolve": 1825, "Tinker's Tote": 2845, "Wind-Scarred Crag": 3164, "Disenchant_SB": 671, "Recommission_SB": 2164, "Volcanic Spite_SB": 3093, "Wrenn's Resolve": 3191, "Koth, Fire of Resistance_SB": 1541, "Campus Renovation": 369, "Cityscape Leveler": 465, "Combat Thresher": 502, "Emerge from the Cocoon": 794, "Fear of Abduction": 910, "Galvanize": 1050, "Portal to Phyrexia": 2051, "Raucous Carnival": 2136, "Su-Chi Cave Guard": 2618, "Boulderbranch Golem_SB": 289, "Outlaw Medic_SB": 1931, "Scrollshift_SB": 2348, "Beanstalk Wurm": 193, "Blossoming Sands": 255, "Etched Cornfield": 839, "Getaway Glamer": 1076, "Hauntwoods Shrieker": 1245, "Manifest Dread": 1694, "Riftburst Hellion": 2226, "Rust Goliath": 2284, "Salvation Swan": 2297, "Threats Around Every Corner": 2818, "Valgavoth's Onslaught": 3011, "Monstrous Emergence_SB": 1795, "Neglected Manor": 1836, "Ruthless Lawbringer": 2286, "Skullcap Snail": 2455, "Stockpiling Celebrant": 2594, "Found Footage_SB": 1015, "Griffnaut Tracker_SB": 1190, "Dwarven Forge-Chanter": 749, "Urabrask": 2988, "Whirling Strike_SB": 3149, "Back for Seconds": 159, "Corrupt": 531, "Corrupted Conviction": 532, "Final Vengeance": 968, "Hidden Necropolis": 1296, "Lively Dirge": 1620, "The Dross Pits": 2732, "Unscrupulous Agent": 2968, "Candy Grapple_SB": 372, "Tithing Blade_SB": 2859, "Pawpatch Recruit": 1977, "Manifold Mouse_SB": 1696, "Assimilation Aegis": 132, "Thundertrap Trainer": 2840, "Realmbreaker, the Invasion Tree_SB": 2153, "Unstable Glyphbridge_SB": 2974, "Kaito, Bane of Nightmares_SB": 1473, "Calamity's Wake_SB": 362, "Clockwork Percussionist": 479, "Disturbing Mirth": 683, "Greedy Freebooter": 1180, "Scavenger's Talent": 2329, "Dusk Rose Reliquary": 745, "High Noon": 1305, "Monstrous Emergence": 1794, "Ephara's Dispersal_SB": 820, "Get Out_SB": 1075, "Teferi, Temporal Pilgrim_SB": 2700, "The Wandering Rescuer_SB": 2786, "Bring the Ending": 321, "Dismal Backwater": 674, "Distorted Curiosity": 678, "Drown in Ichor": 734, "Experimental Augury": 855, "Infectious Inquiry": 1369, "Murky Sewer": 1820, "Prologue to Phyresis": 2072, "Reject Imperfection": 2179, "Vraska's Fall": 3109, "Infectious Inquiry_SB": 1370, "Pestilent Syphoner_SB": 1992, "Vivisurgeon's Insight_SB": 3086, "Alabaster Host Intercessor": 43, "Fanatic of the Harrowing": 895, "Haunted Mire": 1242, "Jungle Hollow": 1469, "Nurturing Bristleback": 1876, "Radiant Grove": 2102, "Shroudstomper": 2426, "Spectral Snatcher": 2520, "Sunlit Marsh": 2636, "Fanatic of the Harrowing_SB": 896, "Urborg Repossession_SB": 2993, "Winter's Intervention_SB": 3168, "Virtue of Courage": 3070, "Push // Pull_SB": 2085, "Break Out": 310, "Keen-Eyed Curator_SB": 1497, "Deadly Cover-Up_SB": 607, "Make Your Own Luck": 1684, "Niv-Mizzet, Supreme": 1858, "Make Your Own Luck_SB": 1685, "The Infamous Cruelclaw": 2748, "Vein Ripper": 3041, "Blood Hustler": 237, "Desert's Due": 653, "Eroded Canyon": 822, "Gisa, the Hellraiser": 1103, "Intimidation Campaign": 1392, "Kaervek, the Punisher": 1470, "Lazav, Familiar Stranger": 1570, "Magda, the Hoardmaster": 1675, "Raven of Fell Omens": 2139, "Seize the Secrets": 2376, "Soured Springs": 2511, "Ego Drain": 766, "Faerie Fencing": 883, "Obyra, Dreaming Duelist": 1891, "Season of Loss": 2361, "Spell Stutter": 2524, "Invasion of Amonkhet_SB": 1404, "Spell Stutter_SB": 2525, "Talion's Messenger_SB": 2685, "Fade from History_SB": 877, "Bilious Skulldweller": 205, "Venser, Corpse Puppet": 3050, "Drag to the Bottom_SB": 710, "Drown in Ichor_SB": 735, "Reject Imperfection_SB": 2180, "Serum Snare_SB": 2389, "Venser, Corpse Puppet_SB": 3051, "Vraska, Betrayal's Sting_SB": 3112, "Whisper of the Dross_SB": 3152, "Abandoned Campground": 0, "Fear of Isolation": 919, "Grand Entryway // Elegant Rotunda": 1170, "Hopeful Vigil": 1326, "Meat Locker // Drowned Diner": 1718, "The Princess Takes Flight": 2766, "Tranquil Cove": 2884, "Underwater Tunnel // Slimy Aquarium": 2949, "Deathcap Marionette": 612, "Desperate Bloodseeker": 654, "Gloomfang Mauler": 1132, "Possessed Goat": 2053, "Vile Mutilator": 3064, "Extract a Confession_SB": 867, "Make Your Move_SB": 1683, "Ghalta, Stampede Tyrant": 1082, "Withering Torment": 3178, "Annex Sentry_SB": 72, "Freestrider Lookout": 1022, "Ghost Vacuum": 1087, "Meathook Massacre II": 1719, "Zur, Eternal Schemer_SB": 3222, "Grievous Wound": 1188, "Razorkin Needlehead": 2142, "Vial Smasher, Gleeful Grenadier": 3059, "Scales of Shale": 2324, "Invasion of Tolvada_SB": 1427, "Unholy Annex && Ritual Chamber": 2954, "Unholy Annex && Ritual Chamber_SB": 2955, "Preacher of the Schism_SB": 2058, "Spelunking": 2530, "Market Gnome": 1702, "Zephyr Singer": 3206, "Nashi, Searcher in the Dark": 1830, "Betrayer's Bargain_SB": 202, "Loran's Escape": 1644, "Seedglaive Mentor_SB": 2373, "Valgavoth's Lair": 3010, "Idyllic Beachfront": 1352, "Wrenn and Realmbreaker": 3188, "Undead Sprinter_SB": 2943, "Ojer Kaslem, Deepest Growth": 1897, "Restless Cottage_SB": 2207, "Elusive Otter": 785, "Otterball Antics": 1925, "Pearl of Wisdom": 1979, "Stormcatch Mentor": 2604, "Ral, Crackling Wit_SB": 2123, "Overlord of the Balemurk_SB": 1941, "Torpor Orb_SB": 2877, "Fortified Beachhead": 1013, "Harbin, Vanguard Aviator": 1222, "Recruitment Officer": 2165, "Werefox Bodyguard": 3147, "Zephyr Sentinel": 3205, "Cryptic Coat": 561, "Fell_SB": 947, "Evolving Adaptive": 846, "Omnivorous Flytrap": 1907, "Stubborn Burrowfiend": 2616, "Hunter's Talent_SB": 1343, "Trial of Agony_SB": 2899, "Wrenn and Realmbreaker_SB": 3189, "Bonny Pall, Clearcutter": 269, "Thornvault Forager": 2801, "Doomsday Excruciator": 695, "Drag the Canal": 707, "Intrude on the Mind": 1402, "Essence Scatter": 833, "Sazacap's Brew": 2320, "Sorcerous Spyglass_SB": 2496, "Defiled Crypt // Cadaver Lab": 634, "Pitiless Carnage": 2029, "Popular Egotist": 2048, "Ego Drain_SB": 767, "Jaya, Fiery Negotiator": 1453, "Squee, Dubious Monarch_SB": 2559, "Stoic Sphinx_SB": 2597, "Blot Out": 257, "Diabolic Intent": 665, "Drag to the Bottom": 709, "Soul of Windgrace": 2501, "Chandra, Hope's Beacon_SB": 432, "Season of Gathering_SB": 2360, "Unholy Annex // Ritual Chamber": 2956, "Impulse": 1363, "The Huntsman's Redemption": 2746, "Armored Scrapgorger": 117, "Axebane Ferox": 152, "Green Sun's Twilight": 1181, "Llanowar Loamspeaker": 1626, "Railway Brawler": 2112, "Tyrranax Rex": 2927, "Bite Down_SB": 211, "Hard-Hitting Question_SB": 1228, "Unstoppable Slasher_SB": 2977, "Overprotect": 1950, "Valgavoth's Onslaught_SB": 3012, "Embereth Veteran": 791, "Drannith Ruins_SB": 722, "Escape Tunnel": 829, "Live or Die": 1619, "Hopeless Nightmare_SB": 1328, "No One Left Behind": 1861, "Not Dead After All": 1868, "Oblivious Bookworm": 1887, "Satoru, the Infiltrator": 2310, "Splash Portal": 2545, "Cankerbloom_SB": 375, "The Swarmweaver_SB": 2782, "Enduring Courage": 798, "Rakdos Joins Up": 2116, "The Elder Dragon War": 2733, "Khenra Spellspear": 1513, "Blue Sun's Twilight_SB": 259, "Third Path Iconoclast_SB": 2792, "Helga, Skittish Seer": 1269, "Koth, Fire of Resistance": 1540, "Phyrexian Dragon Engine_SB": 2006, "Elas il-Kor, Sadistic Pilgrim": 770, "Hajar, Loyal Bodyguard": 1209, "Rakdos, the Muscle": 2119, "Ratadrabik of Urborg": 2133, "The Jolly Balloon Man": 2751, "Boon-Bringer Valkyrie": 274, "Rockface Village_SB": 2253, "Elesh Norn_SB": 781, "Long River's Pull": 1635, "Sunspine Lynx": 2639, "Stoic Sphinx": 2596, "Blast Zone": 225, "Fomori Vault": 1000, "Skitterbeam Battalion": 2448, "Stern Lesson": 2586, "The Mightstone and Weakstone": 2759, "Thran Spider": 2813, "Agatha's Soul Cauldron": 29, "Nettle Guard": 1839, "Raging Battle Mouse": 2111, "Voldaren Thrillseeker": 3095, "Parting Gust_SB": 1972, "Assimilation Aegis_SB": 133, "Vraan, Executioner Thane": 3107, "Valley Rotcaller": 3022, "Goldvein Hydra_SB": 1155, "Azure Beastbinder_SB": 158, "Gix, Yawgmoth Praetor_SB": 1112, "Geological Appraiser_SB": 1069, "Flow of Knowledge": 993, "Abhorrent Oculus_SB": 2, "Shore Up_SB": 2419, "Unauthorized Exit_SB": 2939, "Djeru and Hazoret": 690, "Dragonhawk, Fate's Tempest": 714, "Etali, Primal Conqueror": 836, "Huatli, Poet of Unity": 1337, "Kogla and Yidaro": 1532, "Dollmaker's Shop // Porcelain Gallery_SB": 693, "Commune with Evil": 507, "Nemata, Primeval Warden": 1837, "Hammerhand_SB": 1220, "Aftermath Analyst": 25, "Akawalli, the Seething Tower": 42, "Bringer of the Last Gift": 323, "Maha, Its Feathers Night": 1681, "Strangled Cemetery": 2609, "Terramorphic Expanse": 2718, "Uurg, Spawn of Turg": 3006, "Voracious Varmint": 3101, "Wary Watchdog": 3135, "Murder_SB": 1818, "Armored Armadillo": 114, "Draconic Destiny": 706, "Etali's Favor": 835, "Slumbering Keepguard": 2479, "War Squeak": 3123, "Loran's Escape_SB": 1645, "Take Up the Shield_SB": 2680, "Broodspinner": 332, "Huskburster Swarm": 1346, "Writhing Necromass": 3193, "Desperate Bloodseeker_SB": 655, "Echo of Dusk_SB": 760, "Voracious Varmint_SB": 3102, "Creosote Heath": 552, "Crystal Carapace": 566, "Hunter's Talent": 1342, "Petrify_SB": 1994, "Conceited Witch": 510, "Fear of Infinity": 917, "Glimmerlight": 1127, "The Witch's Vanity": 2787, "Forlorn Flats": 1011, "Hero of the Dunes": 1285, "Phyrexian Rager": 2013, "Overwhelming Remorse_SB": 1955, "Vanish into Eternity_SB": 3034, "Gixian Infiltrator": 1113, "Sawblade Skinripper": 2316, "Not Dead After All_SB": 1869, "Unseal the Necropolis_SB": 2970, "Bonecache Overseer": 264, "Ichor Drinker": 1349, "Insidious Roots": 1384, "Izoni, Center of the Web": 1443, "Ozolith, the Shattered Spire": 1958, "Skyfisher Spider": 2461, "Snarling Gorehound": 2488, "Twitching Doll": 2922, "Urborg Repossession": 2992, "Enduring Curiosity_SB": 801, "Third Path Iconoclast": 2791, "Artist's Talent_SB": 120, "Kellan, Inquisitive Prodigy": 1503, "Valley Floodcaller_SB": 3019, "Insatiable Avarice": 1380, "Archdruid's Charm": 98, "Arid Archway": 111, "Skrelv's Hive_SB": 2450, "Anzrag's Rampage_SB": 82, "Terisian Mindbreaker": 2717, "The Mindskinner": 2762, "Eliminate the Impossible_SB": 782, "Aspirant's Ascent": 128, "Enter the Enigma": 815, "Ivy, Gleeful Spellthief": 1440, "Molten Duplication": 1781, "Take the Fall": 2682, "Venerated Rotpriest": 3043, "Ivy, Gleeful Spellthief_SB": 1441, "Pawpatch Recruit_SB": 1978, "Highway Robbery": 1309, "Treasure Map": 2895, "Jodah, the Unifier": 1459, "Melira, the Living Cure": 1723, "Sigarda, Font of Blessings": 2429, "Drana and Linvala_SB": 719, "Kellan, the Kid_SB": 1509, "Kutzil, Malamet Exemplar_SB": 1554, "Myrel, Shield of Argive_SB": 1823, "Skrelv, Defector Mite_SB": 2452, "Tinybones Joins Up_SB": 2847, "Gishath, Sun's Avatar": 1105, "Ojer Axonil, Deepest Might": 1896, "Kogla and Yidaro_SB": 1533, "Fae Flight_SB": 879, "Silent Hallcreeper_SB": 2432, "Stenn, Paranoid Partisan": 2584, "Gremlin Tamer_SB": 1186, "Dreams of Steel and Oil": 728, "Unholy Annex // Ritual Chamber_SB": 2957, "Amalia Benavides Aguirre": 50, "Thousand Moons Smithy": 2809, "Unstable Glyphbridge": 2973, "Worldwalker Helm": 3185, "Spring-Loaded Sawblades_SB": 2554, "Quick Study": 2095, "Awaken the Woods": 151, "Goldvein Hydra": 1154, "Nissa, Resurgent Animist": 1857, "Pick Your Poison": 2017, "Surge Engine": 2643, "Training Grounds": 2882, "Vorinclex": 3103, "Aftermath Analyst_SB": 26, "Training Grounds_SB": 2883, "Regal Bunnicorn_SB": 2174, "Corpses of the Lost_SB": 530, "Slickshot Show-Off_SB": 2477, "Bandit's Haul": 170, "Conduit of Worlds": 512, "Faunsbane Troll": 907, "The Goose Mother": 2744, "Anointed Peacekeeper": 79, "Archangel of Tithes": 94, "Guardian of New Benalia": 1201, "Veteran Survivor": 3056, "Tocasia's Welcome_SB": 2864, "Commercial District_SB": 506, "Innkeeper's Talent_SB": 1376, "Darkstar Augur_SB": 590, "Arabella, Abandoned Doll": 83, "Case of the Gateway Express_SB": 394, "Crawling Chorus": 550, "Skrelv's Hive": 2449, "Sword of Forge and Frontier_SB": 2664, "Sword of Forge and Frontier": 2663, "Sword of Once and Future": 2665, "Fleeting Reflection": 984, "Reasonable Doubt": 2154, "Serum Snare": 2388, "The Seedcore": 2772, "Bring the Ending_SB": 322, "Keen-Eyed Curator": 1496, "Jawbone Duelist": 1452, "Seal from Existence": 2353, "Not on My Watch": 1870, "Render Inert_SB": 2186, "Overlord of the Floodpits_SB": 1945, "Dollmaker's Shop && Porcelain Gallery": 691, "Demolition Field_SB": 641, "Agatha's Soul Cauldron_SB": 30, "Lavaspur Boots_SB": 1567, "Arabella, Abandoned Doll_SB": 84, "Restless Anchorage_SB": 2203, "Overlord of the Boilerbilges_SB": 1943, "Island_SB": 1438, "Invasion of Innistrad": 1412, "Fugitive Codebreaker_SB": 1033, "Misery's Shadow_SB": 1764, "Lukka, Bound to Ruin": 1653, "Migloz, Maze Crusher": 1743, "Quintorius Kand_SB": 2097, "Walk-In Closet && Forgotten Cellar": 3119, "Assassin's Trophy_SB": 131, "Osseous Sticktwister_SB": 1920, "Unable to Scream": 2936, "Horned Loch-Whale_SB": 1330, "Piggy Bank": 2021, "Rankle's Prank": 2129, "Sunken Citadel_SB": 2635, "Farsight Ritual_SB": 902, "Bladecoil Serpent_SB": 220, "Curate": 572, "Proft's Eidetic Memory_SB": 2069, "Starscape Cleric_SB": 2572, "Confounding Riddle": 514, "The Enigma Jewel": 2737, "The Swarmweaver": 2781, "Sheoldred": 2403, "Insatiable Avarice_SB": 1381, "Virtue of Knowledge_SB": 3073, "Ruthless Negotiation_SB": 2289, "Legion Extruder": 1575, "Coati Scavenger": 483, "Drag to the Roots": 711, "One with the Multiverse": 1909, "Trapped in the Screen": 2890, "Shoot the Sheriff_SB": 2417, "Baird, Argivian Recruiter": 162, "Dollmaker's Shop // Porcelain Gallery": 692, "Knight of Dusk's Shadow_SB": 1526, "Arcane Proxy": 89, "Astor, Bearer of Blades": 134, "Dissection Tools": 676, "Chrome Prowler": 457, "Hidden Cataract": 1293, "Hidden Courtyard": 1294, "Liberator, Urza's Battlethopter": 1596, "Out Cold": 1926, "Lost in the Maze_SB": 1651, "Spark Rupture_SB": 2514, "Meeting of Minds": 1722, "Stoke the Flames": 2598, "The Skullspore Nexus": 2773, "Glass Casket": 1118, "Repel Calamity": 2189, "Walk-In Closet && Forgotten Cellar_SB": 3120, "Twinferno": 2915, "Sandstorm Verge": 2302, "Pest Control": 1989, "Tarnation Vista": 2690, "Pillage the Bog_SB": 2027, "Cankerbloom": 374, "Violent Urge": 3067, "Argentum Masticore_SB": 109, "Archdruid's Charm_SB": 99, "Ghostly Dancers_SB": 1090, "Micromancer": 1737, "Case of the Filched Falcon": 392, "Clement, the Worrywort": 476, "Dour Port-Mage": 702, "Dreamdew Entrancer": 726, "Long River Lurker": 1634, "Oakhollow Village": 1881, "Pond Prophet": 2047, "Sunshower Druid": 2637, "Three Tree Scribe": 2825, "Valley Mightcaller": 3020, "Invasion of Ixalan": 1413, "Bristlebud Farmer_SB": 325, "Drannith Ruins": 721, "Coppercoat Vanguard": 526, "Valiant Veteran": 3015, "Syr Ginger, the Meal Ender": 2672, "Teething Wurmlet": 2698, "Tough Cookie": 2878, "Tail Swipe_SB": 2676, "Misery's Shadow": 1763, "Sharp-Eyed Rookie": 2398, "Metropolis Reformer_SB": 1736, "Burrowguard Mentor": 351, "Finneas, Ace Archer": 970, "Hop to It": 1324, "Seasoned Warrenguard": 2368, "Treeguard Duo_SB": 2897, "Fauna Shaman": 905, "Haywire Mite": 1246, "Kami of Whispered Hopes": 1481, "Likeness Looter": 1608, "Nashi, Moon's Legacy": 1829, "Tyvar, Jubilant Brawler": 2932, "Annex Sentry": 71, "Slaughter Singer": 2470, "Ajani, Sleeper Agent_SB": 39, "Bristly Bill, Spine Sower": 327, "Case of the Locked Hothouse": 395, "Evolving Wilds": 847, "Festering Gulch": 953, "Fake Your Own Death_SB": 891, "Forest_SB": 1008, "Heaped Harvest_SB": 1256, "Swamp_SB": 2656, "Demand Answers": 639, "Magebane Lizard_SB": 1677, "Breeches, Eager Pillager": 313, "Captain Storm, Cosmium Raider": 380, "Goblin Tomb Raider": 1149, "Kitesail Larcenist": 1518, "Malcolm, the Eyes": 1690, "Reckless Lackey": 2158, "Roaming Throne": 2244, "Staunch Crewmate": 2576, "Roaming Throne_SB": 2245, "Return the Favor": 2221, "Chainsaw_SB": 428, "Might of the Meek_SB": 1742, "Rabid Gnaw_SB": 2100, "Turn Inside Out_SB": 2913, "Take Up the Shield": 2679, "Jirina, Dauntless General_SB": 1458, "Slime Against Humanity": 2478, "Explosive Derailment": 859, "Fell": 946, "Great Train Heist": 1176, "Chupacabra Echo": 458, "Hollow Scavenger": 1320, "Hedge Shredder": 1267, "Grievous Wound_SB": 1189, "Cathartic Parting_SB": 405, "Impulse_SB": 1364, "Lich-Knights' Conquest_SB": 1598, "Overlord of the Hauntwoods_SB": 1947, "Bovine Intervention_SB": 292, "Scatter Ray": 2327, "Ashiok, Wicked Manipulator_SB": 124, "Ghired, Mirror of the Wilds": 1083, "Cult Conscript": 568, "Roaring Furnace && Steaming Sauna_SB": 2247, "Hidetsugu and Kairi": 1302, "Under the Skin": 2944, "Elusive Otter_SB": 786, "Unyielding Gatekeeper": 2984, "Etali, Primal Conqueror_SB": 837, "Restricted Office && Lecture Hall_SB": 2218, "Season of Weaving_SB": 2364, "Cunning Coyote": 570, "Osteomancer Adept": 1923, "Thraxodemon": 2816, "Fear of Lost Teeth": 921, "Invasion of Azgol": 1406, "The Witch's Vanity_SB": 2788, "Tinybones, the Pickpocket_SB": 2850, "Decadent Dragon": 616, "Rakdos, Patron of Chaos": 2118, "Gingerbrute": 1102, "Marvin, Murderous Mimic": 1707, "Kitesail Larcenist_SB": 1519, "Repulsive Mutation_SB": 2192, "The Infamous Cruelclaw_SB": 2749, "Pollen-Shield Hare": 2042, "Three Tree City": 2823, "Ashiok, Wicked Manipulator": 123, "Final Showdown": 966, "Kutzil's Flanker": 1551, "Ingenious Prodigy": 1374, "Plumecreed Escort_SB": 2039, "Captivating Cave": 381, "Aloe Alchemist": 48, "Yavimaya Iconoclast": 3197, "Neutralize the Guards_SB": 1842, "Bloodletter of Aclazotz_SB": 245, "Braids, Arisen Nightmare_SB": 296, "Torch the Witness_SB": 2875, "Pugnacious Hammerskull_SB": 2082, "Glarb, Calamity's Augur_SB": 1117, "Warden of the Inner Sky_SB": 3126, "Kambal, Profiteering Mayor_SB": 1480, "Painter's Studio && Defaced Gallery_SB": 1963, "Planar Disruption_SB": 2035, "Overprotect_SB": 1951, "Portent of Calamity": 2052, "The Irencrag": 2750, "Floodpits Drowner_SB": 990, "Lukka, Bound to Ruin_SB": 1654, "Roxanne, Starfall Savant_SB": 2266, "Black Sun's Twilight": 216, "Iridescent Vinelasher_SB": 1434, "Werefox Bodyguard_SB": 3148, "Lost in the Maze": 1650, "Great Train Heist_SB": 1177, "Bristling Backwoods": 326, "Rugged Highlands": 2271, "Razortrap Gorge": 2146, "Herbology Instructor_SB": 1282, "Hidden Grotto": 1295, "Heroic Reinforcements": 1289, "Maelstrom Pulse": 1673, "Scavenging Ooze": 2330, "Vivien Reid": 3083, "Liliana, Dreadhorde General_SB": 1612, "Maelstrom Pulse_SB": 1674, "Back for Seconds_SB": 160, "Case of the Stashed Skeleton_SB": 399, "Homicide Investigator_SB": 1322, "Burst Lightning": 352, "Boros Charm": 277, "Llanowar Elves": 1623, "Abyssal Harvester": 9, "Soulstone Sanctuary": 2509, "Scavenging Ooze_SB": 2331, "Vivien Reid_SB": 3084, "Basilisk Collar_SB": 186, "Day of Judgment": 596, "Authority of the Consuls_SB": 147, "Devout Decree_SB": 662, "Flashfreeze_SB": 981, "Evangel of Synthesis": 844, "Zombify": 3215, "Desecration Demon_SB": 652, "Wail of the Forgotten_SB": 3117, "Sun-Blessed Healer": 2625, "Temple of Triumph": 2711, "Campus Renovation_SB": 370, "Boltwave": 262, "Splitskin Doll_SB": 2550, "Heartflame Duelist_SB": 1261, "Slagstorm_SB": 2469, "Mazemind Tome": 1716, "Crystal Barricade_SB": 565, "Bloodthirsty Conqueror_SB": 249, "Kellan, Planar Trailblazer": 1505, "Opt": 1910, "Kaito, Cunning Infiltrator_SB": 1475, "Feed the Swarm_SB": 937, "Spinner of Souls": 2539, "Pitiless Carnage_SB": 2030, "Kiora, the Rising Tide": 1516, "Ghitu Lavarunner": 1085, "Thrill of Possibility": 2828, "Blooming Blast_SB": 253, "Elenda, Saint of Dusk": 776, "Garna, Bloodfist of Keld": 1053, "Kellan, the Kid": 1508, "Secluded Courtyard": 2370, "Faebloom Trick": 880, "Felidar Retreat": 943, "Herald of Eternal Dawn": 1277, "Loot, Exuberant Explorer": 1638, "Mossborn Hydra": 1804, "Authority of the Consuls": 146, "Exemplar of Light": 848, "Fiendish Panda": 958, "Hinterland Sanctifier": 1311, "Elenda, Saint of Dusk_SB": 777, "Spectral Sailor": 2519, "Unsummon": 2978, "Giant Cindermaw_SB": 1094, "Bloodthirsty Conqueror": 248, "Heartflame Duelist": 1260, "Viashino Pyromancer": 3060, "Ball Lightning": 165, "Bloodfeather Phoenix": 240, "Grab the Prize": 1163, "Lyra Dawnbringer_SB": 1667, "Virtue of Courage_SB": 3071, "Brineborn Cutthroat_SB": 320, "Ertai's Scorn_SB": 828, "Flow of Knowledge_SB": 994, "Haughty Djinn_SB": 1239, "Urza's Rebuff_SB": 3001, "Abyssal Harvester_SB": 10, "Painter's Studio // Defaced Gallery_SB": 1965, "Hero's Downfall": 1286, "Liliana, Dreadhorde General": 1611, "Temple of Malady": 2706, "Temple of Plenty": 2709, "Temple of Silence": 2710, "Mortify_SB": 1803, "White Sun's Twilight_SB": 3154, "Kaito, Cunning Infiltrator": 1474, "Sphinx of Forgotten Lore": 2531, "Aetherize_SB": 23, "Feldon's Cane_SB": 939, "Demonic Pact": 646, "Harmless Offering": 1231, "Cathar Commando": 403, "Knight of Grace": 1527, "Ajani, Caller of the Pride_SB": 36, "Ethereal Armor_SB": 842, "Reclamation Sage_SB": 2162, "Dead Weight": 601, "Gixian Puppeteer": 1115, "Revenge of the Rats": 2222, "Terror Ballista": 2719, "The Ancient One": 2728, "An Offer You Can't Refuse_SB": 56, "Trapped in the Screen_SB": 2891, "Llanowar Greenwidow": 1625, "Zurgo and Ojutai": 3223, "Final Showdown_SB": 967, "Subterranean Schooner_SB": 2620, "Virtue of Strength": 3078, "Worldsoul's Rage": 3184, "Hero's Downfall_SB": 1287, "Boros Charm_SB": 278, "Ashroot Animist": 127, "Polukranos Reborn": 2045, "Ruby, Daring Tracker": 2270, "Muerra, Trash Tactician_SB": 1814, "Refute": 2171, "Curator of Destinies_SB": 573, "Day of Judgment_SB": 597, "Bloated Contaminator": 234, "High Stride": 1307, "Infectious Bite": 1368, "Aspirant's Ascent_SB": 129, "Distorted Curiosity_SB": 679, "Enter the Enigma_SB": 816, "Fleeting Reflection_SB": 985, "High Stride_SB": 1308, "Prologue to Phyresis_SB": 2073, "This Town Ain't Big Enough_SB": 2796, "Jirina, Dauntless General": 1457, "Deathmark_SB": 613, "Joust Through_SB": 1466, "Knight of Grace_SB": 1528, "Raise the Past_SB": 2114, "Arcanis the Omnipotent_SB": 91, "Feed the Cycle_SB": 934, "Insidious Fungus_SB": 1383, "Stab_SB": 2562, "Blooming Blast": 252, "Coruscation Mage": 535, "Firebrand Archer": 971, "Dazzling Denial": 599, "Empyrean Eagle": 795, "Healer's Hawk": 1254, "Temple of Deceit": 2703, "Sentinel of the Nameless City_SB": 2384, "Doubling Season": 700, "Cathar Commando_SB": 404, "Elegant Parlor_SB": 775, "Thrun, Breaker of Silence": 2833, "Greed's Gambit": 1178, "Molten Collapse_SB": 1780, "Sire of Seven Deaths_SB": 2443, "Invasion of Zendikar": 1428, "Urborg Scavengers_SB": 2995, "Ajani's Pridemate": 34, "Arahbo, the First Fang": 86, "Joust Through": 1465, "Prideful Parent": 2060, "Regal Caracal": 2175, "Savannah Lions": 2312, "Skyknight Squire": 2463, "Banishing Light_SB": 174, "Claws Out_SB": 473, "Audacity_SB": 142, "Brineborn Cutthroat": 319, "Desecration Demon": 651, "Cynical Loner": 582, "Driver of the Dead": 732, "Gatekeeper of Malakir": 1063, "Infestation Sage": 1371, "Kalastria Highborn": 1478, "Nullpriest of Oblivion": 1875, "Pulse Tracker": 2083, "Vampire Nighthawk": 3029, "Vengeful Bloodwitch": 3045, "Undergrowth Recon": 2948, "Walk-In Closet // Forgotten Cellar": 3121, "An Offer You Can't Refuse": 55, "Carnelian Orb of Dragonkind": 385, "Invasion of Tarkir": 1423, "Sarkhan, Soul Aflame": 2309, "Slagstorm": 2468, "Stingerback Terror": 2589, "Twinflame Tyrant": 2917, "Omniscience": 1906, "Drag to the Roots_SB": 712, "Buried in the Garden": 345, "Clifftop Lookout": 477, "Fecund Greenshell": 931, "Genesis Wave": 1067, "Tender Wildguide": 2714, "Invasion of Regatha": 1418, "Luminous Rebuke": 1657, "Primal Might": 2061, "Arcanis the Omnipotent": 90, "Moment of Craving_SB": 1784, "Tinybones, Bauble Burglar": 2848, "Sphinx of Forgotten Lore_SB": 2532, "Ashnod's Intervention": 126, "Witness Protection_SB": 3181, "Bloodfeather Phoenix_SB": 241, "Koma, World-Eater": 1537, "Fear of Impostors_SB": 916, "Giada, Font of Hope": 1091, "Guardian of Ghirapur": 1200, "Lyra Dawnbringer": 1666, "Resplendent Angel": 2197, "Youthful Valkyrie": 3202, "Witness Protection": 3180, "Fabrication Foundry": 876, "Fumigate": 1035, "Hammerhand": 1219, "Sawblade Scamp": 2315, "Citanul Stalwart": 464, "Dwynen's Elite": 751, "Elvish Archdruid": 787, "Imperious Perfect": 1360, "Leaf-Crowned Visionary": 1572, "Surrak and Goreclaw": 2652, "Tyvar the Bellicose": 2929, "Tyvar, the Pummeler": 2933, "Dwynen, Gilt-Leaf Daen_SB": 753, "Unsummon_SB": 2979, "Deeproot Wayfinder": 625, "Surrak, the Hunt Caller": 2654, "Wildborn Preserver_SB": 3157, "Sire of Seven Deaths": 2442, "Searslicer Goblin": 2357, "Stromkirk Noble": 2615, "Reclamation Sage": 2161, "Case of the Locked Hothouse_SB": 396, "Bulk Up": 342, "Chandra, Flameshaper": 429, "Swiftblade Vindicator": 2658, "Leyline Axe": 1584, "Sporogenic Infection": 2551, "Commune with Evil_SB": 508, "Fear of Missing Out_SB": 923, "Archmage of Runes": 102, "Ertai's Scorn": 827, "Metamorphic Blast": 1731, "Unauthorized Exit": 2938, "Harrier Strix_SB": 1234, "Strix Lookout_SB": 2612, "The Tale of Tamiyo_SB": 2784, "Twist Reality_SB": 2919, "Coppercoat Vanguard_SB": 527, "Garna, Bloodfist of Keld_SB": 1054, "Helpful Hunter": 1275, "Knight of Dawn's Light": 1523, "Raise the Past": 2113, "Enduring Tenacity_SB": 805, "Leyline of Hope_SB": 1588, "Massacre Wurm_SB": 1711, "Burst Lightning_SB": 353, "Banner of Kinship": 175, "Dewdrop Cure": 663, "Hare Apparent": 1230, "Kayla's Reconstruction": 1495, "Hinterland Sanctifier_SB": 1312, "Vampire Nighthawk_SB": 3030, "Runic Shot_SB": 2280, "Razorlash Transmogrant": 2144, "Huskburster Swarm_SB": 1347, "Invasion of Tarkir_SB": 1424, "Hearthborn Battler": 1264, "Contaminated Aquifer": 523, "Marauding Brinefang": 1699, "Soul-Guide Lantern": 2502, "Union of the Third Path": 2960, "Vanish into Eternity": 3033, "Elesh Norn": 778, "Goblin Surprise": 1148, "Irreverent Gremlin": 1436, "Krenko, Mob Boss": 1547, "Norin, Swift Survivalist": 1865, "Vicious Clown": 3062, "Involuntary Employment_SB": 1432, "Outlaws' Fury": 1932, "Ravine Raider": 2140, "Agate Assault_SB": 27, "Bake into a Pie_SB": 163, "Hazardous Blast_SB": 1248, "Azorius Guildgate": 156, "Boros Guildgate": 279, "Circuitous Route": 463, "Dimir Guildgate": 667, "Eaten Alive": 757, "Expedition Map": 852, "Golgari Guildgate": 1157, "Gruul Guildgate": 1197, "Insidious Fungus": 1382, "Izzet Guildgate": 1445, "Maze's End": 1714, "Muldrotha, the Gravetide": 1815, "Orzhov Guildgate": 1918, "Rakdos Guildgate": 2115, "Selesnya Guildgate": 2380, "Simic Guildgate": 2439, "Tatyova, Benthic Druid": 2692, "Brightblade Stoat_SB": 316, "Savor_SB": 2314, "Thornwood Falls": 2802, "Deadly Brew": 604, "Candy Trail": 373, "Marauding Blight-Priest": 1698, "Moment of Craving": 1783, "Murder": 1817, "Savor": 2313, "Servant of the Stinger": 2390, "Sanguine Indulgence_SB": 2305, "Soul-Shackled Zombie_SB": 2505, "Electrostatic Infantry": 773, "Frenzied Goblin_SB": 1025, "The Autonomous Furnace": 2729, "Guardian of the Great Door": 1202, "Lonely Arroyo": 1631, "Norn's Inquisitor": 1867, "Spring-Loaded Sawblades": 2553, "Midnight Mayhem": 1739, "Ratcatcher Trainee": 2134, "Scytheclaw Raptor_SB": 2351, "Tocasia's Dig Site": 2862, "Bartolom\u00e9 del Presidio": 182, "Midnight Reaper": 1740, "Nezumi Linkbreaker": 1846, "Vampire Gourmand": 3028, "Impact Tremors": 1358, "Kindlespark Duo": 1514, "Ral's Reinforcements": 2121, "Rodeo Pyromancers": 2255, "Deadeye Duelist_SB": 603, "Skewer Slinger_SB": 2445, "Thunder Salvo_SB": 2835, "Basilisk Collar": 185, "Prophetic Prism": 2075, "Dragon Fodder": 713, "Keldon Strike Team_SB": 1499, "Ambush Wolf_SB": 52, "Dead Weight_SB": 602, "Fog of War_SB": 999, "Aetherize": 22, "Peculiar Lighthouse": 1980, "Swiftwater Cliffs": 2661, "Tolarian Terror_SB": 2867, "Union of the Third Path_SB": 2961, "Hidetsugu's Second Rite": 1303, "Ghitu Lavarunner_SB": 1086, "Boulderbranch Golem": 288, "Fierce Empath": 960, "Galewind Moose": 1048, "Gossip's Talent": 1162, "Gruff Triplets": 1196, "Lush Oasis": 1664, "Mirage Mesa": 1753, "Outcaster Greenblade": 1928, "Sunshower Druid_SB": 2638, "Drag the Canal_SB": 708, "Scatter Ray_SB": 2328, "Stingerback Terror_SB": 2590, "Flamewake Phoenix_SB": 979, "Grand Entryway && Elegant Rotunda": 1169, "Karplusan Forest_SB": 1488, "Argoth, Sanctum of Nature": 110, "Cosmic Rebirth": 538, "Elvish Regrower": 790, "Springbloom Druid": 2555, "Titania, Voice of Gaea": 2856, "Tolsimir, Midnight's Light": 2868, "Twisted Fealty": 2920, "Aegis Turtle_SB": 18, "Temple of Malice": 2707, "Night of the Sweets' Revenge": 1849, "Welcome to Sweettooth": 3146, "Cosmium Confluence_SB": 541, "See Double_SB": 2371, "Volatile Fault_SB": 3091, "Fiery Annihilation_SB": 962, "Calix, Guided by Fate_SB": 365, "Divine Resilience_SB": 689, "Unflinching Courage_SB": 2953, "Valorous Stance_SB": 3027, "Immersturm Predator": 1355, "Trygon Predator_SB": 2906, "Dwynen, Gilt-Leaf Daen": 752, "Lathril, Blade of the Elves": 1561, "Wildborn Preserver": 3156, "Anthem of Champions": 81, "Armasaur Guide": 113, "Biogenic Upgrade": 208, "Charming Prince": 441, "Dazzling Angel": 598, "Felidar Savior": 945, "Felling Blow": 948, "Gnarlid Colony": 1136, "Good-Fortune Unicorn": 1161, "Inspiring Call": 1386, "Inspiring Paladin": 1388, "Leonin Vanguard": 1580, "Mild-Mannered Librarian": 1745, "Pacifism": 1959, "Wary Thespian": 3134, "Wildwood Scourge": 3160, "Nine-Lives Familiar": 1854, "Voracious Greatshark": 3100, "Rite of Replication": 2233, "Swiftfoot Boots_SB": 2660, "Eaten by Piranhas_SB": 759, "Silver Scrutiny_SB": 2435, "Axebane Ferox_SB": 153, "Flourishing Bloom-Kin": 992, "Ghalta, Primal Hunger": 1080, "Alesha, Who Laughs at Fate": 46, "Aurelia, the Law Above": 144, "Perforating Artist": 1984, "Voldaren Thrillseeker_SB": 3096, "Ajani, Caller of the Pride": 35, "Angel of Vitality": 65, "Extinguish the Light_SB": 866, "Feed the Swarm": 936, "Crash Through": 548, "Drake Hatcher": 717, "Crawling Barrens": 549, "Mazemind Tome_SB": 1717, "Phyrexian Censor": 2003, "Phyrexian Vindicator": 2014, "Volatile Fault": 3090, "Seal from Existence_SB": 2354, "Stasis Snare_SB": 2574, "Urborg Scavengers": 2994, "Zetalpa, Primal Dawn": 3208, "Ichormoon Gauntlet": 1350, "Jace Reawakened": 1446, "Jin-Gitaxias": 1456, "Temple of Epiphany": 2705, "Galvanize_SB": 1051, "Tocasia's Welcome": 2863, "Bonehoard Dracosaur": 267, "Dragonlord's Servant": 715, "Incinerator of the Guilty": 1365, "Kolaghan Warmonger": 1534, "Rivaz of the Claw": 2237, "Tyrant of Kher Ridges": 2924, "Joint Exploration": 1463, "Titania's Command_SB": 2855, "Burglar Rat": 344, "Halo Forager": 1216, "Macabre Waltz": 1671, "Mindsplice Apparatus": 1748, "Painful Quandary": 1960, "Psychic Whorl": 2079, "Rune-Scarred Demon": 2278, "The Key to the Vault": 2754, "The Rollercrusher Ride_SB": 2771, "Titania, Voice of Gaea_SB": 2857, "Colossal Rattlewurm": 498, "Rattleback Apothecary": 2135, "Tatyova, Steward of Tides": 2693, "Tomb Trawler_SB": 2870, "Dawn's Truce": 593, "Nashi, Searcher in the Dark_SB": 1831, "Inspiration from Beyond": 1385, "Filter Out_SB": 964, "Kutzil, Malamet Exemplar": 1553, "Runic Shot": 2279, "Herald of Eternal Dawn_SB": 1278, "Sun-Blessed Healer_SB": 2626, "Mortify": 1802, "Seeker's Folly": 2374, "Coveted Falcon": 545, "Greed's Gambit_SB": 1179, "Stab": 2561, "Ferocification": 951, "Dreadwing Scavenger": 725, "Broodspinner_SB": 333, "The Gitrog, Ravenous Ride_SB": 2743, "Fiery Annihilation": 961, "Beseech the Mirror_SB": 200, "Heroic Reinforcements_SB": 1290, "Peerless Recycling_SB": 1981, "Essence Scatter_SB": 834, "Wing Commando": 3166, "Cerebral Confiscation_SB": 424, "Haunted Screen": 1244, "Prayer of Binding": 2056, "Furnace Reins": 1042, "River's Rebuke": 2238, "Koma, World-Eater_SB": 1538, "Primeval Bounty_SB": 2063, "River's Rebuke_SB": 2239, "Regal Caracal_SB": 2176, "Kiora, the Rising Tide_SB": 1517, "Rat Out_SB": 2132, "Plains_SB": 2033, "Faebloom Trick_SB": 881, "Throne of the Grim Captain": 2830, "The Kenriths' Royal Funeral_SB": 2753, "Saiba Cryptomancer": 2296, "Zoetic Glyph_SB": 3214, "Seized from Slumber_SB": 2379, "Inspiring Overseer": 1387, "Mischievous Pup": 1762, "Angel of Finality_SB": 64, "Belligerent Yearling": 198, "Colossadactyl": 497, "Earthshaker Dreadmaw": 756, "Giant Cindermaw": 1093, "Itzquinth, Firstborn of Gishath": 1439, "Ixalli's Lorekeeper": 1442, "Rogue's Passage": 2256, "Scytheclaw Raptor": 2350, "Thrashing Brontodon": 2815, "Triumphant Chomp": 2903, "Armored Kincaller_SB": 116, "Kraul Whipcracker": 1542, "Wardens of the Cycle": 3127, "Badlands Revival": 161, "Copper Host Crusher": 525, "Feed the Infection": 935, "Vinereap Mentor_SB": 3066, "Ankle Biter": 70, "Fynn, the Fangbearer": 1044, "Nimraiser Paladin": 1853, "The Hunter Maze": 2745, "At Knifepoint": 136, "Fanatical Firebrand": 897, "Hellspur Brute": 1271, "Mourner's Surprise_SB": 1810, "Unflinching Courage": 2952, "Sandstorm Salvager": 2300, "Autonomous Assembler": 148, "Quintorius Kand": 2096, "Kayla's Command_SB": 1494, "Starfall Invocation_SB": 2570, "Hired Claw_SB": 1314, "Luminous Rebuke_SB": 1658, "Massacre Wurm": 1710, "Stalactite Stalker": 2564, "Felidar Retreat_SB": 944, "Dreamdew Entrancer_SB": 727, "Spinner of Souls_SB": 2540, "Gisa, the Hellraiser_SB": 1104, "Bitter Reunion_SB": 213, "Jace Reawakened_SB": 1447, "Dust Animus": 747, "Steel Seraph_SB": 2583, "Dust Animus_SB": 748, "Gumdrop Poisoner_SB": 1207, "Archangel of Tithes_SB": 95, "Demonic Counsel_SB": 643, "Warleader's Call_SB": 3131, "Phyrexian Censor_SB": 2004, "Rat Out": 2131, "Herbology Instructor": 1281, "Restless Bivouac_SB": 2205, "Lively Dirge_SB": 1621, "Imperious Perfect_SB": 1361, "Sandstorm Salvager_SB": 2301, "Tough Cookie_SB": 2879, "Cavernous Maw": 414, "Forgotten Monument": 1010, "Titania's Command": 2854, "Raucous Carnival_SB": 2137, "Seize the Spoils": 2377, "Curious Forager": 574, "The Mycotyrant": 2765, "Sporogenic Infection_SB": 2552, "Funeral Room // Awakening Hall_SB": 1038, "Rise of the Dark Realms_SB": 2231, "Canonized in Blood": 376, "Cemetery Recruitment": 420, "Diregraf Ghoul": 668, "Hungry Ghoul": 1341, "Mephitic Draught": 1728, "Offer Immortality": 1893, "Sanguine Syphoner": 2306, "Skeleton Archer": 2444, "Vampiric Rites": 3032, "Temple of Enlightenment": 2704, "Urza, Lord Protector": 3005, "Fumigate_SB": 1036, "Valkyrie's Call_SB": 3016, "Skystrike Officer": 2467, "Mockingbird_SB": 1775, "Temple of Mystery": 2708, "Timely Interference": 2844, "Vesuvan Duplimancy": 3054, "Dive Down_SB": 685, "Scrawling Crawler_SB": 2343, "Dryad Militant_SB": 738, "Bristlebud Farmer": 324, "Charred Foyer && Warped Space_SB": 444, "Absolving Lammasu_SB": 6, "Think Twice": 2789, "Micromancer_SB": 1738, "Coruscation Mage_SB": 536, "Bruse Tarl, Roving Rancher": 336, "Fblthp, Lost on the Range": 908, "Weakstone's Subjugation": 3139, "Fblthp, Lost on the Range_SB": 909, "Weakstone's Subjugation_SB": 3140, "Bottomless Pool && Locker Room": 284, "Invasion of Karsus_SB": 1416, "Mirror Room && Fractured Realm_SB": 1758, "Sword of Wealth and Power_SB": 2668, "Wildfire Howl_SB": 3158, "Zurgo and Ojutai_SB": 3224, "Hidetsugu's Second Rite_SB": 1304, "Mabel, Heir to Cragflame_SB": 1670, "Halo Forager_SB": 1217, "Ballyrush Banneret": 166, "Siege Veteran_SB": 2427, "Soulstone Sanctuary_SB": 2510, "Karn, Living Legacy": 1485, "Metropolis Reformer": 1735, "Krenko's Buzzcrusher_SB": 1546, "Blood Spatter Analysis": 239, "Final Vengeance_SB": 969, "Silverback Elder_SB": 2436, "Rundvelt Hordemaster": 2276, "Branchblight Stalker": 299, "Gitaxian Anatomist": 1106, "Goliath Hatchery": 1158, "Ichorspit Basilisk": 1351, "Lakeside Shack": 1558, "Maze's Mantle": 1715, "Mesmerizing Dose": 1730, "Paladin of Predation": 1966, "Plague Nurse": 2031, "Tainted Observer": 2678, "Tangled Islet": 2689, "Thrummingbird": 2832, "Tyrranax Atrocity": 2926, "Venomous Brutalizer": 3049, "Viral Spawning": 3069, "Vivisurgeon's Insight": 3085, "Angelic Intervention": 66, "Omenpath Journey": 1905, "Poison Dart Frog": 2040, "Rampaging Baloths": 2124, "Migloz, Maze Crusher_SB": 1744, "Seraphic Steed": 2385, "Meticulous Excavation_SB": 1734, "Seeker's Folly_SB": 2375, "Realmbreaker, the Invasion Tree": 2152, "Deeproot Pilgrimage": 623, "Mistway Spy": 1771, "Grabby Giant": 1165, "Rite of the Dragoncaller": 2234, "Hulking Raptor": 1340, "Pugnacious Hammerskull": 2081, "Aegis Turtle": 17, "Venerated Rotpriest_SB": 3044, "Gwenna, Eyes of Gaea": 1208, "Halana and Alena, Partners": 1211, "Inga and Esika": 1373, "Myrel, Shield of Argive": 1822, "Hajar, Loyal Bodyguard_SB": 1210, "Surrak and Goreclaw_SB": 2653, "Invasion of Kaldheim": 1414, "Doomsday Excruciator_SB": 696, "Getaway Glamer_SB": 1077, "Bottomless Pool // Locker Room": 286, "Necrogen Communion": 1832, "Vraska Joins Up": 3108, "Thirsting Roots_SB": 2794, "Battlefly Swarm": 190, "Solemn Simulacrum": 2490, "Maha, Its Feathers Night_SB": 1682, "The Stone Brain": 2778, "Decadent Dragon_SB": 617, "Viashino Pyromancer_SB": 3061, "Defiled Crypt // Cadaver Lab_SB": 635, "Heraldic Banner": 1279, "Heraldic Banner_SB": 1280, "Thalia and The Gitrog Monster": 2724, "Surgical Suite && Hospital Room_SB": 2649, "Rebel Salvo_SB": 2156, "Entity Tracker_SB": 818, "Aether Channeler": 19, "Defiled Crypt && Cadaver Lab": 632, "Exuberant Fuseling": 870, "Thundertrap Trainer_SB": 2841, "Abuelo's Awakening": 7, "Kitsa, Otterball Elite_SB": 1522, "Rona, Herald of Invasion_SB": 2262, "Unnerving Grasp_SB": 2966, "Mechanized Warfare": 1721, "Fear of Surveillance": 924, "Wilt-Leaf Liege_SB": 3163, "Muerra, Trash Tactician": 1813, "Kona, Rescue Beastie": 1539, "Time Stop": 2842, "Fleeting Flight_SB": 983, "Trash the Town_SB": 2893, "Quick Draw_SB": 2094, "Smuggler's Surprise_SB": 2484, "Whisper of the Dross": 3151, "Vraska's Fall_SB": 3110, "Blasphemous Edict": 223, "Bottomless Pool // Locker Room_SB": 287, "The Princess Takes Flight_SB": 2767, "Anim Pakal, Thousandth Moon_SB": 69, "Adaptive Automaton": 14, "Three Tree Mascot": 2824, "Palani's Hatcher": 1967, "Temple of Abandon": 2702, "Mischievous Mystic": 1761, "Defiler of Flesh": 637, "Garruk's Uprising": 1055, "Zul Ashur, Lich Lord": 3220, "Kraul Whipcracker_SB": 1543, "Restless Reef_SB": 2211, "Lifecreed Duo": 1600, "At Knifepoint_SB": 137, "Monstrous Rage_SB": 1797, "Kellan's Lightblades_SB": 1501, "Blasphemous Edict_SB": 224, "Annie Flash, the Veteran_SB": 73, "Defiled Crypt && Cadaver Lab_SB": 633, "Cultivator's Caravan": 569, "Scene of the Crime": 2332, "Demonic Ruckus_SB": 649, "Impact Tremors_SB": 1359, "Coveted Falcon_SB": 546, "Wishclaw Talisman_SB": 3171, "Swooping Lookout": 2662, "Recruitment Officer_SB": 2166, "Oko, the Ringleader_SB": 1901, "Kambal, Profiteering Mayor": 1479, "Kaya, Spirits' Justice_SB": 1493, "Highway Robbery_SB": 1310, "Intrepid Paleontologist": 1400, "Bolt Bend_SB": 261, "Wishclaw Talisman": 3170, "Feldon's Cane": 938, "Neutralize the Guards": 1841, "Ayli, Eternal Pilgrim": 155, "Disturbing Conversion": 681, "Shipwreck Dowser": 2410, "Abuelo's Awakening_SB": 8, "Builder's Talent_SB": 341, "Eerie Interference_SB": 765, "Untimely Malfunction": 2980, "Imprisoned in the Moon_SB": 1362, "Inquisitive Glimmer_SB": 1379, "Refute_SB": 2172, "Argentum Masticore": 108, "Hall of Tagsin": 1214, "Hedron Archive": 1268, "The Mycosynth Gardens": 2764, "Tomakul Honor Guard": 2869, "Obstinate Baloth": 1889, "Bramble Familiar": 297, "Sphinx of the Final Word_SB": 2533, "Walk with the Ancestors": 3118, "Meathook Massacre II_SB": 1720, "Repulsive Mutation": 2191, "Sylvan Scavenging_SB": 2671, "Thundering Falls_SB": 2837, "Dowsing Device": 704, "Gleaming Geardrake": 1124, "Saheeli, Filigree Master": 2294, "Saheeli, Filigree Master_SB": 2295, "Scrawling Crawler": 2342, "Case of the Ransacked Lab": 397, "The Surgical Bay": 2780, "War Squeak_SB": 3124, "Spirebluff Canal_SB": 2542, "Ajani, Sleeper Agent": 38, "Charge of the Mites": 439, "Chandra, Flameshaper_SB": 430, "Expel the Interlopers": 853, "Bite Down": 210, "Gaea's Gift": 1046, "Trash the Town": 2892, "Corsair Captain": 534, "Lost Jitte_SB": 1649, "Blazing Crescendo_SB": 229, "Rip, Spawn Hunter": 2228, "Funeral Room // Awakening Hall": 1037, "Outlaw Medic": 1930, "Wilt-Leaf Liege": 3162, "Thousand Moons Smithy_SB": 2810, "Blightbelly Rat": 232, "Unnatural Restoration": 2963, "Carnivorous Canopy_SB": 386, "Gaea's Gift_SB": 1047, "Give In to Violence_SB": 1108, "Cityscape Leveler_SB": 466, "Nahiri's Resolve_SB": 1826, "Brazen Collector": 306, "Generous Plunderer": 1066, "Trial of Agony": 2898, "Zoyowa's Justice": 3219, "Ancestors' Aid_SB": 60, "Leyline of Resonance_SB": 1590, "Churning Reservoir": 459, "Magmatic Sprinter": 1678, "Sardian Cliffstomper": 2307, "Solphim, Mayhem Dominus": 2492, "The Monumental Facade": 2763, "Churning Reservoir_SB": 460, "Magmatic Sprinter_SB": 1679, "Monastery Swiftspear_SB": 1792, "Sardian Cliffstomper_SB": 2308, "Malcolm, Alluring Scoundrel_SB": 1689, "Repel Calamity_SB": 2190, "Samut, Vizier of Naktamun": 2298, "Call a Surprise Witness": 366, "Trostani, Three Whispers": 2904, "Tribute to the World Tree_SB": 2901, "Taii Wakeen, Perfect Shot": 2674, "Unruly Catapult": 2967, "Glassworks // Shattered Yard_SB": 1121, "Hulking Metamorph": 1339, "Surge Engine_SB": 2644, "Fake Your Own Death": 890, "Massacre Girl, Known Killer": 1708, "Massacre Girl, Known Killer_SB": 1709, "Rakdos Joins Up_SB": 2117, "Rakdos, the Muscle_SB": 2120, "Ghalta and Mavren": 1079, "Hide in Plain Sight": 1299, "Progenitus": 2070, "Crystal Barricade": 564, "Green Sun's Twilight_SB": 1182, "Break Down the Door": 309, "Bubble Smuggler": 339, "Cryptid Inspector": 563, "Cursed Windbreaker": 578, "Exit Specialist": 849, "Polukranos Reborn_SB": 2046, "Hazardroot Herbalist": 1249, "Head of the Homestead": 1252, "Rabbit Response": 2098, "Treeguard Duo": 2896, "Uncharted Haven": 2940, "Warren Elder": 3132, "Head of the Homestead_SB": 1253, "Grab the Prize_SB": 1164, "Stroke of Midnight_SB": 2614, "Delney, Streetwise Lookout": 638, "Stroke of Midnight": 2613, "Ragged Playmate": 2109, "Fear of Surveillance_SB": 925, "Grand Entryway // Elegant Rotunda_SB": 1171, "Norin, Swift Survivalist_SB": 1866, "Ragged Playmate_SB": 2110, "Wandertale Mentor": 3122, "Vodalian Mindsinger_SB": 3088, "Eriette's Tempting Apple": 821, "Experimental Confectioner": 856, "Feed the Cauldron": 932, "Gingerbread Hunter": 1101, "Greta, Sweettooth Scourge": 1187, "Mintstrosity": 1752, "Return from the Wilds": 2220, "Scream Puff": 2344, "Spider Food": 2534, "Sweettooth Witch": 2657, "Three Bowls of Porridge": 2820, "Sugar Rush_SB": 2622, "Leonin Vanguard_SB": 1581, "Ruin-Lurker Bat_SB": 2273, "The Millennium Calendar_SB": 2761, "Veteran Survivor_SB": 3057, "Corrupted Conviction_SB": 533, "Deadly Brew_SB": 605, "Cheeky House-Mouse_SB": 449, "Dryad Militant": 737, "Contagious Vorrac": 522, "Necrogen Rotpriest": 1833, "Armored Scrapgorger_SB": 118, "Invasion of Fiora_SB": 1409, "Rush of Dread_SB": 2283, "Magebane Lizard": 1676, "Final Flourish_SB": 965, "Time Stop_SB": 2843, "Unnatural Restoration_SB": 2964, "Founding the Third Path_SB": 1017, "Binding Negotiation": 206, "Vraska, the Silencer": 3113, "Barkform Harvester": 179, "Rampaging Spiketail": 2126, "Invasion of Ergamon": 1408, "Beastie Beatdown_SB": 195, "Break Out_SB": 311, "Vengeful Possession": 3046, "Repair and Recharge": 2188, "Step Between Worlds_SB": 2585, "Hearthborn Battler_SB": 1265, "Hellspur Posse Boss": 1273, "Cynical Loner_SB": 583, "Hellspur Brute_SB": 1272, "Kemba, Kha Enduring": 1510, "Swiftfoot Boots": 2659, "Astor, Bearer of Blades_SB": 135, "Consuming Aberration": 521, "Knight of Dusk's Shadow": 1525, "No One Left Behind_SB": 1862, "Botanical Brawler": 282, "Dusk Legion Duelist": 744, "Stocking the Pantry": 2593, "Tribute to the World Tree": 2900, "Collector's Cage_SB": 492, "Dragonmaster Outcast": 716, "Evolved Sleeper": 845, "Friendly Teddy": 1026, "Consumed by Greed_SB": 520, "Hop to It_SB": 1325, "Skyfisher Spider_SB": 2462, "Chart a Course_SB": 447, "Johann's Stopgap_SB": 1461, "Let's Play a Game_SB": 1583, "Festerleech": 954, "Fallaji Archaeologist_SB": 893, "Kroxa and Kunoros": 1548, "Shrouded Shepherd": 2424, "Garruk's Uprising_SB": 1056, "Hexgold Halberd": 1292, "Soul Search": 2499, "Daggerfang Duo": 584, "Deathbloom Gardener": 611, "Hoarding Recluse": 1317, "Moonstone Harbinger": 1801, "Pestilent Syphoner": 1991, "Ygra, Eater of All": 3198, "Llanowar Elves_SB": 1624, "Mosswood Dreadknight_SB": 1807, "Take for a Ride_SB": 2681, "Boltwave_SB": 263, "Fleeting Flight": 982, "Stormchaser's Talent_SB": 2606, "Cactarantula": 359, "Ashnod's Harvester": 125, "Warhost's Frenzy": 3129, "Think Twice_SB": 2790, "Rustler Rampage": 2285, "Wojek Investigator": 3182, "Searslicer Goblin_SB": 2358, "Felidar Cub": 941, "Oracle of Tragedy": 1914, "Dusk Rose Reliquary_SB": 746, "Felidar Cub_SB": 942, "Knight-Errant of Eos_SB": 1530, "Ruthless Lawbringer_SB": 2287, "Detective's Satchel": 659, "Forensic Gadgeteer_SB": 1005, "Ice Out_SB": 1348, "Claim Jumper_SB": 469, "Geralf, the Fleshwright": 1070, "Geralf, the Fleshwright_SB": 1071, "Eaten Alive_SB": 758, "Ojer Pakpatiq, Deepest Epoch": 1898, "Disturbing Conversion_SB": 682, "Lithomantic Barrage": 1617, "Enduring Vitality_SB": 807, "Audience with Trostani_SB": 143, "Sentinel of Lost Lore": 2381, "Wylie Duke, Atiin Hero": 3194, "Defiler of Dreams_SB": 636, "Omen Hawker": 1903, "Leyline of the Void": 1594, "Into the Fire": 1395, "Invasion of Karsus": 1415, "Cosmic Hunger": 537, "Paranormal Analyst": 1969, "Vannifar, Evolved Enigma": 3037, "Fog Bank_SB": 998, "Surgical Suite // Hospital Room_SB": 2651, "Talion, the Kindly Lord_SB": 2687, "Extraordinary Journey": 868, "Gold Pan": 1153, "Extraordinary Journey_SB": 869, "Nurturing Pixie_SB": 1878, "Moonshaker Cavalry": 1800, "Balemurk Leech": 164, "Bashful Beastie": 184, "Cackling Slasher": 357, "Defiant Survivor": 631, "Fear of the Dark": 926, "Flesh Burrower": 986, "Give In to Violence": 1107, "Grasping Longneck": 1172, "Horrid Vigor": 1331, "Innocuous Rat": 1377, "Let's Play a Game": 1582, "Wickerfolk Thresher": 3155, "Winter's Intervention": 3167, "Leyline of Transformation": 1592, "Saheeli's Lattice": 2293, "Etali, Primal Storm_SB": 838, "Adamant Will": 13, "Goldvein Pick": 1156, "Moment of Triumph": 1785, "Pilfer": 2024, "Public Thoroughfare": 2080, "Undying Malice": 2950, "Cancel_SB": 371, "Opt_SB": 1911, "Connecting the Dots_SB": 516, "Bushwhack_SB": 355, "Mistbreath Elder_SB": 1770, "Polliwallop_SB": 2043, "Realmbreaker's Grasp_SB": 2151, "Stickytongue Sentinel_SB": 2588, "Tumbleweed Rising_SB": 2907, "Analyze the Pollen_SB": 58, "Makeshift Binding": 1686, "Pelakka Wurm": 1982, "Jump Scare_SB": 1468, "Progenitus_SB": 2071, "Harvestrite Host": 1237, "Cut Short_SB": 581, "Family Reunion_SB": 894, "Annihilating Glare": 75, "Fanatical Offering": 899, "Sword of Wealth and Power": 2667, "Skulduggery": 2453, "Skulduggery_SB": 2454, "Lassoed by the Law": 1559, "Mabel's Mettle": 1668, "Minor Misstep": 1750, "Central Elevator // Promising Stairs": 422, "Creeping Peeper": 551, "Dazzling Theater // Prop Room": 600, "Erratic Apparition": 824, "Fear of Falling": 914, "Lionheart Glimmer": 1615, "Restricted Office // Lecture Hall": 2219, "Stalked Researcher_SB": 2566, "Tunnel Surveyor_SB": 2911, "Ajani, Nacatl Pariah": 37, "Arena of Glory": 107, "Arid Mesa": 112, "Fable of the Mirror-Breaker": 873, "Flooded Strand": 987, "Galvanic Discharge": 1049, "Goblin Bombardment": 1141, "Guide of Souls": 1203, "Marsh Flats": 1706, "Ocelot Pride": 1892, "Phlage, Titan of Fire's Fury": 1998, "Ragavan, Nimble Pilferer": 2107, "Sacred Foundry": 2292, "Showdown of the Skalds": 2421, "Static Prison": 2575, "Thraben Charm": 2811, "Windswept Heath": 3165, "Drannith Magistrate_SB": 720, "Fear, Fire, Foes!_SB": 927, "Obsidian Charmaw_SB": 1888, "Orim's Chant_SB": 1916, "Showdown of the Skalds_SB": 2422, "Stony Silence_SB": 2600, "Surgical Extraction_SB": 2647, "Wear // Tear_SB": 3141, "Archon of Cruelty": 104, "Bloodstained Mire": 247, "Brazen Borrower": 304, "Counterspell": 544, "Faithless Looting": 889, "Fatal Push": 903, "Force of Negation": 1001, "Misty Rainforest": 1772, "Persist": 1987, "Polluted Delta": 2044, "Psychic Frog": 2078, "Scalding Tarn": 2321, "Sink into Stupor": 2441, "Spell Snare": 2523, "Steam Vents": 2577, "Tamiyo, Inquisitive Student": 2688, "Thoughtseize": 2807, "Unearth": 2951, "Watery Grave": 3137, "Consign to Memory_SB": 518, "Fable of the Mirror-Breaker_SB": 874, "Harbinger of the Seas_SB": 1224, "Nihil Spellbomb_SB": 1851, "Stern Scolding_SB": 2587, "Blazing Rootwalla": 230, "Burning Inquiry": 347, "Detective's Phoenix": 658, "Flameblade Adept": 976, "Goblin Lore": 1145, "Hollow One": 1319, "Lightning Bolt": 1602, "Stomping Ground": 2599, "Street Wraith": 2610, "Vengevine": 3048, "Wooded Foothills": 3183, "Cursed Totem_SB": 577, "Meltdown_SB": 1725, "Barbarian Ring": 177, "Eidolon of the Great Revel": 768, "Flare of Duplication": 980, "Goblin Guide": 1144, "Lava Spike": 1565, "Rift Bolt": 2225, "Searing Blaze": 2355, "Skewer the Critics": 2446, "Skullcrack": 2457, "Sunbaked Canyon": 2627, "Ensnaring Bridge_SB": 813, "Faerie Macabre_SB": 884, "Smash to Smithereens_SB": 2481, "Amulet of Vigor": 54, "Arboreal Grazer": 88, "Boseiju, Who Endures": 280, "Crumbling Vestige": 558, "Dryad Arbor": 736, "Dryad of the Ilysian Grove": 739, "Echoing Deeps": 761, "Explore": 858, "Green Sun's Zenith": 1183, "Gruul Turf": 1199, "Hanweir Battlements": 1221, "Lotus Field": 1652, "Mirrorpool": 1760, "Otawara, Soaring City": 1924, "Primeval Titan": 2064, "Scapeshift": 2326, "Shifting Woodland": 2409, "Simic Growth Chamber": 2438, "Summoner's Pact": 2624, "Tolaria West": 2865, "Urza's Cave": 2999, "Urza's Saga": 3002, "Valakut, the Molten Pinnacle": 3008, "Vesuva": 3052, "Bojuka Bog_SB": 260, "Collector Ouphe_SB": 490, "Defense Grid_SB": 630, "Dismember_SB": 675, "Endurance_SB": 797, "Force of Vigor_SB": 1002, "Tireless Tracker_SB": 2851, "Vampires' Vengeance_SB": 3031, "Blood Crypt": 236, "Dwarven Mine": 750, "Indomitable Creativity": 1367, "Jetmir's Garden": 1455, "Prismatic Ending": 2067, "Wrenn and Six": 3190, "Xander's Lounge": 3195, "Boseiju, Who Endures_SB": 281, "Damping Sphere_SB": 585, "Hurkyl's Recall_SB": 1344, "Toxic Deluge_SB": 2880, "Cling to Dust": 478, "Harbinger of the Seas": 1223, "Murktide Regent": 1819, "Preordain": 2059, "Thought Scour": 2804, "Engineered Explosives_SB": 810, "Mystical Dispute_SB": 1824, "Spell Pierce_SB": 2522, "The Meathook Massacre_SB": 2758, "Orcish Bowmasters": 1915, "Godless Shrine": 1152, "Phelia, Exuberant Shepherd": 1997, "Seasoned Pyromancer": 2367, "Thoughtseize_SB": 2808, "Wrath of the Skies_SB": 3186, "Den of the Bugbear": 650, "Devastating Summons": 660, "Foundry Street Denizen": 1018, "Goblin Bushwhacker": 1142, "Goblin Grenade": 1143, "Goblin Piledriver": 1147, "Legion Loyalist": 1577, "Mogg War Marshal": 1776, "Reckless Bushwhacker": 2157, "Skirk Prospector": 2447, "Sokenzan, Crucible of Defiance": 2489, "Blood Moon_SB": 238, "Magus of the Moon_SB": 1680, "Reality Hemorrhage_SB": 2149, "Shattering Spree_SB": 2400, "Tormod's Crypt_SB": 2876, "Ziatora's Proving Ground": 3210, "Terastodon_SB": 2716, "Veil of Summer_SB": 3040, "Consider": 517, "Graveyard Trespasser": 1173, "Exquisite Firecraft_SB": 861, "Searing Blood_SB": 2356, "Tunnel Ignus_SB": 2909, "Chained to the Rocks": 425, "Chained to the Rocks_SB": 426, "Ragavan, Nimble Pilferer_SB": 2108, "Vexing Bauble": 3058, "Colossal Skyturtle_SB": 499, "Generous Ent_SB": 1065, "Grist, the Hunger Tide_SB": 1193, "Hexdrinker_SB": 1291, "Over the Edge_SB": 1936, "Poison Dart Frog_SB": 2041, "Slice from the Shadows": 2474, "Talion, the Kindly Lord": 2686, "Come Back Wrong": 503, "Glassworks // Shattered Yard": 1120, "Beamtown Beatstick": 192, "Celestial Armor": 419, "Diamond Pick-Axe": 666, "Carrot Cake_SB": 389, "Edgewall Inn": 764, "Goliath Hatchery_SB": 1159, "Balmor, Battlemage Captain": 167, "Bria, Riptide Rogue": 315, "Freeze in Place": 1023, "Relic's Roar": 2182, "Run Away Together_SB": 2274, "Scalding Viper_SB": 2323, "Harrier Strix": 1233, "Snaremaster Sprite": 2487, "Hardened Escort": 1229, "Holy Cow": 1321, "Living Phone": 1622, "Unsettling Twins": 2971, "Feather of Flight_SB": 930, "Possessed Goat_SB": 2054, "Raccoon Rallier_SB": 2101, "Rogue's Passage_SB": 2257, "The Jolly Balloon Man_SB": 2752, "Unsettling Twins_SB": 2972, "Heartfire Hero_SB": 1258, "Inti, Seneschal of the Sun_SB": 1391, "Pests of Honor": 1993, "Three Blind Mice": 2819, "Dauntless Dismantler_SB": 592, "Phoenix Chick_SB": 2000, "Gleaming Barrier": 1122, "Gleaming Barrier_SB": 1123, "Solemn Simulacrum_SB": 2491, "Sure Strike_SB": 2642, "Twinferno_SB": 2916, "Ancestors' Aid": 59, "Furious Bellow": 1039, "Ghitu Amplifier": 1084, "Heartfire Immolator": 1259, "Sure Strike": 2641, "Whiskerquill Scribe": 3150, "Brambleguard Captain": 298, "Defabricate": 626, "Fear of Burning Alive": 913, "Iron-Fist Pulverizer": 1435, "Johann, Apprentice Sorcerer": 1462, "Keldon Flamesage": 1498, "Kraum, Violent Cacophony": 1544, "Molten Tributary": 1782, "Nightwhorl Hermit": 1850, "Pyrotechnic Performer": 2088, "Razzle-Dazzler": 2148, "Stop Cold": 2601, "Thopter Mechanic": 2799, "Vesuvan Drifter": 3053, "Involuntary Cooldown_SB": 1431, "Kellan, Planar Trailblazer_SB": 1506, "Mishra's Command_SB": 1766, "Out of Air_SB": 1927, "Plan the Heist_SB": 2034, "Sleight of Hand_SB": 2473, "Trick Shot_SB": 2902, "Violent Urge_SB": 3068, "The Filigree Sylex": 2741, "Halo Hopper": 1218, "Charge of the Mites_SB": 440, "Hellspur Posse Boss_SB": 1274, "Grand Abolisher": 1167, "Unnerving Grasp": 2965, "Fynn, the Fangbearer_SB": 1045, "Harbinger of the Tides": 1225, "Harbinger of the Tides_SB": 1226, "Cat Collector": 402, "Bottomless Pool && Locker Room_SB": 285, "Pile On_SB": 2023, "Growing Rites of Itlimoc": 1195, "Jump Scare": 1467, "Niko, Light of Hope": 1852, "Stalked Researcher": 2565, "Tunnel Surveyor": 2910, "Fear of Isolation_SB": 920, "Season of Gathering": 2359, "Warren Warleader": 3133, "Horrid Vigor_SB": 1332, "Lionheart Glimmer_SB": 1616, "Omnivorous Flytrap_SB": 1908, "Seasoned Warrenguard_SB": 2369, "Into the Roil": 1398, "Into the Roil_SB": 1399, "Ayara, Widow of the Realm": 154, "Arachnoid Adaptation": 85, "Throw from the Saddle": 2831, "Longstalk Brawl_SB": 1637, "Thrill of Possibility_SB": 2829, "Feldon, Ronom Excavator": 940, "Roc Hunter": 2250, "Adventuring Gear_SB": 16, "Fear of Being Hunted_SB": 912, "Vicious Clown_SB": 3063, "Splash Portal_SB": 2546, "Demonic Pact_SB": 647, "Rite of the Dragoncaller_SB": 2235, "Valorous Stance": 3026, "Lodestone Needle": 1630, "Sawblade Skinripper_SB": 2317, "Afterburner Expert": 24, "Draconautics Engineer": 705, "Dredger's Insight": 730, "Loot, the Pathfinder": 1640, "Molt Tender": 1778, "Restless Spire_SB": 2215, "Momentum Breaker": 1787, "Sunbillow Verge": 2628, "Grim Bauble": 1191, "Spell Pierce": 2521, "Defend the Rider": 628, "Hazoret, Godseeker": 1251, "Debris Beetle": 614, "Wastewood Verge": 3136, "Vein Ripper_SB": 3042, "Oildeep Gearhulk": 1894, "Haunt the Network_SB": 1241, "Bartolom\u00e9 del Presidio_SB": 183, "Lunar Convocation_SB": 1661, "Bloodghast": 243, "Valley Rotcaller_SB": 3023, "Oildeep Gearhulk_SB": 1895, "Gleeful Demolition_SB": 1126, "Monument to Endurance": 1798, "Ride's End": 2223, "Bleachbone Verge": 231, "Willowrush Verge": 3161, "Outpace Oblivion_SB": 1933, "Intimidation Tactics": 1393, "Ketramose, the New Dawn": 1511, "Transmutation Font": 2889, "Braided Net_SB": 294, "Cunning Coyote_SB": 571, "Chandra, Spark Hunter_SB": 434, "Explosive Derailment_SB": 860, "Bounce Off": 290, "Greasewrench Goblin": 1175, "Marauding Mako": 1700, "Riverpyre Verge": 2243, "Scrounging Skyray": 2349, "Bounce Off_SB": 291, "Lightwheel Enhancements": 1607, "Grim Bauble_SB": 1192, "Momentum Breaker_SB": 1788, "Tomik, Wielder of Law_SB": 2871, "Engine Rat": 808, "Gonti, Night Minister": 1160, "Perilous Snare": 1985, "Teysa, Opulent Oligarch": 2723, "Memory Guardian": 1726, "Mendicant Core, Guidelight": 1727, "Diversion Unit_SB": 687, "The Aetherspark": 2726, "Brightglass Gearhulk": 318, "Voyager Glidecar": 3105, "Chandra, Spark Hunter": 433, "Intimidation Tactics_SB": 1394, "Optimistic Scavenger_SB": 1913, "Captain Howler, Sea Scourge": 378, "Gastal Thrillroller": 1060, "Mishra's Command": 1765, "Phyrexian Dragon Engine": 2005, "Riptide Gearhulk": 2229, "Transit Mage": 2888, "Diversion Unit": 686, "Muraganda Raceway": 1816, "Nesting Bot": 1838, "Repurposing Bay": 2193, "Lumbering Worldwagon": 1655, "Gastal Thrillroller_SB": 1061, "Lifecraft Engine": 1599, "Mindspring Merfolk": 1749, "Mu Yanling, Wind Rider": 1811, "Caelorna, Coral Tyrant_SB": 360, "Overrun": 1952, "Heliod, the Radiant Dawn": 1270, "Twinblade Blessing": 2914, "The Speed Demon_SB": 2776, "Zephyr Singer_SB": 3207, "Burnout Bashtronaut": 349, "Defend the Rider_SB": 629, "Demonic Junker": 644, "Nexus of Becoming": 1843, "Amonkhet Raceway": 53, "Gastal Thrillseeker": 1062, "The Last Ride": 2755, "The Speed Demon": 2775, "Ancient Vendetta_SB": 63, "Monument to Endurance_SB": 1799, "Quag Feast": 2089, "Gastal Raider_SB": 1059, "Howlsquad Heavy": 1335, "Count on Luck_SB": 543, "Invasion of Regatha_SB": 1419, "Ketramose, the New Dawn_SB": 1512, "Thunderous Velocipede": 2838, "Regal Imperiosaur": 2177, "Intrepid Paleontologist_SB": 1401, "Voyager Glidecar_SB": 3106, "Fuel the Flames": 1030, "Skycrash": 2459, "Broadside Barrage_SB": 330, "Fuel the Flames_SB": 1031, "Locust Spray": 1629, "Riverchurn Monument": 2240, "Agonasaur Rex": 31, "Tyrox, Saurid Tyrant": 2925, "Esoteric Duplicator": 830, "Voyage Home": 3104, "Aether Syphon_SB": 21, "Spectacular Pileup": 2515, "Coalstoke Gearhulk_SB": 482, "Sandstalker Moloch_SB": 2299, "Boosted Sloop": 276, "Broadside Barrage": 329, "Thopter Fabricator_SB": 2798, "Ride's End_SB": 2224, "Thalia and The Gitrog Monster_SB": 2725, "Zahur, Glory's Past": 3204, "Leaf-Crowned Visionary_SB": 1573, "Mossborn Hydra_SB": 1805, "Overrun_SB": 1953, "Painful Quandary_SB": 1961, "Wardens of the Cycle_SB": 3128, "Quag Feast_SB": 2090, "Playful Shove": 2036, "Red Sun's Twilight_SB": 2167, "Perilous Snare_SB": 1986, "Debris Beetle_SB": 615, "Pit Automaton": 2028, "Visage of Dread": 3081, "The Last Ride_SB": 2756, "Visage of Dread_SB": 3082, "Fearless Swashbuckler": 928, "Unctus, Grand Metatect": 2941, "Mishra, Claimed by Gix": 1768, "Bloated Contaminator_SB": 235, "Melira, the Living Cure_SB": 1724, "The Aetherspark_SB": 2727, "Webstrike Elite": 3144, "Webstrike Elite_SB": 3145, "Coiling Rebirth_SB": 486, "Invasion of Mercadia": 1417, "Collision Course_SB": 496, "Gas Guzzler": 1057, "Say Its Name_SB": 2319, "Spectral Interference_SB": 2518, "Stock Up": 2591, "Spectacular Pileup_SB": 2516, "Far Fortune, End Boss": 900, "Flotsam // Jetsam_SB": 991, "Claim Jumper": 468, "Ancient Vendetta": 62, "Full Throttle_SB": 1034, "Loot, the Key to Everything_SB": 1639, "Loot, the Pathfinder_SB": 1641, "Urza's Command_SB": 3000, "Lassoed by the Law_SB": 1560, "Blast Zone_SB": 226, "Basri, Tomorrow's Champion": 187, "Skyseer's Chariot_SB": 2465, "Dive Down": 684, "Engine Rat_SB": 809, "Essence Channeler_SB": 832, "Lunar Insight": 1662, "Jodah, the Unifier_SB": 1460, "Dropkick Bomber": 733, "Coalstoke Gearhulk": 481, "Visage Bandit": 3080, "Waxen Shapethief": 3138, "Dune Drifter": 741, "Rampaging Raptor": 2125, "Agonasaur Rex_SB": 32, "Become Brutes": 196, "The Elder Dragon War_SB": 2734, "Caradora, Heart of Alacria": 382, "Skyseer's Chariot": 2464, "Valor's Flagship": 3024, "Veteran Beastrider": 3055, "Threadbind Clique": 2817, "Twining Twins": 2918, "Boommobile_SB": 273, "Radiant Lotus_SB": 2104, "Boommobile": 272, "Forging the Anchor": 1009, "Radiant Lotus": 2103, "The Mightstone and Weakstone_SB": 2760, "Bloodthorn Flail": 250, "Flamewake Phoenix": 978, "Cryptcaller Chariot_SB": 560, "Volley Veteran": 3097, "Riptide Gearhulk_SB": 2230, "Spiteful Hexmage_SB": 2544, "Riverchurn Monument_SB": 2241, "Clamorous Ironclad": 472, "Furnace Host Charger": 1040, "Alania, Divergent Storm": 45, "Frolicking Familiar": 1027, "Wishing Well": 3172, "Resplendent Angel_SB": 2198, "Cephalopod Sentry": 423, "Thopter Fabricator": 2797, "Haunt the Network": 1240, "Sorcerous Spyglass": 2495, "Demonic Junker_SB": 645, "Redshift, Rocketeer Chief": 2169, "Halana and Alena, Partners_SB": 1212, "Valor's Flagship_SB": 3025, "Stall Out": 2567, "Stall Out_SB": 2568, "Gloryheath Lynx": 1134, "Sovereign Okinec Ahau": 2512, "The Raven Man": 2768, "The Raven Man_SB": 2769, "Broodheart Engine": 331, "Marketback Walker": 1704, "Sab-Sunen, Luxa Embodied": 2290, "Simian Simulacrum": 2437, "Sylvan Scavenging": 2670, "Bat Colony": 188, "Calamitous Cave-In": 361, "Gargantuan Leech": 1052, "Hidden Volcano": 1298, "Promising Vein": 2074, "Boom Box": 271, "Broadcast Rambler": 328, "Possession Engine": 2055, "Leyline Binding_SB": 1586, "Bulwark Ox": 343, "Reluctant Role Model": 2183, "Reluctant Role Model_SB": 2184, "Mold Adder_SB": 1777, "Marketback Walker_SB": 1705, "Daretti, Rocketeer Engineer": 587, "Threefold Thunderhulk": 2826, "Tune Up": 2908, "Meteor Golem_SB": 1732, "Burnout Bashtronaut_SB": 350, "Gastal Raider": 1058, "Oviya, Automech Artisan": 1957, "Market Gnome_SB": 1703, "The Skullspore Nexus_SB": 2774, "Cosmium Confluence": 540, "Festival of Embers": 955, "Hidden Nursery": 1297, "Skycrash_SB": 2460, "Nexus of Becoming_SB": 1844, "Sab-Sunen, Luxa Embodied_SB": 2291, "Earthrumbler": 755, "Collector's Vault_SB": 494, "Thran Spider_SB": 2814, "Akal Pakal, First Among Equals_SB": 41, "Deepfathom Echo": 622, "Forensic Researcher": 1006, "Oko, the Ringleader": 1900, "Chitin Gravestalker": 452, "Starving Revenant_SB": 2573, "Steamcore Scholar_SB": 2579, "Ojer Pakpatiq, Deepest Epoch_SB": 1899, "Thunderous Velocipede_SB": 2839, "Fear of Infinity_SB": 918, "Stock Up_SB": 2592, "Dredger's Insight_SB": 731, "Fauna Shaman_SB": 906, "Barrow Naughty": 181, "Faerie Slumber Party": 887, "Mocking Sprite": 1773, "Spellscorn Coven": 2529, "Talion's Messenger": 2684, "Coerced to Kill": 484, "Etrata, Deadly Fugitive": 843, "Unstoppable Plan_SB": 2975, "Hoarding Broodlord": 1316, "Shadow-Rite Priest": 2392, "Nahiri's Warcrafting_SB": 1827, "Baral and Kari Zev": 176, "Enigma Drake": 811, "Brightfield Glider": 317, "Congregation Gryff": 515, "Giant Beaver": 1092, "Lagorin, Soul of Alacria": 1556, "Miriam, Herd Whisperer": 1754, "Ornery Tumblewagg": 1917, "Trained Arynx": 2881, "Run Over_SB": 2275, "Night Market": 1848, "Carrion Locust_SB": 387, "Stockpiling Celebrant_SB": 2595, "Akal Pakal, First Among Equals": 40, "Forensic Gadgeteer": 1004, "Deduce_SB": 619, "Wreck Remover_SB": 3187, "Fountainport Bell": 1020, "Guidelight Optimizer": 1204, "Oaken Siren": 1880, "Machine Over Matter_SB": 1672, "Spinewoods Paladin": 2538, "Phyrexian Missionary_SB": 2010, "Malcator, Purity Overseer": 1687, "Tranquil Cove_SB": 2885, "Crumb and Get It_SB": 557, "Flame Lash": 975, "Exsanguinate_SB": 863, "Exsanguinate": 862, "Syr Ginger, the Meal Ender_SB": 2673, "Legion Extruder_SB": 1576, "Darksteel Citadel": 591, "Ensoul Artifact": 814, "Riverglide Pathway": 2242, "Shrapnel Blast": 2423, "Smuggler's Copter": 2482, "Voldaren Epicure": 3094, "Aether Gust_SB": 20, "Annul_SB": 76, "Rending Volley_SB": 2187, "Shadowspear_SB": 2393, "Voltage Surge_SB": 3098, "Blightstep Pathway": 233, "Bloodtithe Harvester": 251, "Cauldron Familiar": 407, "Claim the Firstborn": 470, "Deadly Dispute": 608, "Mayhem Devil": 1713, "Overgrown Tomb": 1938, "Witch's Oven": 3175, "Ob Nixilis, the Adversary_SB": 1884, "Unlicensed Hearse_SB": 2962, "Clearwater Pathway": 475, "Fetid Pools": 956, "Field of Ruin": 957, "Geier Reach Sanitarium": 1064, "Hive of the Eye Tyrant": 1315, "Narset, Parter of Veils": 1828, "Omen of the Sea": 1904, "Shipwreck Marsh": 2411, "Takenuma, Abandoned Mire": 2683, "The Meathook Massacre": 2757, "Urborg, Tomb of Yawgmoth": 2996, "Yorion, Sky Nomad": 3199, "Extinction Event_SB": 865, "Yorion, Sky Nomad_SB": 3200, "Blade of the Oni": 219, "Mutavault": 1821, "Hidetsugu Consumes All_SB": 1301, "Go Blank_SB": 1138, "Invoke Despair_SB": 1430, "Breeding Pool": 314, "Enigmatic Incarnation": 812, "Indatha Triome": 1366, "Linvala, the Preserver": 1614, "Savai Triome": 2311, "Skyclave Apparition": 2458, "Spara's Headquarters": 2513, "Vanishing Verse": 3035, "Zagoth Triome": 3203, "Archon of Emeria_SB": 105, "Knockout Blow_SB": 1531, "Ruric Thar, the Unbowed_SB": 2281, "Thought Distortion_SB": 2803, "Cragcrown Pathway": 547, "Ramunap Ruins": 2127, "Reckless Rage": 2160, "Soul-Scar Mage": 2504, "Experimental Frenzy_SB": 857, "Hazoret the Fervent_SB": 1250, "Redcap Melee_SB": 2168, "Extinction Event": 864, "Anger of the Gods_SB": 67, "Fatal Push_SB": 904, "Gifted Aetherborn_SB": 1097, "Claim // Fame": 467, "Infuriate": 1372, "Kumano Faces Kakkazan": 1550, "Claim the Firstborn_SB": 471, "Grafdigger's Cage_SB": 1166, "Castle Locthwain": 401, "Hall of Storm Giants": 1213, "Paradoxical Outcome": 1968, "Ashiok, Dream Render_SB": 121, "Weathered Runestone_SB": 3143, "Collective Brutality": 488, "Faithful Mending": 888, "Greasefang, Okiba Boss": 1174, "Hallowed Fountain": 1215, "Parhelion II": 1970, "Raffine's Tower": 2106, "Shattered Sanctum": 2399, "Skysovereign, Consul Flagship": 2466, "Stubborn Denial": 2617, "Tainted Indulgence": 2677, "Deafening Silence_SB": 610, "Dovin's Veto_SB": 703, "Silence_SB": 2430, "Vanishing Verse_SB": 3036, "Krenko's Buzzcrusher": 1545, "Arclight Phoenix": 106, "Fiery Impulse": 963, "Izzet Charm": 1444, "Lightning Axe": 1601, "Prismari Command": 2065, "Spikefield Hazard": 2535, "Stormcarved Coast": 2603, "Treasure Cruise": 2894, "Dawnwing Marshal": 595, "Bishop of Wings": 209, "Branchloft Pathway": 300, "Cave of the Frost Dragon": 411, "Collected Company": 487, "Eiganjo, Seat of the Empire": 769, "Nykthos, Shrine to Nyx": 1879, "Overgrown Farmland": 1937, "Portable Hole": 2049, "Resplendent Marshal": 2199, "Righteous Valkyrie": 2227, "Temple Garden": 2701, "Archon of Absolution_SB": 103, "Brave the Elements_SB": 302, "Brutal Cathar_SB": 338, "Heroic Intervention_SB": 1288, "Reidane, God of the Worthy_SB": 2178, "Shapers' Sanctuary_SB": 2395, "Colossus Hammer": 500, "Eldritch Evolution": 772, "Mana Confluence": 1693, "Raffine's Informant": 2105, "Sigarda's Aid": 2428, "Soulflayer": 2506, "Sylvan Caryatid": 2669, "Bloodline Culling_SB": 246, "Collective Brutality_SB": 489, "Portable Hole_SB": 2050, "Cavalier of Thorns": 410, "Elvish Mystic": 789, "Kiora, Behemoth Beckoner": 1515, "Lair of the Hydra": 1557, "Leyline of the Guildpact": 1593, "Oath of Nissa": 1882, "Old-Growth Troll": 1902, "Storm the Festival": 2602, "Ulvenwald Oddity": 2935, "Arasta of the Endless Web_SB": 87, "Emrakul, the Promised End_SB": 796, "Setessan Petitioner_SB": 2391, "Burner Rocket": 346, "Cloudspire Skycycle": 480, "Dynamite Diver": 754, "Guidelight Synergist": 1205, "Kolodin, Triumph Caster": 1536, "Count on Luck": 542, "Frenzied Goblin": 1024, "Doubling Season_SB": 701, "Fanatical Firebrand_SB": 898, "Howlsquad Heavy_SB": 1336, "Reckless Lackey_SB": 2159, "Rundvelt Hordemaster_SB": 2277, "District Mascot": 680, "Shivan Devastator": 2412, "Zimone, Paradox Sculptor": 3212, "Tyvar, the Pummeler_SB": 2934, "Zopandrel, Hunger Dominus_SB": 3216, "Aurelia, the Warleader": 145, "Gilded Ghoda": 1100, "Ledger Shredder": 1574, "Brazen Borrower_SB": 305, "Prismari Command_SB": 2066, "Ashiok, Nightmare Muse_SB": 122, "Foreboding Ruins": 1003, "Invoke Despair": 1429, "Kroxa, Titan of Death's Hunger": 1549, "Kolaghan's Command_SB": 1535, "Haunted Ridge": 1243, "Bonecrusher Giant": 265, "Burning-Tree Emissary": 348, "Chandra, Torch of Defiance": 435, "Collision // Colossus": 495, "Gruul Spellbreaker": 1198, "Kami's Flare": 1482, "Pelt Collector": 1983, "Voltaic Brawler": 3099, "Zhur-Taa Goblin": 3209, "Bonecrusher Giant_SB": 266, "Chandra, Torch of Defiance_SB": 436, "Cindervines_SB": 462, "Kami's Flare_SB": 1483, "Roiling Vortex_SB": 2258, "Barrier Breach_SB": 180, "Leyline of Sanctity_SB": 1591, "Furnace Punisher_SB": 1041, "Rocky Roads": 2254, "Lumbering Worldwagon_SB": 1656, "Cosmic Rebirth_SB": 539, "Mondrak, Glory Dominus_SB": 1793, "Become Brutes_SB": 197, "Drake Hatcher_SB": 718, "Eddymurk Crab_SB": 763, "Goblin Oriflamme": 1146, "Cindering Cutthroat_SB": 461, "Ravine Raider_SB": 2141, "Risky Shortcut_SB": 2232, "Spin Out_SB": 2536, "Steampath Charger_SB": 2580, "Devouring Sugarmaw": 661, "Amalia Benavides Aguirre_SB": 51, "Elas il-Kor, Sadistic Pilgrim_SB": 771, "Fiendish Panda_SB": 959, "Knight of Dawn's Light_SB": 1524, "Mimeoplasm, Revered One": 1746, "Etched Familiar": 840, "Spectral Interference": 2517, "Winter, Cursed Rider": 3169, "Streetwise Negotiator_SB": 2611, "Divine Resilience": 688, "Greenhouse // Rickety Gazebo": 1184, "Silken Strength": 2433, "Map the Frontier": 1697, "Realm-Scorcher Hellkite": 2150, "Spyglass Siren_SB": 2557, "Sentinel of Lost Lore_SB": 2382, "Herd Migration_SB": 1284, "Kykar, Zephyr Awakener": 1555, "Lathril, Blade of the Elves_SB": 1562, "Armored Armadillo_SB": 115, "Gixian Infiltrator_SB": 1114, "Gloryheath Lynx_SB": 1135, "Threefold Thunderhulk_SB": 2827, "Primeval Bounty": 2062, "Cryptcaller Chariot": 559, "Rangers' Refueler": 2128, "Steel Hellkite_SB": 2581, "Mindsparker_SB": 1747, "Cursed Recording_SB": 576, "Thirsting Roots": 2793, "Gigantosaurus": 1098, "Llanowar Stalker": 1627, "Ghalta, Primal Hunger_SB": 1081, "Gigantosaurus_SB": 1099, "Disenchant": 670, "Captain Howler, Sea Scourge_SB": 379, "Karn, Living Legacy_SB": 1486, "Quaketusk Boar": 2091, "The Stasis Coffin": 2777, "Kellan Joins Up": 1500, "Ovika, Enigma Goliath_SB": 1956}}