{"vocabulary": {"Archangel of Wrath": 97, "Atraxa, Grand Unifier": 141, "Brushland": 341, "Cavern of Souls": 415, "Fabled Passage": 879, "Forest": 1012, "Get Lost": 1078, "Heaped Harvest": 1258, "Hedge Maze": 1269, "Herd Migration": 1286, "Island": 1440, "Leyline Binding": 1586, "Lush Portico": 1666, "Meticulous Archive": 1735, "Mountain": 1810, "Nissa, Ascended Animist": 1860, "Plains": 2037, "Sunfall": 2638, "Swamp": 2662, "Temporary Lockdown": 2721, "Up the Beanstalk": 2994, "Beza, the Bounding Spring_SB": 207, "Get Lost_SB": 1079, "Invasion of Tolvada_SB": 1430, "Jace, the Perfected Mind_SB": 1452, "Negate_SB": 1840, "Obstinate Baloth_SB": 1895, "Temporary Lockdown_SB": 2722, "Tranquil Frillback_SB": 2893, "Blooming Marsh": 257, "Cut Down": 583, "Demolition Field": 644, "Fountainport": 1024, "Freestrider Lookout": 1027, "Gix's Command": 1112, "Go for the Throat": 1142, "Iridescent Vinelasher": 1436, "Liliana of the Veil": 1610, "Llanowar Wastes": 1628, "Lumra, Bellow of the Woods": 1660, "Mosswood Dreadknight": 1808, "Restless Cottage": 2211, "Sentinel of the Nameless City": 2390, "Sheoldred, the Apocalypse": 2413, "Tear Asunder": 2703, "Virtue of Persistence": 3084, "Anoint with Affliction_SB": 79, "Breach the Multiverse_SB": 312, "Choking Miasma_SB": 457, "Duress_SB": 746, "Hostile Investigator_SB": 1337, "Tear Asunder_SB": 2704, "Archangel Elspeth": 93, "Battlefield Forge": 192, "Caretaker's Talent": 386, "Carrot Cake": 391, "Destroy Evil": 660, "Elegant Parlor": 777, "Elspeth's Smite": 786, "Inspiring Vantage": 1392, "Lightning Helix": 1604, "Mirrex": 1757, "Restless Bivouac": 2209, "Sunken Citadel": 2641, "Torch the Tower": 2878, "Urabrask's Forge": 2997, "Brotherhood's End_SB": 339, "Destroy Evil_SB": 661, "Grand Abolisher_SB": 1172, "Loran of the Third Path_SB": 1643, "Rest in Peace_SB": 2206, "Urabrask's Forge_SB": 2998, "Copperline Gorge": 533, "Emberheart Challenger": 796, "Heartfire Hero": 1260, "Innkeeper's Talent": 1378, "Karplusan Forest": 1489, "Manifold Mouse": 1697, "Might of the Meek": 1743, "Monastery Swiftspear": 1792, "Monstrous Rage": 1798, "Questing Druid": 2096, "Restless Ridgeline": 2217, "Rockface Village": 2257, "Shock": 2422, "Slickshot Show-Off": 2485, "Snakeskin Veil": 2494, "Witchstalker Frenzy": 3187, "Obliterating Bolt_SB": 1891, "Pick Your Poison_SB": 2023, "Questing Druid_SB": 2097, "Scorching Shot_SB": 2341, "Snakeskin Veil_SB": 2495, "Tectonic Hazard_SB": 2706, "Torch the Tower_SB": 2879, "Aclazotz, Deepest Betrayal": 11, "Darkslick Shores": 592, "Deep-Cavern Bat": 624, "Ertai Resurrected": 829, "Faerie Mastermind": 889, "Gix, Yawgmoth Praetor": 1114, "Kaito, Dancing Shadow": 1479, "Phantom Interference": 2000, "Preacher of the Schism": 2063, "Restless Reef": 2215, "Shoot the Sheriff": 2424, "Spyglass Siren": 2565, "Tishana's Tidebinder": 2858, "Underground River": 2955, "Aclazotz, Deepest Betrayal_SB": 12, "Cut Down_SB": 584, "Disdainful Stroke_SB": 673, "Disfigure_SB": 676, "Gix's Command_SB": 1113, "Harvester of Misery_SB": 1239, "Malicious Eclipse_SB": 1694, "Tishana's Tidebinder_SB": 2859, "Beza, the Bounding Spring": 206, "Lay Down Arms": 1569, "Restless Fortress": 2213, "Sanguine Evangelist": 2308, "Shadowy Backstreet": 2401, "Virtue of Loyalty": 3082, "Kaya, Intangible Slayer_SB": 1493, "Serra Paragon_SB": 2394, "Soul Search_SB": 2509, "Blackcleave Cliffs": 220, "Callous Sell-Sword": 371, "Demonic Ruckus": 652, "Mirran Banesplitter": 1756, "Restless Vents": 2221, "Sulfurous Springs": 2630, "Two-Headed Hunter": 2929, "Furnace Reins_SB": 1049, "Pilfer_SB": 2030, "Witchstalker Frenzy_SB": 3188, "Anoint with Affliction": 78, "Plumecreed Escort": 2043, "Three Steps Ahead": 2828, "Liliana of the Veil_SB": 1611, "Charming Scoundrel": 445, "Hired Claw": 1316, "Lightning Strike": 1606, "Mishra's Foundry": 1768, "Obliterating Bolt": 1890, "Sunspine Lynx": 2646, "Abrade_SB": 4, "Blooming Blast_SB": 256, "Koth, Fire of Resistance_SB": 1542, "Rampaging Raptor_SB": 2131, "Rockface Village_SB": 2258, "Soul-Guide Lantern_SB": 2512, "Bushwhack": 358, "Duress": 745, "Hostile Investigator": 1336, "Outcaster Trailblazer": 1935, "Phyrexian Obliterator": 2016, "Sheoldred's Edict": 2411, "Tail Swipe": 2683, "Nissa, Ascended Animist_SB": 1861, "The Stone Brain_SB": 2787, "Cache Grab": 360, "Calamitous Cave-In": 365, "Captivating Cave": 384, "Cavernous Maw": 417, "Forgotten Monument": 1015, "Gargantuan Leech": 1058, "Hearth Elemental": 1265, "Hidden Nursery": 1300, "Promising Vein": 2079, "Seed of Hope": 2378, "Tolarian Terror": 2872, "Urborg Repossession": 3000, "Dreams of Steel and Oil_SB": 732, "Up the Beanstalk_SB": 2995, "Harvester of Misery": 1238, "Inti, Seneschal of the Sun": 1393, "Thran Portal": 2819, "Tyvar's Stand": 2936, "Torch the Witness_SB": 2881, "Caves of Koilos": 418, "Concealed Courtyard": 513, "Legions to Ashes": 1579, "Loran of the Third Path": 1642, "Season of the Burrow": 2371, "Zoraline, Cosmos Caller": 3228, "Cruelclaw's Heist_SB": 560, "Elspeth's Smite_SB": 787, "Sunfall_SB": 2639, "Fortune, Loyal Steed": 1019, "Frontier Seeker": 1035, "Imodane's Recruiter": 1359, "The Eternal Wanderer": 2747, "Boon-Bringer Valkyrie_SB": 278, "Imodane's Recruiter_SB": 1360, "Sunder the Gateway_SB": 2637, "Kaito, Dancing Shadow_SB": 1480, "Royal Treatment": 2272, "Pawpatch Formation_SB": 1981, "Sunspine Lynx_SB": 2647, "Caustic Bronco": 411, "Bonehoard Dracosaur_SB": 271, "Season of the Burrow_SB": 2372, "Virtue of Loyalty_SB": 3083, "Pawpatch Recruit": 1982, "Caught in the Crossfire_SB": 409, "Phyrexian Fleshgorger": 2012, "Go for the Throat_SB": 1143, "Pest Control_SB": 1995, "Sheoldred's Edict_SB": 2412, "Adarkar Wastes": 15, "Deduce": 622, "Negate": 1839, "No More Lies": 1864, "Restless Anchorage": 2207, "Seachrome Coast": 2357, "Spellgyre": 2536, "Teferi, Temporal Pilgrim": 2708, "Kutzil's Flanker_SB": 1553, "See Double_SB": 2377, "Kaya, Spirits' Justice": 1494, "Legions to Ashes_SB": 1580, "Steel Seraph": 2590, "Elesh Norn, Mother of Machines_SB": 783, "Case of the Gateway Express": 396, "Gleeful Demolition": 1128, "Knight-Errant of Eos": 1530, "Novice Inspector": 1877, "Resolute Reinforcements": 2201, "Shivan Reef": 2421, "Spirebluff Canal": 2550, "Warden of the Inner Sky": 3134, "Warleader's Call": 3139, "Yotian Frontliner": 3212, "Protect the Negotiators_SB": 2082, "Requisition Raid_SB": 2200, "Fireglass Mentor": 977, "Flamecache Gecko": 982, "Gev, Scaled Scorch": 1084, "Laughing Jasper Flint": 1564, "Mudflat Village": 1814, "Thought-Stalker Warlock": 2812, "Valley Flamecaller": 3025, "Glistening Deluge_SB": 1135, "Long Goodbye_SB": 1633, "Scales of Shale_SB": 2330, "Lord Skitter, Sewer King": 1647, "Tocasia's Welcome_SB": 2870, "Invasion of Gobakhan_SB": 1414, "Lightning Helix_SB": 1605, "Bitter Triumph": 217, "Forsaken Miner": 1017, "Deep-Cavern Bat_SB": 625, "Audacity": 143, "Cacophony Scamp": 362, "Giant Growth": 1100, "Dreadmaw's Ire": 726, "Sugar Rush": 2628, "Archfiend of the Dross": 101, "Kaervek, the Punisher": 1473, "Tinybones, the Pickpocket": 2855, "Vraska, Betrayal's Sting": 3120, "Chimil, the Inner Sun_SB": 454, "Sheoldred_SB": 2415, "Virtue of Persistence_SB": 3085, "Jace, the Perfected Mind": 1451, "Case of the Crimson Pulse_SB": 394, "Glissa Sunslayer": 1132, "Sheoldred, the Apocalypse_SB": 2414, "Nurturing Pixie": 1882, "Goddric, Cloaked Reveler": 1153, "Squee, Dubious Monarch": 2567, "Lithomantic Barrage_SB": 1619, "Not on My Watch_SB": 1876, "Chimil, the Inner Sun": 453, "No Witnesses": 1868, "Phyrexian Vindicator": 2019, "Surge of Salvation": 2652, "Urza's Sylex": 3011, "White Sun's Twilight": 3164, "Disenchant_SB": 674, "Phyrexian Vindicator_SB": 2020, "The Eternal Wanderer_SB": 2748, "Scales of Shale": 2329, "Aftermath Analyst": 25, "Escape Tunnel": 833, "Evolving Wilds": 851, "Nissa, Resurgent Animist": 1862, "Pillage the Bog": 2031, "Pitiless Carnage": 2034, "Spelunking": 2539, "Glissa Sunslayer_SB": 1133, "Terror Tide_SB": 2730, "Titania, Voice of Gaea_SB": 2863, "Abrade": 3, "Bitter Reunion": 215, "Brotherhood's End": 338, "Capricious Hellraiser": 381, "Fires of Victory": 978, "Horned Loch-Whale": 1332, "Ill-Timed Explosion": 1356, "Ral, Crackling Wit": 2127, "Restless Spire": 2219, "Season of Weaving": 2368, "Thundering Falls": 2842, "Faerie Mastermind_SB": 890, "Frolicking Familiar_SB": 1034, "Nahiri's Warcrafting_SB": 1830, "Shifting Grift_SB": 2416, "Azure Beastbinder": 159, "Karumonix, the Rat King": 1491, "Lilypad Village": 1614, "Nezumi Informant": 1850, "Patchwork Banner": 1978, "Persistent Marshstalker": 1993, "Pile On": 2027, "Shoreline Looter": 2428, "Vren, the Relentless": 3123, "Thought-Stalker Warlock_SB": 2813, "Innkeeper's Talent_SB": 1379, "Wrenn and Realmbreaker_SB": 3200, "Feed the Cycle": 938, "Caustic Bronco_SB": 412, "Anim Pakal, Thousandth Moon": 68, "Requisition Raid": 2199, "Anointed Peacekeeper_SB": 81, "Aven Interrupter_SB": 152, "Song of Totentanz_SB": 2503, "Malcolm, Alluring Scoundrel": 1690, "Malicious Eclipse": 1693, "Saheeli, Filigree Master": 2299, "Analyze the Pollen": 57, "Tranquil Frillback": 2892, "Underground Mortuary": 2954, "The Cruelty of Gix_SB": 2740, "Mockingbird": 1775, "Disfigure": 675, "Thrun, Breaker of Silence_SB": 2840, "Case of the Filched Falcon": 395, "Cryptic Coat": 566, "Norn's Inquisitor": 1872, "Regal Bunnicorn": 2178, "Subterranean Schooner": 2626, "Zoetic Glyph": 3224, "Glass Casket_SB": 1122, "Chrome Host Seedshark_SB": 459, "Lay Down Arms_SB": 1570, "Scrapshooter_SB": 2345, "The End_SB": 2745, "The Gitrog, Ravenous Ride_SB": 2752, "Outrageous Robbery_SB": 1941, "Honest Rutstein": 1326, "Lazav, Wearer of Faces": 1572, "Marchesa, Dealer of Death": 1703, "Plaza of Heroes": 2042, "Relic of Legends": 2186, "Rona, Herald of Invasion": 2266, "Tinybones Joins Up": 2852, "Kaervek, the Punisher_SB": 1474, "Bristly Bill, Spine Sower": 331, "Arid Archway": 112, "Calamity, Galloping Inferno": 367, "Commercial District": 509, "Glimpse the Core": 1131, "Map the Frontier": 1699, "Roxanne, Starfall Savant": 2270, "Smuggler's Surprise": 2492, "Spinewoods Armadillo": 2546, "Terror of the Peaks": 2731, "Trumpeting Carnosaur": 2911, "Vaultborn Tyrant": 3046, "Etali, Primal Conqueror_SB": 841, "Long Goodbye": 1632, "Scrapshooter": 2344, "Wear Down_SB": 3152, "Faerie Dreamthief": 886, "Spell Stutter": 2533, "Chrome Host Seedshark": 458, "Sunder the Gateway": 2636, "Dust Animus_SB": 751, "War Squeak": 3132, "Cavern of Souls_SB": 416, "Bandit's Talent": 173, "Hopeless Nightmare": 1330, "Rottenmouth Viper": 2268, "Scoured Barrens": 2343, "Tithing Blade": 2864, "Bitter Triumph_SB": 218, "Carrot Cake_SB": 392, "Dreams of Steel and Oil": 731, "Vadmir, New Blood": 3015, "Twinferno": 2921, "Ancient Cornucopia": 61, "Doppelgang": 701, "Kogla and Yidaro": 1533, "Nahiri's Warcrafting": 1829, "Pawpatch Formation": 1980, "Raucous Theater": 2143, "Yavimaya Coast": 3207, "Change the Equation_SB": 441, "Doppelgang_SB": 702, "Coruscation Mage": 540, "Elusive Otter": 789, "Kitsa, Otterball Elite": 1522, "Pearl of Wisdom": 1984, "Sleight of Hand": 2480, "Slick Sequence": 2484, "Stormcatch Mentor": 2612, "Stormchaser's Talent": 2613, "Thundertrap Trainer": 2846, "Valley Floodcaller": 3026, "Explosive Derailment_SB": 864, "Into the Flood Maw_SB": 1400, "Season of the Bold_SB": 2370, "Shore Up_SB": 2427, "Three Steps Ahead_SB": 2829, "Case of the Locked Hothouse": 398, "Clifftop Lookout": 480, "Goldvein Hydra": 1157, "Railway Brawler": 2117, "Silverback Elder": 2443, "Tender Wildguide": 2723, "Thornvault Forager": 2808, "Tyrranax Rex": 2933, "Virtue of Strength": 3086, "Vorinclex": 3111, "Wrenn and Realmbreaker": 3199, "Fecund Greenshell_SB": 936, "High Noon_SB": 1309, "Hunter's Talent_SB": 1346, "Melira, the Living Cure_SB": 1726, "Plains_SB": 2038, "Portal to Phyrexia_SB": 2057, "Tail Swipe_SB": 2684, "White Sun's Twilight_SB": 3165, "Eluge, the Shoreless Sea": 788, "Haughty Djinn": 1241, "Into the Flood Maw": 1399, "Intrude on the Mind": 1405, "Long River's Pull": 1635, "Lost in the Maze": 1651, "Freeze in Place_SB": 1029, "Horned Loch-Whale_SB": 1333, "Torpor Orb_SB": 2883, "Braids, Arisen Nightmare": 298, "Guardian of Ghirapur": 1203, "Lively Dirge": 1621, "Ruthless Lawbringer": 2291, "The Witch's Vanity": 2795, "Bandit's Talent_SB": 174, "Quintorius Kand_SB": 2101, "Agatha's Soul Cauldron": 29, "Botanical Sanctum": 286, "Fallaji Archaeologist": 896, "Insidious Roots": 1387, "Kami of Whispered Hopes": 1484, "Osteomancer Adept": 1929, "Skyfisher Spider": 2469, "Sleep-Cursed Faerie": 2479, "Tyvar, Jubilant Brawler": 2938, "Undercity Sewers": 2952, "Voldaren Thrillseeker": 3103, "Cankerbloom_SB": 379, "Haywire Mite_SB": 1250, "Keen-Eyed Curator_SB": 1499, "Shoot the Sheriff_SB": 2425, "Starfall Invocation_SB": 2579, "No Witnesses_SB": 1869, "Trash the Town_SB": 2899, "Doorkeeper Thrull_SB": 700, "Meeting of Minds": 1724, "Stoke the Flames": 2606, "Phantom Interference_SB": 2001, "Jungle Hollow": 1472, "Blot Out_SB": 261, "Urgent Necropsy_SB": 3006, "Koth, Fire of Resistance": 1541, "Chandra, Hope's Beacon_SB": 435, "Manifold Mouse_SB": 1698, "Might of the Meek_SB": 1744, "Ajani, Sleeper Agent": 38, "Annex Sentry": 71, "Bilious Skulldweller": 208, "Bloated Contaminator": 237, "Charge of the Mites": 442, "Crawling Chorus": 555, "Grafted Butcher": 1170, "Razorverge Thicket": 2152, "Skrelv, Defector Mite": 2459, "Skrelv's Hive": 2457, "Slaughter Singer": 2478, "The Seedcore": 2781, "Venerated Rotpriest": 3051, "Venser, Corpse Puppet": 3058, "Agatha's Soul Cauldron_SB": 30, "Ajani, Sleeper Agent_SB": 39, "Charge of the Mites_SB": 443, "Contagious Vorrac_SB": 527, "Ertai Resurrected_SB": 830, "Necrogen Rotpriest_SB": 1838, "Phyrexian Censor_SB": 2009, "Phyrexian Missionary_SB": 2015, "Undercity Upheaval_SB": 2953, "Burrowguard Mentor": 355, "Finneas, Ace Archer": 975, "Hop to It": 1327, "Lupinflower Village": 1664, "Oakhollow Village": 1886, "Seasoned Warrenguard": 2374, "Valley Mightcaller": 3028, "Valley Questcaller": 3029, "Warren Warleader": 3142, "Dewdrop Cure_SB": 668, "Parting Gust_SB": 1977, "Royal Treatment_SB": 2273, "Sandstalker Moloch_SB": 2304, "Battle-Rage Blessing": 191, "Blazing Crescendo": 231, "Builder's Talent": 344, "Three Blind Mice": 2826, "Karn's Sylex_SB": 1487, "Realmbreaker, the Invasion Tree_SB": 2158, "Ezrim, Agency Chief": 875, "Ezrim, Agency Chief_SB": 876, "Argoth, Sanctum of Nature": 111, "Elesh Norn, Mother of Machines": 782, "Founding the Third Path": 1021, "Outrageous Robbery": 1940, "Picklock Prankster": 2024, "Portal to Phyrexia": 2056, "Squirming Emergence": 2569, "The Cruelty of Gix": 2739, "Titania, Voice of Gaea": 2862, "Wail of the Forgotten": 3125, "Bonecache Overseer": 267, "Curious Forager": 579, "Rubblebelt Maverick": 2274, "Snarling Gorehound": 2497, "Huskburster Swarm_SB": 1350, "Pile On_SB": 2028, "Coiling Rebirth": 488, "Etali, Primal Conqueror": 840, "Push // Pull": 2089, "The Infamous Cruelclaw": 2757, "Vein Ripper": 3049, "Phyrexian Arena_SB": 2007, "Ash, Party Crasher": 122, "Case of the Uneaten Feast": 403, "Legion Extruder": 1576, "Market Gnome": 1704, "Mishra's Command": 1766, "Mondrak, Glory Dominus": 1794, "Dusk Rose Reliquary_SB": 749, "Metropolis Reformer_SB": 1738, "Ossification_SB": 1928, "Back for Seconds": 161, "Bloodletter of Aclazotz": 247, "Cryptex": 565, "Diabolic Intent": 669, "Insatiable Avarice": 1383, "Molten Duplication": 1782, "Phyrexian Arena": 2006, "Phyrexian Dragon Engine": 2010, "Rush of Dread": 2287, "Hearthborn Battler_SB": 1268, "Knight of Dusk's Shadow_SB": 1527, "Magda, the Hoardmaster_SB": 1677, "Neutralize the Guards_SB": 1847, "Slice from the Shadows_SB": 2483, "Bring the Ending": 325, "Experimental Augury": 859, "Jawbone Duelist": 1455, "Serum Snare": 2395, "Annex Sentry_SB": 72, "Bring the Ending_SB": 326, "Krenko's Buzzcrusher_SB": 1547, "Chart a Course": 449, "Helping Hand": 1279, "Moment of Truth": 1787, "Monastery Mentor": 1790, "Recommission": 2168, "Shore Up": 2426, "Soul Partition": 2506, "Soul Partition_SB": 2507, "Terror Tide": 2729, "Gingerbrute": 1105, "Hard-Hitting Question": 1230, "Kitesail Larcenist": 1519, "Lavaspur Boots": 1567, "Lost Jitte": 1649, "Restless Vinestalk": 2222, "Surge Engine": 2650, "Teething Wurmlet": 2707, "Tough Cookie": 2884, "Hard-Hitting Question_SB": 1231, "Kitesail Larcenist_SB": 1520, "Repulsive Mutation_SB": 2197, "Tarrian's Soulcleaver_SB": 2700, "Blacksmith's Talent": 221, "Brambleguard Captain": 301, "Cheeky House-Mouse": 451, "Flowerfoot Swordmaster": 1000, "Mabel, Heir to Cragflame": 1670, "Raging Battle Mouse": 2116, "Seedglaive Mentor": 2379, "Whiskervale Forerunner": 3161, "Callous Sell-Sword_SB": 372, "Case of the Gateway Express_SB": 397, "Dawn's Truce_SB": 598, "Rabid Gnaw_SB": 2105, "Warleader's Call_SB": 3140, "Bonny Pall, Clearcutter_SB": 273, "Loran's Escape": 1644, "Nettle Guard": 1844, "Rabid Gnaw": 2104, "Jaya, Fiery Negotiator_SB": 1457, "Loran's Escape_SB": 1645, "Deadly Cover-Up": 610, "Kaya, Intangible Slayer": 1492, "Urgent Necropsy": 3005, "Voldaren Thrillseeker_SB": 3104, "Ego Drain": 769, "Faerie Fencing": 887, "Invasion of Amonkhet": 1406, "Obyra, Dreaming Duelist": 1896, "Season of Loss": 2366, "Invasion of Amonkhet_SB": 1407, "Season of Loss_SB": 2367, "Spell Stutter_SB": 2534, "Talion's Messenger_SB": 2693, "Misery's Shadow": 1764, "Fugitive Codebreaker": 1038, "Smash to Dust_SB": 2489, "Scorching Shot": 2340, "Wrenn's Resolve": 3202, "Parting Gust": 1976, "Flowstone Infusion": 1001, "Chandra, Hope's Beacon": 434, "Collector's Vault": 496, "One with the Multiverse": 1915, "Repair and Recharge": 2193, "Stern Lesson": 2594, "Blanchwood Prowler": 225, "Cruel Somnophage": 558, "Glarb, Calamity's Augur": 1119, "Gnawing Vermin": 1140, "Hollow Marauder": 1321, "Overwhelming Remorse": 1960, "Souls of the Lost": 2517, "Urborg Lhurgoyf": 2999, "Soulless Jailer_SB": 2516, "Surge of Salvation_SB": 2653, "Bonny Pall, Clearcutter": 272, "Deadly Cover-Up_SB": 611, "Barbed Batterfist": 180, "Magebane Lizard": 1678, "Ravine Raider": 2145, "Valley Rotcaller": 3030, "Magebane Lizard_SB": 1679, "Archangel Elspeth_SB": 94, "Greedy Freebooter": 1184, "Mephitic Draught": 1730, "Scavenger's Talent": 2334, "Spiteful Hexmage": 2552, "Tarrian's Journal": 2699, "Annihilating Glare_SB": 76, "Demolition Field_SB": 645, "Hopeless Nightmare_SB": 1331, "Legion Extruder_SB": 1577, "The Witch's Vanity_SB": 2796, "Tithing Blade_SB": 2865, "Lord Skitter's Butcher": 1646, "Rat Out": 2136, "Three Tree City": 2830, "Obstinate Baloth": 1894, "Return from the Wilds": 2225, "Warren Warleader_SB": 3143, "Hunter's Talent": 1345, "Quirion Beastcaller": 2102, "Shock_SB": 2423, "Blast Zone": 228, "The Filigree Sylex_SB": 2751, "The Irencrag": 2759, "Axebane Ferox": 154, "Evolving Adaptive": 850, "Flourishing Bloom-Kin": 997, "Keen-Eyed Curator": 1498, "Tyvar's Stand_SB": 2937, "Tocasia's Welcome": 2869, "Bonehoard Dracosaur": 270, "Delney, Streetwise Lookout": 642, "Skrelv's Hive_SB": 2458, "Corrupted Conviction": 537, "Splash Portal": 2554, "Wick, the Whorled Mind": 3166, "Lord Skitter, Sewer King_SB": 1648, "Sorcerous Spyglass_SB": 2505, "Fake Your Own Death": 894, "Combat Courier": 504, "Diamond Pick-Axe": 670, "Gleaming Geardrake": 1127, "Unctus's Retrofitter": 2947, "Cryptic Coat_SB": 567, "Sword of Vengeance": 2674, "Agate Assault_SB": 27, "Brambleguard Captain_SB": 302, "Ojer Axonil, Deepest Might_SB": 1902, "Scytheclaw Raptor_SB": 2356, "Narset, Enlightened Exile": 1831, "Spring-Loaded Sawblades": 2562, "No More Lies_SB": 1865, "Werefox Bodyguard_SB": 3158, "Invasion of Tolvada": 1429, "Assassin's Trophy_SB": 133, "Atraxa, Grand Unifier_SB": 142, "Assassin's Trophy": 132, "Stoic Sphinx": 2604, "Training Grounds": 2888, "Savor_SB": 2319, "High Noon": 1308, "Liberator, Urza's Battlethopter": 1597, "Silver Scrutiny": 2441, "Simulacrum Synthesizer": 2448, "The Mightstone and Weakstone": 2768, "Unstable Glyphbridge": 2981, "Urza, Lord Protector": 3013, "Final Showdown_SB": 972, "Silver Scrutiny_SB": 2442, "Spellgyre_SB": 2537, "Glistening Deluge": 1134, "Vraska Joins Up_SB": 3117, "Cruelclaw's Heist": 559, "Tenth District Hero": 2724, "Unyielding Gatekeeper_SB": 2993, "Pyroclasm_SB": 2092, "Eddymurk Crab": 765, "This Town Ain't Big Enough": 2802, "Long River's Pull_SB": 1636, "Case of the Crimson Pulse": 393, "Laughing Jasper Flint_SB": 1565, "Duelist of the Mind": 743, "Proft's Eidetic Memory": 2073, "Steamcore Scholar": 2587, "Crumb and Get It": 561, "Break the Spell_SB": 316, "Invasion of Eldraine": 1410, "The Huntsman's Redemption_SB": 2756, "Blossoming Tortoise": 259, "Cenote Scout": 424, "Vaultborn Tyrant_SB": 3047, "Volcanic Spite": 3100, "Tyrranax Rex_SB": 2934, "Sunfire Torch": 2640, "Binding Negotiation_SB": 210, "Charming Scoundrel_SB": 446, "Goddric, Cloaked Reveler_SB": 1154, "Mirrex_SB": 1758, "Invasion of Gobakhan": 1413, "Caves of Koilos_SB": 419, "Felonious Rage": 954, "Vren, the Relentless_SB": 3124, "Invasion of Shandalar": 1424, "Agate-Blade Assassin": 28, "All Will Be One": 47, "Bloodfell Caves": 245, "Jagged Barrens": 1454, "Ob Nixilis, Captive Kingpin": 1888, "Tectonic Hazard": 2705, "Staggering Size_SB": 2572, "Sanguine Evangelist_SB": 2309, "Leyline of Resonance": 1590, "Thornspire Verge": 2807, "Turn Inside Out": 2918, "Brave the Wilds": 307, "Get Out": 1080, "Mountain_SB": 1811, "Unidentified Hovership": 2966, "Unidentified Hovership_SB": 2967, "Nowhere to Run": 1878, "Phyrexian Missionary": 2014, "Surgical Suite && Hospital Room": 2655, "Exorcise_SB": 855, "Ghost Vacuum_SB": 1093, "Shrouded Shepherd_SB": 2433, "Overlord of the Hauntwoods": 1952, "Overlord of the Mistmoors": 1954, "Zur, Eternal Schemer": 3232, "The End": 2744, "Archangel of Wrath_SB": 98, "Invasion of Shandalar_SB": 1425, "Rankle's Prank_SB": 2135, "Valgavoth, Terror Eater_SB": 3022, "Enduring Innocence": 806, "Entity Tracker": 821, "Ethereal Armor": 845, "Fae Flight": 882, "Floodfarm Verge": 993, "Gremlin Tamer": 1188, "Inquisitive Glimmer": 1381, "Optimistic Scavenger": 1918, "Ossification": 1927, "Shardmage's Rescue": 2403, "Sheltered by Ghosts": 2408, "Kitnap_SB": 1521, "Blazemire Verge": 230, "Brass's Tunnel-Grinder": 305, "Fear of Missing Out": 926, "Lich-Knights' Conquest": 1598, "Overlord of the Balemurk": 1946, "Overlord of the Boilerbilges": 1948, "Enduring Courage_SB": 803, "Nowhere to Run_SB": 1879, "Rottenmouth Viper_SB": 2269, "Hushwood Verge": 1348, "Overlord of the Floodpits": 1950, "Artist's Talent": 120, "Pyroclasm": 2091, "Roaring Furnace && Steaming Sauna": 2251, "Fires of Victory_SB": 979, "Breach the Multiverse": 311, "Conspiracy Unraveler": 523, "Gloomlake Verge": 1137, "Reenact the Crime": 2175, "The Tale of Tamiyo": 2791, "Vohar, Vodalian Desecrator": 3097, "Restless Ridgeline_SB": 2218, "Splitskin Doll": 2558, "Shardmage's Rescue_SB": 2404, "Abhorrent Oculus": 1, "Archfiend of the Dross_SB": 102, "Geological Appraiser": 1074, "Molten Collapse": 1780, "Undead Sprinter": 2949, "Screaming Nemesis_SB": 2351, "Harried Spearguard": 1235, "Painter's Studio && Defaced Gallery": 1967, "Phoenix Chick": 2004, "Felonious Rage_SB": 955, "Ferocification_SB": 957, "Wrenn's Resolve_SB": 3203, "Demonic Counsel": 646, "Unstoppable Slasher": 2984, "Cursed Recording": 580, "The Everflowing Well": 2749, "Fountainport_SB": 1026, "Dreadmaw's Ire_SB": 727, "Picnic Ruiner": 2025, "Witch's Mark": 3184, "Twisted Fealty_SB": 2927, "Enduring Curiosity": 804, "The Wandering Rescuer": 2793, "Split Up_SB": 2557, "Chainsaw": 430, "Cease // Desist_SB": 421, "Enduring Innocence_SB": 807, "Overlord of the Mistmoors_SB": 1955, "Emberheart Challenger_SB": 797, "Toby, Beastie Befriender": 2867, "Roaring Furnace // Steaming Sauna_SB": 2254, "Monastery Mentor_SB": 1791, "Floodpits Drowner": 994, "Jadelight Spelunker": 1453, "Merfolk Cave-Diver": 1731, "Mistbreath Elder": 1770, "Nicanzil, Current Conductor": 1852, "Vodalian Hexcatcher": 3095, "Deeproot Pilgrimage_SB": 628, "Sword of Once and Future_SB": 2673, "Unable to Scream_SB": 2943, "Errant and Giada": 827, "Sheltered by Ghosts_SB": 2409, "Aven Interrupter": 151, "Zimone, All-Questioning": 3222, "Don't Make a Sound": 697, "Kaito, Bane of Nightmares": 1475, "Fear of Impostors": 919, "Ghostly Dancers": 1094, "Mirror Room // Fractured Realm": 1760, "Silent Hallcreeper": 2439, "Virtue of Knowledge": 3080, "Beastie Beatdown": 197, "Betrayer's Bargain": 204, "Growing Dread": 1197, "Patchwork Beastie": 1979, "Scrapwork Mutt": 2346, "Wildfire Wickerfolk": 3171, "Atraxa's Fall_SB": 140, "Choking Miasma": 456, "Calix, Guided by Fate": 368, "Combat Research": 505, "Elvish Archivist": 792, "Enduring Vitality": 810, "Scalding Viper": 2327, "Scorching Dragonfire": 2338, "Stormsplitter": 2616, "Hide in Plain Sight_SB": 1303, "Scorching Dragonfire_SB": 2339, "Virtue of Strength_SB": 3087, "Case of the Stashed Skeleton": 401, "Conduit Pylons": 515, "Corpses of the Lost": 534, "Darkstar Augur": 593, "Scorn-Blade Berserker": 2342, "Withering Torment_SB": 3190, "Serra Paragon": 2393, "Altanak, the Thrice-Called": 49, "Say Its Name": 2323, "Screaming Nemesis": 2350, "The Rollercrusher Ride": 2779, "Balustrade Wurm_SB": 171, "Ephara's Dispersal": 823, "Unwanted Remake_SB": 2991, "Leyline of the Void_SB": 1596, "Change the Equation": 440, "Invasion of Arcavios": 1408, "Collector's Cage": 494, "Vengeful Possession_SB": 3055, "Exorcise": 854, "Split Up": 2556, "Nettle Guard_SB": 1845, "Zoraline, Cosmos Caller_SB": 3229, "Roaring Furnace // Steaming Sauna": 2253, "Restless Prairie": 2214, "Scrollshift": 2352, "Painter's Studio // Defaced Gallery": 1969, "Hearth Elemental_SB": 1266, "Render Inert": 2190, "Starfall Invocation": 2578, "Urza's Sylex_SB": 3012, "Essence Channeler": 835, "Lunar Convocation": 1661, "Ruin-Lurker Bat": 2277, "Dissection Tools_SB": 680, "Skullcap Snail_SB": 2464, "Unscrupulous Agent_SB": 2977, "Defabricate_SB": 631, "Crystal Grotto": 572, "Invasion of Segovia": 1423, "Protect the Negotiators": 2081, "Caretaker's Talent_SB": 387, "Ruthless Negotiation": 2293, "Phyrexian Obliterator_SB": 2017, "Lightning Strike_SB": 1607, "Rest in Peace": 2205, "Untimely Malfunction_SB": 2989, "Unwanted Remake": 2990, "Balustrade Wurm": 170, "Fear of Being Hunted": 915, "Charred Foyer // Warped Space_SB": 448, "Conduit of Worlds_SB": 517, "Beseech the Mirror": 202, "Rite of the Moth": 2241, "Valgavoth, Terror Eater": 3021, "Phyrexian Fleshgorger_SB": 2013, "Seized from Slumber": 2385, "Cease // Desist": 420, "Ill-Timed Explosion_SB": 1357, "Song of Totentanz": 2502, "Stormkeld Vanguard_SB": 2615, "Deadly Riposte_SB": 613, "Torch the Witness": 2880, "Rona's Vortex": 2264, "Surgical Suite // Hospital Room": 2657, "Valgavoth's Faithful": 3017, "Rona's Vortex_SB": 2265, "Matzalantli, the Great Door": 1714, "Osseous Sticktwister": 1925, "Razorlash Transmogrant_SB": 2150, "Agrus Kos, Spirit of Justice": 33, "Annie Joins Up": 74, "Baylen, the Haymaker": 194, "Hugs, Grisly Guardian": 1341, "Kellan, Daring Traveler": 1503, "Pia Nalaar, Consul of Revival": 2021, "Rocco, Street Chef": 2256, "Braided Net": 296, "Clay-Fired Bricks": 477, "Farsight Ritual": 905, "Feather of Flight": 933, "Invasion of Theros": 1428, "Spellbook Vendor": 2535, "Toadstool Admirer": 2866, "Expel the Interlopers_SB": 858, "Flowstone Infusion_SB": 1002, "Giant Growth_SB": 1101, "Enduring Tenacity": 808, "Gumdrop Poisoner": 1209, "Vinereap Mentor": 3073, "Come Back Wrong_SB": 508, "Minor Misstep_SB": 1752, "Bladehold War-Whip": 224, "Jor Kadeen, First Goldwarden": 1467, "Kellan, the Fae-Blooded": 1508, "Rebel Salvo": 2160, "Dusk Rose Reliquary": 748, "Contested Game Ball_SB": 529, "Razorkin Needlehead_SB": 2148, "Witch's Mark_SB": 3185, "Danitha, Benalia's Hope_SB": 590, "Leyline of Hope": 1588, "Starscape Cleric": 2580, "Dismal Backwater": 677, "Distorted Curiosity": 681, "Drown in Ichor": 737, "Infectious Inquiry": 1372, "Murky Sewer": 1822, "Prologue to Phyresis": 2077, "Reject Imperfection": 2184, "Vraska's Fall": 3118, "Infectious Inquiry_SB": 1373, "Pestilent Syphoner_SB": 1997, "Vivisurgeon's Insight_SB": 3094, "Corrupt": 536, "Final Vengeance": 973, "Hidden Necropolis": 1299, "Skullcap Snail": 2463, "The Dross Pits": 2741, "Unscrupulous Agent": 2976, "Candy Grapple_SB": 376, "Abraded Bluffs": 5, "Alania's Pathmaker": 44, "Banishing Light": 175, "Nahiri's Resolve": 1827, "Tinker's Tote": 2851, "Wind-Scarred Crag": 3176, "Recommission_SB": 2169, "Volcanic Spite_SB": 3101, "Campus Renovation": 373, "Cityscape Leveler": 468, "Combat Thresher": 506, "Emerge from the Cocoon": 798, "Fear of Abduction": 914, "Galvanize": 1056, "Raucous Carnival": 2141, "Su-Chi Cave Guard": 2625, "Boulderbranch Golem_SB": 292, "Outlaw Medic_SB": 1937, "Scrollshift_SB": 2353, "Beanstalk Wurm": 196, "Blossoming Sands": 258, "Etched Cornfield": 843, "Getaway Glamer": 1082, "Hauntwoods Shrieker": 1248, "Manifest Dread": 1696, "Riftburst Hellion": 2231, "Rust Goliath": 2289, "Salvation Swan": 2302, "Threats Around Every Corner": 2825, "Valgavoth's Onslaught": 3019, "Monstrous Emergence_SB": 1797, "Dwarven Forge-Chanter": 752, "Urabrask": 2996, "Whirling Strike_SB": 3159, "Assimilation Aegis": 134, "Unstable Glyphbridge_SB": 2982, "Kaito, Bane of Nightmares_SB": 1476, "Calamity's Wake_SB": 366, "Clockwork Percussionist": 482, "Disturbing Mirth": 686, "Monstrous Emergence": 1796, "Ephara's Dispersal_SB": 824, "Get Out_SB": 1081, "Teferi, Temporal Pilgrim_SB": 2709, "The Wandering Rescuer_SB": 2794, "Overgrown Zealot": 1945, "Kellan, Inquisitive Prodigy_SB": 1505, "Alabaster Host Intercessor": 43, "Fanatic of the Harrowing": 899, "Haunted Mire": 1245, "Nurturing Bristleback": 1881, "Radiant Grove": 2107, "Shroudstomper": 2434, "Spectral Snatcher": 2529, "Sunlit Marsh": 2643, "Fanatic of the Harrowing_SB": 900, "Urborg Repossession_SB": 3001, "Winter's Intervention_SB": 3180, "Blood Hustler": 240, "Desert's Due": 657, "Eroded Canyon": 826, "Gisa, the Hellraiser": 1106, "Intimidation Campaign": 1395, "Lazav, Familiar Stranger": 1571, "Magda, the Hoardmaster": 1676, "Raven of Fell Omens": 2144, "Seize the Secrets": 2383, "Soured Springs": 2520, "Neglected Manor": 1841, "Stockpiling Celebrant": 2602, "Found Footage_SB": 1020, "Griffnaut Tracker_SB": 1193, "Abandoned Campground": 0, "Fear of Isolation": 923, "Grand Entryway // Elegant Rotunda": 1174, "Hopeful Vigil": 1329, "Meat Locker // Drowned Diner": 1720, "The Princess Takes Flight": 2775, "Tranquil Cove": 2890, "Underwater Tunnel // Slimy Aquarium": 2957, "Withering Torment": 3189, "Deathcap Marionette": 616, "Desperate Bloodseeker": 658, "Gloomfang Mauler": 1136, "Possessed Goat": 2059, "Vile Mutilator": 3072, "Extract a Confession_SB": 871, "Make Your Move_SB": 1685, "Make Your Own Luck": 1686, "Niv-Mizzet, Supreme": 1863, "Make Your Own Luck_SB": 1687, "Break Out": 314, "Fade from History_SB": 881, "Ghalta, Stampede Tyrant": 1087, "Drag to the Bottom_SB": 713, "Drown in Ichor_SB": 738, "Reject Imperfection_SB": 2185, "Serum Snare_SB": 2396, "Venser, Corpse Puppet_SB": 3059, "Vraska, Betrayal's Sting_SB": 3121, "Whisper of the Dross_SB": 3163, "Virtue of Courage": 3078, "Push // Pull_SB": 2090, "Ghost Vacuum": 1092, "Meathook Massacre II": 1721, "Zur, Eternal Schemer_SB": 3233, "Grievous Wound": 1191, "Razorkin Needlehead": 2147, "Vial Smasher, Gleeful Grenadier": 3067, "Unholy Annex && Ritual Chamber": 2962, "Unholy Annex && Ritual Chamber_SB": 2963, "Zephyr Singer": 3217, "Nashi, Searcher in the Dark": 1834, "Preacher of the Schism_SB": 2064, "Betrayer's Bargain_SB": 205, "Seedglaive Mentor_SB": 2380, "Valgavoth's Lair": 3018, "Idyllic Beachfront": 1355, "Undead Sprinter_SB": 2950, "Ojer Kaslem, Deepest Growth": 1903, "Restless Cottage_SB": 2212, "Overlord of the Balemurk_SB": 1947, "Otterball Antics": 1931, "Ral, Crackling Wit_SB": 2128, "Fortified Beachhead": 1018, "Harbin, Vanguard Aviator": 1225, "Recruitment Officer": 2170, "Werefox Bodyguard": 3157, "Zephyr Sentinel": 3216, "Omnivorous Flytrap": 1913, "Stubborn Burrowfiend": 2623, "Fell_SB": 952, "Trial of Agony_SB": 2905, "Doomsday Excruciator": 698, "Drag the Canal": 710, "Essence Scatter": 837, "Sazacap's Brew": 2325, "Defiled Crypt // Cadaver Lab": 638, "Popular Egotist": 2053, "Jaya, Fiery Negotiator": 1456, "Squee, Dubious Monarch_SB": 2568, "Ego Drain_SB": 770, "Stoic Sphinx_SB": 2605, "Drag to the Bottom": 712, "Soul of Windgrace": 2510, "Season of Gathering_SB": 2365, "Blot Out": 260, "Unholy Annex // Ritual Chamber": 2964, "Unstoppable Slasher_SB": 2985, "Armored Scrapgorger": 118, "Green Sun's Twilight": 1185, "Llanowar Loamspeaker": 1627, "Bite Down_SB": 214, "Impulse": 1366, "The Huntsman's Redemption": 2755, "Overprotect": 1956, "Valgavoth's Onslaught_SB": 3020, "Embereth Veteran": 795, "Drannith Ruins_SB": 725, "Live or Die": 1620, "No One Left Behind": 1866, "Not Dead After All": 1873, "Oblivious Bookworm": 1892, "Satoru, the Infiltrator": 2315, "The Swarmweaver_SB": 2790, "Enduring Courage": 802, "Rakdos Joins Up": 2121, "The Elder Dragon War": 2742, "Khenra Spellspear": 1514, "Blue Sun's Twilight_SB": 262, "Third Path Iconoclast_SB": 2800, "Helga, Skittish Seer": 1272, "Elesh Norn_SB": 784, "Boon-Bringer Valkyrie": 277, "Fomori Vault": 1005, "Skitterbeam Battalion": 2456, "Thran Spider": 2820, "Elas il-Kor, Sadistic Pilgrim": 773, "Hajar, Loyal Bodyguard": 1212, "Rakdos, the Muscle": 2124, "Ratadrabik of Urborg": 2138, "The Jolly Balloon Man": 2760, "Assimilation Aegis_SB": 135, "Phyrexian Dragon Engine_SB": 2011, "Vraan, Executioner Thane": 3115, "Goldvein Hydra_SB": 1158, "Azure Beastbinder_SB": 160, "Gix, Yawgmoth Praetor_SB": 1115, "Geological Appraiser_SB": 1075, "Flow of Knowledge": 998, "Abhorrent Oculus_SB": 2, "Unauthorized Exit_SB": 2945, "Djeru and Hazoret": 693, "Dragonhawk, Fate's Tempest": 717, "Huatli, Poet of Unity": 1340, "Dollmaker's Shop // Porcelain Gallery_SB": 696, "Commune with Evil": 511, "Nemata, Primeval Warden": 1842, "Hammerhand_SB": 1223, "Akawalli, the Seething Tower": 42, "Bringer of the Last Gift": 327, "Maha, Its Feathers Night": 1683, "Strangled Cemetery": 2617, "Terramorphic Expanse": 2727, "Uurg, Spawn of Turg": 3014, "Voracious Varmint": 3109, "Wary Watchdog": 3145, "Murder_SB": 1820, "Armored Armadillo": 115, "Draconic Destiny": 709, "Etali's Favor": 839, "Slumbering Keepguard": 2488, "Take Up the Shield_SB": 2688, "Broodspinner": 336, "Huskburster Swarm": 1349, "Writhing Necromass": 3204, "Desperate Bloodseeker_SB": 659, "Echo of Dusk_SB": 763, "Voracious Varmint_SB": 3110, "Creosote Heath": 557, "Crystal Carapace": 571, "Petrify_SB": 1999, "Conceited Witch": 514, "Fear of Infinity": 921, "Glimmerlight": 1130, "Forlorn Flats": 1016, "Hero of the Dunes": 1288, "Phyrexian Rager": 2018, "Overwhelming Remorse_SB": 1961, "Vanish into Eternity_SB": 3042, "Gixian Infiltrator": 1116, "Sawblade Skinripper": 2321, "Not Dead After All_SB": 1874, "Unseal the Necropolis_SB": 2978, "Ichor Drinker": 1352, "Izoni, Center of the Web": 1446, "Ozolith, the Shattered Spire": 1963, "Twitching Doll": 2928, "Enduring Curiosity_SB": 805, "Third Path Iconoclast": 2799, "Artist's Talent_SB": 121, "Kellan, Inquisitive Prodigy": 1504, "Valley Floodcaller_SB": 3027, "Anzrag's Rampage_SB": 83, "Terisian Mindbreaker": 2726, "The Mindskinner": 2771, "Eliminate the Impossible_SB": 785, "Archdruid's Charm": 99, "Pawpatch Recruit_SB": 1983, "Highway Robbery": 1312, "Treasure Map": 2901, "Jodah, the Unifier": 1462, "Melira, the Living Cure": 1725, "Sigarda, Font of Blessings": 2437, "Drana and Linvala_SB": 722, "Kellan, the Kid_SB": 1510, "Kutzil, Malamet Exemplar_SB": 1555, "Myrel, Shield of Argive_SB": 1825, "Skrelv, Defector Mite_SB": 2460, "Tinybones Joins Up_SB": 2853, "Gishath, Sun's Avatar": 1108, "Aspirant's Ascent": 130, "Enter the Enigma": 819, "Ivy, Gleeful Spellthief": 1443, "Take the Fall": 2690, "Ivy, Gleeful Spellthief_SB": 1444, "Ojer Axonil, Deepest Might": 1901, "Kogla and Yidaro_SB": 1534, "Fae Flight_SB": 883, "Silent Hallcreeper_SB": 2440, "Stenn, Paranoid Partisan": 2592, "Gremlin Tamer_SB": 1189, "Amalia Benavides Aguirre": 50, "Thousand Moons Smithy": 2816, "Worldwalker Helm": 3196, "Spring-Loaded Sawblades_SB": 2563, "Quick Study": 2099, "Awaken the Woods": 153, "Pick Your Poison": 2022, "Aftermath Analyst_SB": 26, "Training Grounds_SB": 2889, "Regal Bunnicorn_SB": 2179, "Corpses of the Lost_SB": 535, "Unholy Annex // Ritual Chamber_SB": 2965, "Bandit's Haul": 172, "Conduit of Worlds": 516, "Faunsbane Troll": 911, "The Goose Mother": 2753, "Anointed Peacekeeper": 80, "Archangel of Tithes": 95, "Guardian of New Benalia": 1204, "Veteran Survivor": 3064, "Slickshot Show-Off_SB": 2486, "Darkstar Augur_SB": 594, "Commercial District_SB": 510, "Arabella, Abandoned Doll": 84, "Sword of Forge and Frontier_SB": 2671, "Sword of Forge and Frontier": 2670, "Sword of Once and Future": 2672, "Fleeting Reflection": 989, "Reasonable Doubt": 2159, "Seal from Existence": 2358, "Not on My Watch": 1875, "Render Inert_SB": 2191, "Dollmaker's Shop && Porcelain Gallery": 694, "Overlord of the Floodpits_SB": 1951, "Lavaspur Boots_SB": 1568, "Arabella, Abandoned Doll_SB": 85, "Restless Anchorage_SB": 2208, "Overlord of the Boilerbilges_SB": 1949, "Island_SB": 1441, "Invasion of Innistrad": 1415, "Fugitive Codebreaker_SB": 1039, "Misery's Shadow_SB": 1765, "Lukka, Bound to Ruin": 1654, "Migloz, Maze Crusher": 1745, "Walk-In Closet && Forgotten Cellar": 3128, "Osseous Sticktwister_SB": 1926, "Unable to Scream": 2942, "Piggy Bank": 2026, "Rankle's Prank": 2134, "Sunken Citadel_SB": 2642, "Farsight Ritual_SB": 906, "Bladecoil Serpent_SB": 223, "Curate": 577, "Proft's Eidetic Memory_SB": 2074, "Starscape Cleric_SB": 2581, "Confounding Riddle": 518, "The Enigma Jewel": 2746, "The Swarmweaver": 2789, "Insatiable Avarice_SB": 1384, "Sheoldred": 2410, "Virtue of Knowledge_SB": 3081, "Ruthless Negotiation_SB": 2294, "Coati Scavenger": 486, "Drag to the Roots": 714, "Trapped in the Screen": 2896, "Arcane Proxy": 90, "Astor, Bearer of Blades": 136, "Dissection Tools": 679, "Baird, Argivian Recruiter": 164, "Dollmaker's Shop // Porcelain Gallery": 695, "Chrome Prowler": 460, "Hidden Cataract": 1296, "Hidden Courtyard": 1297, "Out Cold": 1932, "Lost in the Maze_SB": 1652, "Spark Rupture_SB": 2523, "The Skullspore Nexus": 2782, "Glass Casket": 1121, "Repel Calamity": 2194, "Walk-In Closet && Forgotten Cellar_SB": 3129, "Tarnation Vista": 2698, "Sandstorm Verge": 2307, "Pillage the Bog_SB": 2032, "Pest Control": 1994, "Cankerbloom": 378, "Violent Urge": 3075, "Argentum Masticore_SB": 110, "Archdruid's Charm_SB": 100, "Ghostly Dancers_SB": 1095, "Micromancer": 1739, "Invasion of Ixalan": 1416, "Bristlebud Farmer_SB": 329, "Drannith Ruins": 724, "Clement, the Worrywort": 479, "Dour Port-Mage": 705, "Dreamdew Entrancer": 729, "Long River Lurker": 1634, "Pond Prophet": 2052, "Sunshower Druid": 2644, "Three Tree Scribe": 2832, "Coppercoat Vanguard": 531, "Valiant Veteran": 3023, "Syr Ginger, the Meal Ender": 2680, "Sharp-Eyed Rookie": 2405, "Festering Gulch": 958, "Fake Your Own Death_SB": 895, "Forest_SB": 1013, "Heaped Harvest_SB": 1259, "Swamp_SB": 2663, "Treeguard Duo_SB": 2903, "Breeches, Eager Pillager": 317, "Captain Storm, Cosmium Raider": 383, "Goblin Tomb Raider": 1152, "Malcolm, the Eyes": 1692, "Reckless Lackey": 2163, "Roaming Throne": 2249, "Staunch Crewmate": 2585, "Roaming Throne_SB": 2250, "Demand Answers": 643, "Take Up the Shield": 2687, "Jirina, Dauntless General_SB": 1461, "Slime Against Humanity": 2487, "Explosive Derailment": 863, "Fell": 951, "Great Train Heist": 1180, "Return the Favor": 2226, "Chainsaw_SB": 431, "Turn Inside Out_SB": 2919, "Chupacabra Echo": 461, "Hollow Scavenger": 1323, "Hedge Shredder": 1270, "Grievous Wound_SB": 1192, "Cathartic Parting_SB": 408, "Impulse_SB": 1367, "Lich-Knights' Conquest_SB": 1599, "Overlord of the Hauntwoods_SB": 1953, "Fauna Shaman": 909, "Haywire Mite": 1249, "Likeness Looter": 1609, "Nashi, Moon's Legacy": 1833, "Bovine Intervention_SB": 295, "Scatter Ray": 2332, "Ashiok, Wicked Manipulator_SB": 126, "Ghired, Mirror of the Wilds": 1088, "Cult Conscript": 573, "Roaring Furnace && Steaming Sauna_SB": 2252, "Hidetsugu and Kairi": 1305, "Under the Skin": 2951, "Elusive Otter_SB": 790, "Unyielding Gatekeeper": 2992, "Restricted Office && Lecture Hall_SB": 2223, "Season of Weaving_SB": 2369, "Cunning Coyote": 575, "Thraxodemon": 2823, "Fear of Lost Teeth": 925, "Invasion of Azgol": 1409, "Tinybones, the Pickpocket_SB": 2856, "Decadent Dragon": 620, "Rakdos, Patron of Chaos": 2123, "The Infamous Cruelclaw_SB": 2758, "Pollen-Shield Hare": 2047, "Marvin, Murderous Mimic": 1709, "Ashiok, Wicked Manipulator": 125, "Final Showdown": 971, "Kutzil's Flanker": 1552, "Ingenious Prodigy": 1377, "Plumecreed Escort_SB": 2044, "Aloe Alchemist": 48, "Yavimaya Iconoclast": 3208, "Bloodletter of Aclazotz_SB": 248, "Braids, Arisen Nightmare_SB": 299, "Pugnacious Hammerskull_SB": 2087, "Glarb, Calamity's Augur_SB": 1120, "Warden of the Inner Sky_SB": 3135, "Kambal, Profiteering Mayor_SB": 1483, "Painter's Studio && Defaced Gallery_SB": 1968, "Planar Disruption_SB": 2040, "Portent of Calamity": 2058, "Floodpits Drowner_SB": 995, "Overprotect_SB": 1957, "Lukka, Bound to Ruin_SB": 1655, "Roxanne, Starfall Savant_SB": 2271, "Black Sun's Twilight": 219, "Iridescent Vinelasher_SB": 1437, "Great Train Heist_SB": 1181, "Bristling Backwoods": 330, "Rugged Highlands": 2276, "Razortrap Gorge": 2151, "Herbology Instructor_SB": 1285, "Hidden Grotto": 1298, "Heroic Reinforcements": 1292, "Maelstrom Pulse": 1674, "Scavenging Ooze": 2335, "Vivien Reid": 3091, "Liliana, Dreadhorde General_SB": 1613, "Maelstrom Pulse_SB": 1675, "Back for Seconds_SB": 162, "Case of the Stashed Skeleton_SB": 402, "Homicide Investigator_SB": 1325, "Boros Charm": 280, "Llanowar Elves": 1624, "Burst Lightning": 356, "Abyssal Harvester": 9, "Day of Judgment": 600, "Authority of the Consuls_SB": 149, "Devout Decree_SB": 666, "Flashfreeze_SB": 986, "Evangel of Synthesis": 848, "Zombify": 3226, "Desecration Demon_SB": 656, "Wail of the Forgotten_SB": 3126, "Soulstone Sanctuary": 2518, "Scavenging Ooze_SB": 2336, "Vivien Reid_SB": 3092, "Basilisk Collar_SB": 188, "Sun-Blessed Healer": 2632, "Temple of Triumph": 2720, "Campus Renovation_SB": 374, "Boltwave": 265, "Heartflame Duelist_SB": 1264, "Slagstorm_SB": 2477, "Splitskin Doll_SB": 2559, "Mazemind Tome": 1718, "Crystal Barricade_SB": 570, "Bloodthirsty Conqueror_SB": 252, "Kellan, Planar Trailblazer": 1506, "Opt": 1916, "Faebloom Trick": 884, "Feed the Swarm_SB": 942, "Kaito, Cunning Infiltrator_SB": 1478, "Spinner of Souls": 2548, "Pitiless Carnage_SB": 2035, "Kiora, the Rising Tide": 1517, "Ghitu Lavarunner": 1090, "Thrill of Possibility": 2834, "Elenda, Saint of Dusk": 779, "Garna, Bloodfist of Keld": 1059, "Kellan, the Kid": 1509, "Secluded Courtyard": 2376, "Authority of the Consuls": 148, "Exemplar of Light": 852, "Fiendish Panda": 963, "Hinterland Sanctifier": 1314, "Elenda, Saint of Dusk_SB": 780, "Spectral Sailor": 2528, "Unsummon": 2986, "Brineborn Cutthroat_SB": 324, "Ertai's Scorn_SB": 832, "Flow of Knowledge_SB": 999, "Haughty Djinn_SB": 1242, "Urza's Rebuff_SB": 3009, "Hero's Downfall": 1289, "Liliana, Dreadhorde General": 1612, "Temple of Malady": 2715, "Temple of Plenty": 2718, "Temple of Silence": 2719, "Mortify_SB": 1805, "Felidar Retreat": 948, "Herald of Eternal Dawn": 1280, "Loot, Exuberant Explorer": 1638, "Mossborn Hydra": 1806, "Giant Cindermaw_SB": 1099, "Bloodthirsty Conqueror": 251, "Heartflame Duelist": 1263, "Viashino Pyromancer": 3068, "Ball Lightning": 167, "Bloodfeather Phoenix": 243, "Grab the Prize": 1166, "Lyra Dawnbringer_SB": 1668, "Virtue of Courage_SB": 3079, "Abyssal Harvester_SB": 10, "Painter's Studio // Defaced Gallery_SB": 1970, "Kaito, Cunning Infiltrator": 1477, "Sphinx of Forgotten Lore": 2540, "Aetherize_SB": 23, "Feldon's Cane_SB": 944, "Demonic Pact": 650, "Harmless Offering": 1234, "Ethereal Armor_SB": 846, "Cathar Commando": 406, "Knight of Grace": 1528, "Ajani, Caller of the Pride_SB": 36, "Reclamation Sage_SB": 2167, "Dead Weight": 605, "Gixian Puppeteer": 1118, "Revenge of the Rats": 2227, "Terror Ballista": 2728, "The Ancient One": 2737, "Llanowar Greenwidow": 1626, "An Offer You Can't Refuse_SB": 56, "Trapped in the Screen_SB": 2897, "Subterranean Schooner_SB": 2627, "Worldsoul's Rage": 3195, "Hero's Downfall_SB": 1290, "Zurgo and Ojutai": 3234, "Refute": 2176, "Curator of Destinies_SB": 578, "Day of Judgment_SB": 601, "Ashroot Animist": 129, "Polukranos Reborn": 2050, "Ruby, Daring Tracker": 2275, "Muerra, Trash Tactician_SB": 1816, "Boros Charm_SB": 281, "Jirina, Dauntless General": 1460, "Deathmark_SB": 617, "Joust Through_SB": 1469, "Knight of Grace_SB": 1529, "Raise the Past_SB": 2119, "Arcanis the Omnipotent_SB": 92, "Feed the Cycle_SB": 939, "Insidious Fungus_SB": 1386, "Stab_SB": 2571, "Dazzling Denial": 603, "Empyrean Eagle": 799, "Healer's Hawk": 1257, "Blooming Blast": 255, "Firebrand Archer": 976, "High Stride": 1310, "Infectious Bite": 1371, "Aspirant's Ascent_SB": 131, "Distorted Curiosity_SB": 682, "Enter the Enigma_SB": 820, "Fleeting Reflection_SB": 990, "High Stride_SB": 1311, "Prologue to Phyresis_SB": 2078, "This Town Ain't Big Enough_SB": 2803, "Greed's Gambit": 1182, "Molten Collapse_SB": 1781, "Sire of Seven Deaths_SB": 2451, "Temple of Deceit": 2712, "Sentinel of the Nameless City_SB": 2391, "Doubling Season": 703, "Cathar Commando_SB": 407, "Elegant Parlor_SB": 778, "Thrun, Breaker of Silence": 2839, "Buried in the Garden": 349, "Fecund Greenshell": 935, "Genesis Wave": 1073, "Invasion of Zendikar": 1431, "Urborg Scavengers_SB": 3003, "Audacity_SB": 144, "Ajani's Pridemate": 34, "Arahbo, the First Fang": 87, "Joust Through": 1468, "Prideful Parent": 2066, "Regal Caracal": 2180, "Savannah Lions": 2317, "Skyknight Squire": 2471, "Banishing Light_SB": 176, "Claws Out_SB": 476, "Brineborn Cutthroat": 323, "Desecration Demon": 655, "Cynical Loner": 586, "Driver of the Dead": 735, "Gatekeeper of Malakir": 1069, "Infestation Sage": 1374, "Kalastria Highborn": 1481, "Nullpriest of Oblivion": 1880, "Pulse Tracker": 2088, "Vampire Nighthawk": 3037, "Vengeful Bloodwitch": 3053, "Undergrowth Recon": 2956, "Walk-In Closet // Forgotten Cellar": 3130, "An Offer You Can't Refuse": 55, "Carnelian Orb of Dragonkind": 388, "Invasion of Tarkir": 1426, "Sarkhan, Soul Aflame": 2314, "Slagstorm": 2476, "Stingerback Terror": 2597, "Twinflame Tyrant": 2923, "Omniscience": 1912, "Drag to the Roots_SB": 715, "Bloodfeather Phoenix_SB": 244, "Witness Protection_SB": 3192, "Primal Might": 2067, "Luminous Rebuke": 1658, "Invasion of Regatha": 1421, "Arcanis the Omnipotent": 91, "Moment of Craving_SB": 1785, "Tinybones, Bauble Burglar": 2854, "Sphinx of Forgotten Lore_SB": 2541, "Ashnod's Intervention": 128, "Koma, World-Eater": 1538, "Fear of Impostors_SB": 920, "Surrak, the Hunt Caller": 2661, "Tyvar, the Pummeler": 2939, "Wildborn Preserver_SB": 3169, "Witness Protection": 3191, "Giada, Font of Hope": 1096, "Lyra Dawnbringer": 1667, "Resplendent Angel": 2202, "Youthful Valkyrie": 3213, "Fabrication Foundry": 880, "Fumigate": 1041, "Hammerhand": 1222, "Sawblade Scamp": 2320, "Citanul Stalwart": 467, "Dwynen's Elite": 754, "Elvish Archdruid": 791, "Imperious Perfect": 1363, "Leaf-Crowned Visionary": 1573, "Surrak and Goreclaw": 2659, "Tyvar the Bellicose": 2935, "Dwynen, Gilt-Leaf Daen_SB": 756, "Unsummon_SB": 2987, "Deeproot Wayfinder": 629, "Sire of Seven Deaths": 2450, "Searslicer Goblin": 2362, "Stromkirk Noble": 2622, "Reclamation Sage": 2166, "Case of the Locked Hothouse_SB": 399, "Bulk Up": 346, "Chandra, Flameshaper": 432, "Swiftblade Vindicator": 2665, "Leyline Axe": 1585, "Sporogenic Infection": 2560, "Commune with Evil_SB": 512, "Fear of Missing Out_SB": 927, "Archmage of Runes": 103, "Ertai's Scorn": 831, "Metamorphic Blast": 1733, "Unauthorized Exit": 2944, "Harrier Strix_SB": 1237, "Strix Lookout_SB": 2619, "The Tale of Tamiyo_SB": 2792, "Twist Reality_SB": 2925, "Coppercoat Vanguard_SB": 532, "Garna, Bloodfist of Keld_SB": 1060, "Helpful Hunter": 1278, "Knight of Dawn's Light": 1524, "Raise the Past": 2118, "Enduring Tenacity_SB": 809, "Leyline of Hope_SB": 1589, "Massacre Wurm_SB": 1713, "Burst Lightning_SB": 357, "Vampire Nighthawk_SB": 3038, "Runic Shot_SB": 2285, "Razorlash Transmogrant": 2149, "Invasion of Tarkir_SB": 1427, "Hearthborn Battler": 1267, "Contaminated Aquifer": 528, "Marauding Brinefang": 1701, "Soul-Guide Lantern": 2511, "Union of the Third Path": 2968, "Vanish into Eternity": 3041, "Dewdrop Cure": 667, "Elesh Norn": 781, "Goblin Surprise": 1151, "Irreverent Gremlin": 1439, "Krenko, Mob Boss": 1548, "Norin, Swift Survivalist": 1870, "Vicious Clown": 3070, "Involuntary Employment_SB": 1435, "Outlaws' Fury": 1938, "Bake into a Pie_SB": 165, "Hazardous Blast_SB": 1251, "Azorius Guildgate": 158, "Boros Guildgate": 282, "Circuitous Route": 466, "Dimir Guildgate": 671, "Eaten Alive": 760, "Expedition Map": 856, "Golgari Guildgate": 1160, "Gruul Guildgate": 1200, "Insidious Fungus": 1385, "Izzet Guildgate": 1448, "Maze's End": 1716, "Muldrotha, the Gravetide": 1817, "Orzhov Guildgate": 1924, "Rakdos Guildgate": 2120, "Selesnya Guildgate": 2387, "Simic Guildgate": 2447, "Tatyova, Benthic Druid": 2701, "Brightblade Stoat_SB": 320, "Thornwood Falls": 2809, "Deadly Brew": 608, "Candy Trail": 377, "Marauding Blight-Priest": 1700, "Moment of Craving": 1784, "Murder": 1819, "Savor": 2318, "Servant of the Stinger": 2397, "Sanguine Indulgence_SB": 2310, "Soul-Shackled Zombie_SB": 2514, "Electrostatic Infantry": 776, "Frenzied Goblin_SB": 1031, "The Autonomous Furnace": 2738, "Impact Tremors": 1361, "Kindlespark Duo": 1515, "Ral's Reinforcements": 2126, "Rodeo Pyromancers": 2260, "Deadeye Duelist_SB": 607, "Skewer Slinger_SB": 2453, "Thunder Salvo_SB": 2841, "Midnight Mayhem": 1741, "Ratcatcher Trainee": 2139, "Tocasia's Dig Site": 2868, "Bartolom\u00e9 del Presidio": 184, "Midnight Reaper": 1742, "Nezumi Linkbreaker": 1851, "Vampire Gourmand": 3036, "Guardian of the Great Door": 1205, "Lonely Arroyo": 1631, "Banner of Kinship": 177, "Hare Apparent": 1233, "Kayla's Reconstruction": 1497, "Hinterland Sanctifier_SB": 1315, "Dragon Fodder": 716, "Keldon Strike Team_SB": 1501, "Basilisk Collar": 187, "Prophetic Prism": 2080, "Ambush Wolf_SB": 52, "Dead Weight_SB": 606, "Fog of War_SB": 1004, "Aetherize": 22, "Peculiar Lighthouse": 1985, "Swiftwater Cliffs": 2668, "Tolarian Terror_SB": 2873, "Union of the Third Path_SB": 2969, "Hidetsugu's Second Rite": 1306, "Ghitu Lavarunner_SB": 1091, "Boulderbranch Golem": 291, "Fierce Empath": 965, "Galewind Moose": 1054, "Gossip's Talent": 1165, "Gruff Triplets": 1199, "Lush Oasis": 1665, "Mirage Mesa": 1754, "Outcaster Greenblade": 1934, "Sunshower Druid_SB": 2645, "Scatter Ray_SB": 2333, "Drag the Canal_SB": 711, "Stingerback Terror_SB": 2598, "Flamewake Phoenix_SB": 984, "Grand Entryway && Elegant Rotunda": 1173, "Karplusan Forest_SB": 1490, "Cosmic Rebirth": 543, "Elvish Regrower": 794, "Springbloom Druid": 2564, "Tolsimir, Midnight's Light": 2874, "Twisted Fealty": 2926, "Aegis Turtle_SB": 18, "Temple of Malice": 2716, "Night of the Sweets' Revenge": 1854, "Welcome to Sweettooth": 3156, "Cosmium Confluence_SB": 546, "Volatile Fault_SB": 3099, "Fiery Annihilation_SB": 967, "Calix, Guided by Fate_SB": 369, "Divine Resilience_SB": 692, "Unflinching Courage_SB": 2961, "Valorous Stance_SB": 3035, "Trygon Predator_SB": 2912, "Dwynen, Gilt-Leaf Daen": 755, "Lathril, Blade of the Elves": 1562, "Wildborn Preserver": 3168, "Rite of Replication": 2238, "Swiftfoot Boots_SB": 2667, "Ajani, Caller of the Pride": 35, "Angel of Vitality": 65, "Leonin Vanguard": 1581, "Extinguish the Light_SB": 870, "Nine-Lives Familiar": 1859, "Voracious Greatshark": 3108, "Anthem of Champions": 82, "Armasaur Guide": 114, "Biogenic Upgrade": 211, "Charming Prince": 444, "Dazzling Angel": 602, "Felidar Savior": 950, "Felling Blow": 953, "Gnarlid Colony": 1139, "Good-Fortune Unicorn": 1164, "Inspiring Call": 1389, "Inspiring Paladin": 1391, "Mild-Mannered Librarian": 1747, "Pacifism": 1964, "Wary Thespian": 3144, "Wildwood Scourge": 3172, "Eaten by Piranhas_SB": 762, "Axebane Ferox_SB": 155, "Ghalta, Primal Hunger": 1086, "Immersturm Predator": 1358, "Alesha, Who Laughs at Fate": 46, "Aurelia, the Law Above": 146, "Perforating Artist": 1989, "Crash Through": 553, "Drake Hatcher": 720, "Feed the Swarm": 941, "Crawling Barrens": 554, "Mazemind Tome_SB": 1719, "Phyrexian Censor": 2008, "Volatile Fault": 3098, "Seal from Existence_SB": 2359, "Stasis Snare_SB": 2583, "Urborg Scavengers": 3002, "Zetalpa, Primal Dawn": 3219, "Dragonlord's Servant": 718, "Incinerator of the Guilty": 1368, "Kolaghan Warmonger": 1535, "Rivaz of the Claw": 2242, "Tyrant of Kher Ridges": 2930, "Ichormoon Gauntlet": 1353, "Jace Reawakened": 1449, "Jin-Gitaxias": 1459, "Temple of Epiphany": 2714, "Galvanize_SB": 1057, "Joint Exploration": 1466, "Titania's Command_SB": 2861, "Burglar Rat": 348, "Halo Forager": 1219, "Macabre Waltz": 1672, "Mindsplice Apparatus": 1749, "Painful Quandary": 1965, "Psychic Whorl": 2084, "Rune-Scarred Demon": 2283, "The Key to the Vault": 2763, "The Rollercrusher Ride_SB": 2780, "Dawn's Truce": 597, "Colossal Rattlewurm": 501, "Rattleback Apothecary": 2140, "Tatyova, Steward of Tides": 2702, "Tomb Trawler_SB": 2876, "Nashi, Searcher in the Dark_SB": 1835, "Inspiration from Beyond": 1388, "Filter Out_SB": 969, "Kutzil, Malamet Exemplar": 1554, "Runic Shot": 2284, "Herald of Eternal Dawn_SB": 1281, "Sun-Blessed Healer_SB": 2633, "Seeker's Folly": 2381, "Mortify": 1804, "Coveted Falcon": 550, "Greed's Gambit_SB": 1183, "Stab": 2570, "Ferocification": 956, "Dreadwing Scavenger": 728, "Broodspinner_SB": 337, "Fiery Annihilation": 966, "Beseech the Mirror_SB": 203, "Heroic Reinforcements_SB": 1293, "Peerless Recycling_SB": 1986, "Wing Commando": 3178, "Essence Scatter_SB": 838, "Cerebral Confiscation_SB": 427, "Haunted Screen": 1247, "Prayer of Binding": 2062, "Furnace Reins": 1048, "River's Rebuke": 2243, "Koma, World-Eater_SB": 1539, "Primeval Bounty_SB": 2068, "River's Rebuke_SB": 2244, "Regal Caracal_SB": 2181, "Kiora, the Rising Tide_SB": 1518, "Rat Out_SB": 2137, "Faebloom Trick_SB": 885, "Throne of the Grim Captain": 2836, "The Kenriths' Royal Funeral_SB": 2762, "Saiba Cryptomancer": 2301, "Zoetic Glyph_SB": 3225, "Seized from Slumber_SB": 2386, "Inspiring Overseer": 1390, "Mischievous Pup": 1763, "Angel of Finality_SB": 64, "Kraul Whipcracker": 1543, "Wardens of the Cycle": 3136, "Badlands Revival": 163, "Belligerent Yearling": 201, "Colossadactyl": 500, "Earthshaker Dreadmaw": 759, "Giant Cindermaw": 1098, "Itzquinth, Firstborn of Gishath": 1442, "Ixalli's Lorekeeper": 1445, "Rogue's Passage": 2261, "Scytheclaw Raptor": 2355, "Thrashing Brontodon": 2822, "Triumphant Chomp": 2909, "Armored Kincaller_SB": 117, "Ankle Biter": 70, "Feed the Infection": 940, "Fynn, the Fangbearer": 1050, "Nimraiser Paladin": 1858, "The Hunter Maze": 2754, "At Knifepoint": 138, "Fanatical Firebrand": 901, "Hellspur Brute": 1274, "Mourner's Surprise_SB": 1812, "Copper Host Crusher": 530, "Vinereap Mentor_SB": 3074, "Unflinching Courage": 2960, "Sandstorm Salvager": 2305, "Autonomous Assembler": 150, "Quintorius Kand": 2100, "Kayla's Command_SB": 1496, "Hired Claw_SB": 1317, "Luminous Rebuke_SB": 1659, "Stalactite Stalker": 2573, "Felidar Retreat_SB": 949, "Massacre Wurm": 1712, "Dreamdew Entrancer_SB": 730, "Spinner of Souls_SB": 2549, "Gisa, the Hellraiser_SB": 1107, "Bitter Reunion_SB": 216, "Jace Reawakened_SB": 1450, "Dust Animus": 750, "Steel Seraph_SB": 2591, "Gumdrop Poisoner_SB": 1210, "Archangel of Tithes_SB": 96, "Demonic Counsel_SB": 647, "Herbology Instructor": 1284, "Restless Bivouac_SB": 2210, "Lively Dirge_SB": 1622, "Imperious Perfect_SB": 1364, "Sandstorm Salvager_SB": 2306, "Tough Cookie_SB": 2885, "Raucous Carnival_SB": 2142, "Titania's Command": 2860, "Funeral Room // Awakening Hall_SB": 1044, "Rise of the Dark Realms_SB": 2236, "The Mycotyrant": 2774, "Sporogenic Infection_SB": 2561, "Seize the Spoils": 2384, "Canonized in Blood": 380, "Cemetery Recruitment": 423, "Diregraf Ghoul": 672, "Hungry Ghoul": 1344, "Offer Immortality": 1898, "Sanguine Syphoner": 2311, "Skeleton Archer": 2452, "Vampiric Rites": 3040, "Temple of Enlightenment": 2713, "Fumigate_SB": 1042, "Valkyrie's Call_SB": 3024, "Skystrike Officer": 2475, "Mockingbird_SB": 1776, "Temple of Mystery": 2717, "Timely Interference": 2850, "Vesuvan Duplimancy": 3062, "Dive Down_SB": 688, "Scrawling Crawler_SB": 2348, "Dryad Militant_SB": 741, "Bristlebud Farmer": 328, "Charred Foyer && Warped Space_SB": 447, "Absolving Lammasu_SB": 6, "Think Twice": 2797, "Micromancer_SB": 1740, "Coruscation Mage_SB": 541, "Bruse Tarl, Roving Rancher": 340, "Fblthp, Lost on the Range": 912, "Weakstone's Subjugation": 3149, "Fblthp, Lost on the Range_SB": 913, "Weakstone's Subjugation_SB": 3150, "Bottomless Pool && Locker Room": 287, "Hidetsugu's Second Rite_SB": 1307, "Invasion of Karsus_SB": 1419, "Mirror Room && Fractured Realm_SB": 1759, "Sword of Wealth and Power_SB": 2676, "Wildfire Howl_SB": 3170, "Zurgo and Ojutai_SB": 3235, "Halo Forager_SB": 1220, "Mabel, Heir to Cragflame_SB": 1671, "Ballyrush Banneret": 168, "Siege Veteran_SB": 2435, "Soulstone Sanctuary_SB": 2519, "Karn, Living Legacy": 1488, "Metropolis Reformer": 1737, "Silverback Elder_SB": 2444, "Final Vengeance_SB": 974, "Blood Spatter Analysis": 242, "Rundvelt Hordemaster": 2281, "Branchblight Stalker": 303, "Gitaxian Anatomist": 1109, "Goliath Hatchery": 1161, "Ichorspit Basilisk": 1354, "Lakeside Shack": 1559, "Maze's Mantle": 1717, "Mesmerizing Dose": 1732, "Paladin of Predation": 1971, "Plague Nurse": 2036, "Tainted Observer": 2686, "Tangled Islet": 2697, "Thrummingbird": 2838, "Tyrranax Atrocity": 2932, "Venomous Brutalizer": 3057, "Viral Spawning": 3077, "Vivisurgeon's Insight": 3093, "Angelic Intervention": 66, "Omenpath Journey": 1911, "Poison Dart Frog": 2045, "Rampaging Baloths": 2129, "Migloz, Maze Crusher_SB": 1746, "Seraphic Steed": 2392, "Meticulous Excavation_SB": 1736, "Seeker's Folly_SB": 2382, "Realmbreaker, the Invasion Tree": 2157, "Deeproot Pilgrimage": 627, "Mistway Spy": 1772, "Grabby Giant": 1168, "Rite of the Dragoncaller": 2239, "Aegis Turtle": 17, "Venerated Rotpriest_SB": 3052, "Hulking Raptor": 1343, "Pugnacious Hammerskull": 2086, "Invasion of Kaldheim": 1417, "Gwenna, Eyes of Gaea": 1211, "Halana and Alena, Partners": 1214, "Inga and Esika": 1376, "Myrel, Shield of Argive": 1824, "Hajar, Loyal Bodyguard_SB": 1213, "Surrak and Goreclaw_SB": 2660, "Doomsday Excruciator_SB": 699, "Getaway Glamer_SB": 1083, "Bottomless Pool // Locker Room": 289, "Necrogen Communion": 1836, "Vraska Joins Up": 3116, "Thirsting Roots_SB": 2801, "Battlefly Swarm": 193, "Solemn Simulacrum": 2499, "Maha, Its Feathers Night_SB": 1684, "Viashino Pyromancer_SB": 3069, "The Stone Brain": 2786, "Decadent Dragon_SB": 621, "Defiled Crypt // Cadaver Lab_SB": 639, "Heraldic Banner": 1282, "Heraldic Banner_SB": 1283, "Thalia and The Gitrog Monster": 2733, "Surgical Suite && Hospital Room_SB": 2656, "Rebel Salvo_SB": 2161, "Entity Tracker_SB": 822, "Aether Channeler": 19, "Defiled Crypt && Cadaver Lab": 636, "Exuberant Fuseling": 874, "Thundertrap Trainer_SB": 2847, "Abuelo's Awakening": 7, "Kitsa, Otterball Elite_SB": 1523, "Rona, Herald of Invasion_SB": 2267, "Unnerving Grasp_SB": 2974, "Wilt-Leaf Liege_SB": 3175, "Fear of Surveillance": 928, "Kona, Rescue Beastie": 1540, "Time Stop": 2848, "Fleeting Flight_SB": 988, "Muerra, Trash Tactician": 1815, "Quick Draw_SB": 2098, "Smuggler's Surprise_SB": 2493, "Whisper of the Dross": 3162, "Vraska's Fall_SB": 3119, "Bottomless Pool // Locker Room_SB": 290, "The Princess Takes Flight_SB": 2776, "Anim Pakal, Thousandth Moon_SB": 69, "Blasphemous Edict": 226, "Palani's Hatcher": 1972, "Temple of Abandon": 2711, "Mechanized Warfare": 1723, "Adaptive Automaton": 14, "Three Tree Mascot": 2831, "Mischievous Mystic": 1762, "Defiler of Flesh": 641, "Garruk's Uprising": 1061, "Zul Ashur, Lich Lord": 3231, "Kraul Whipcracker_SB": 1544, "Restless Reef_SB": 2216, "Lifecreed Duo": 1601, "At Knifepoint_SB": 139, "Monstrous Rage_SB": 1799, "Kellan's Lightblades_SB": 1502, "Annie Flash, the Veteran_SB": 73, "Blasphemous Edict_SB": 227, "Defiled Crypt && Cadaver Lab_SB": 637, "Cultivator's Caravan": 574, "Scene of the Crime": 2337, "Demonic Ruckus_SB": 653, "Impact Tremors_SB": 1362, "Coveted Falcon_SB": 551, "Wishclaw Talisman_SB": 3182, "Swooping Lookout": 2669, "Recruitment Officer_SB": 2171, "Oko, the Ringleader_SB": 1907, "Kambal, Profiteering Mayor": 1482, "Kaya, Spirits' Justice_SB": 1495, "Highway Robbery_SB": 1313, "Intrepid Paleontologist": 1403, "Bolt Bend_SB": 264, "Wishclaw Talisman": 3181, "Feldon's Cane": 943, "Neutralize the Guards": 1846, "Ayli, Eternal Pilgrim": 157, "Disturbing Conversion": 684, "Shipwreck Dowser": 2418, "Abuelo's Awakening_SB": 8, "Builder's Talent_SB": 345, "Eerie Interference_SB": 768, "Untimely Malfunction": 2988, "Argentum Masticore": 109, "Hall of Tagsin": 1217, "Hedron Archive": 1271, "The Mycosynth Gardens": 2773, "Tomakul Honor Guard": 2875, "Imprisoned in the Moon_SB": 1365, "Inquisitive Glimmer_SB": 1382, "Refute_SB": 2177, "Bramble Familiar": 300, "Sphinx of the Final Word_SB": 2542, "Repulsive Mutation": 2196, "Sylvan Scavenging_SB": 2679, "Walk with the Ancestors": 3127, "Meathook Massacre II_SB": 1722, "Thundering Falls_SB": 2843, "Dowsing Device": 707, "Saheeli, Filigree Master_SB": 2300, "Case of the Ransacked Lab": 400, "The Surgical Bay": 2788, "War Squeak_SB": 3133, "Spirebluff Canal_SB": 2551, "Scrawling Crawler": 2347, "Chandra, Flameshaper_SB": 433, "Expel the Interlopers": 857, "Bite Down": 213, "Gaea's Gift": 1052, "Trash the Town": 2898, "Corsair Captain": 539, "Lost Jitte_SB": 1650, "Blazing Crescendo_SB": 232, "Rip, Spawn Hunter": 2233, "Funeral Room // Awakening Hall": 1043, "Outlaw Medic": 1936, "Wilt-Leaf Liege": 3174, "Thousand Moons Smithy_SB": 2817, "Blightbelly Rat": 235, "Unnatural Restoration": 2971, "Carnivorous Canopy_SB": 389, "Gaea's Gift_SB": 1053, "Give In to Violence_SB": 1111, "Cityscape Leveler_SB": 469, "Nahiri's Resolve_SB": 1828, "Brazen Collector": 310, "Generous Plunderer": 1072, "Trial of Agony": 2904, "Zoyowa's Justice": 3230, "Ancestors' Aid_SB": 60, "Leyline of Resonance_SB": 1591, "Churning Reservoir": 462, "Magmatic Sprinter": 1680, "Sardian Cliffstomper": 2312, "Solphim, Mayhem Dominus": 2501, "The Monumental Facade": 2772, "Churning Reservoir_SB": 463, "Magmatic Sprinter_SB": 1681, "Monastery Swiftspear_SB": 1793, "Sardian Cliffstomper_SB": 2313, "Repel Calamity_SB": 2195, "Malcolm, Alluring Scoundrel_SB": 1691, "Call a Surprise Witness": 370, "Samut, Vizier of Naktamun": 2303, "Trostani, Three Whispers": 2910, "Tribute to the World Tree_SB": 2907, "Taii Wakeen, Perfect Shot": 2682, "Unruly Catapult": 2975, "Glassworks // Shattered Yard_SB": 1124, "Hulking Metamorph": 1342, "Surge Engine_SB": 2651, "Massacre Girl, Known Killer": 1710, "Massacre Girl, Known Killer_SB": 1711, "Rakdos Joins Up_SB": 2122, "Rakdos, the Muscle_SB": 2125, "Ghalta and Mavren": 1085, "Hide in Plain Sight": 1302, "Progenitus": 2075, "Crystal Barricade": 569, "Green Sun's Twilight_SB": 1186, "Break Down the Door": 313, "Bubble Smuggler": 343, "Cryptid Inspector": 568, "Cursed Windbreaker": 582, "Exit Specialist": 853, "Polukranos Reborn_SB": 2051, "Hazardroot Herbalist": 1252, "Head of the Homestead": 1255, "Rabbit Response": 2103, "Treeguard Duo": 2902, "Uncharted Haven": 2946, "Warren Elder": 3141, "Head of the Homestead_SB": 1256, "Grab the Prize_SB": 1167, "Stroke of Midnight_SB": 2621, "Stroke of Midnight": 2620, "Eriette's Tempting Apple": 825, "Experimental Confectioner": 860, "Feed the Cauldron": 937, "Gingerbread Hunter": 1104, "Greta, Sweettooth Scourge": 1190, "Mintstrosity": 1753, "Scream Puff": 2349, "Spider Food": 2543, "Sweettooth Witch": 2664, "Three Bowls of Porridge": 2827, "Sugar Rush_SB": 2629, "Ragged Playmate": 2114, "Fear of Surveillance_SB": 929, "Grand Entryway // Elegant Rotunda_SB": 1175, "Norin, Swift Survivalist_SB": 1871, "Ragged Playmate_SB": 2115, "Wandertale Mentor": 3131, "Vodalian Mindsinger_SB": 3096, "Corrupted Conviction_SB": 538, "Deadly Brew_SB": 609, "Leonin Vanguard_SB": 1582, "Ruin-Lurker Bat_SB": 2278, "The Millennium Calendar_SB": 2770, "Veteran Survivor_SB": 3065, "Cheeky House-Mouse_SB": 452, "Dryad Militant": 740, "Contagious Vorrac": 526, "Necrogen Rotpriest": 1837, "Armored Scrapgorger_SB": 119, "Invasion of Fiora_SB": 1412, "Rush of Dread_SB": 2288, "Final Flourish_SB": 970, "Time Stop_SB": 2849, "Unnatural Restoration_SB": 2972, "Founding the Third Path_SB": 1022, "Binding Negotiation": 209, "Vraska, the Silencer": 3122, "Invasion of Ergamon": 1411, "Beastie Beatdown_SB": 198, "Break Out_SB": 315, "Vengeful Possession": 3054, "Step Between Worlds_SB": 2593, "Hellspur Posse Boss": 1276, "Cynical Loner_SB": 587, "Hellspur Brute_SB": 1275, "Kemba, Kha Enduring": 1511, "Swiftfoot Boots": 2666, "Astor, Bearer of Blades_SB": 137, "Consuming Aberration": 525, "Knight of Dusk's Shadow": 1526, "No One Left Behind_SB": 1867, "Botanical Brawler": 285, "Dusk Legion Duelist": 747, "Stocking the Pantry": 2601, "Tribute to the World Tree": 2906, "Collector's Cage_SB": 495, "Barkform Harvester": 181, "Rampaging Spiketail": 2132, "Evolved Sleeper": 849, "Friendly Teddy": 1032, "Consumed by Greed_SB": 524, "Hop to It_SB": 1328, "Dragonmaster Outcast": 719, "Skyfisher Spider_SB": 2470, "Chart a Course_SB": 450, "Johann's Stopgap_SB": 1464, "Let's Play a Game_SB": 1584, "Festerleech": 959, "Fallaji Archaeologist_SB": 897, "Kroxa and Kunoros": 1549, "Shrouded Shepherd": 2432, "Garruk's Uprising_SB": 1062, "Hexgold Halberd": 1295, "Soul Search": 2508, "Daggerfang Duo": 588, "Deathbloom Gardener": 615, "Hoarding Recluse": 1320, "Moonstone Harbinger": 1803, "Pestilent Syphoner": 1996, "Ygra, Eater of All": 3209, "Llanowar Elves_SB": 1625, "Mosswood Dreadknight_SB": 1809, "Take for a Ride_SB": 2689, "Boltwave_SB": 266, "Fleeting Flight": 987, "Stormchaser's Talent_SB": 2614, "Cactarantula": 363, "Ashnod's Harvester": 127, "Warhost's Frenzy": 3138, "Think Twice_SB": 2798, "Rustler Rampage": 2290, "Wojek Investigator": 3193, "Searslicer Goblin_SB": 2363, "Felidar Cub": 946, "Oracle of Tragedy": 1920, "Felidar Cub_SB": 947, "Knight-Errant of Eos_SB": 1531, "Ruthless Lawbringer_SB": 2292, "Detective's Satchel": 663, "Forensic Gadgeteer_SB": 1010, "Ice Out_SB": 1351, "Claim Jumper_SB": 472, "Geralf, the Fleshwright": 1076, "Geralf, the Fleshwright_SB": 1077, "Eaten Alive_SB": 761, "Ojer Pakpatiq, Deepest Epoch": 1904, "Disturbing Conversion_SB": 685, "Lithomantic Barrage": 1618, "Enduring Vitality_SB": 811, "Audience with Trostani_SB": 145, "Leyline of the Void": 1595, "Sentinel of Lost Lore": 2388, "Wylie Duke, Atiin Hero": 3205, "Defiler of Dreams_SB": 640, "Omen Hawker": 1909, "Into the Fire": 1398, "Invasion of Karsus": 1418, "Surgical Suite // Hospital Room_SB": 2658, "Cosmic Hunger": 542, "Paranormal Analyst": 1974, "Vannifar, Evolved Enigma": 3045, "Fog Bank_SB": 1003, "Talion, the Kindly Lord_SB": 2695, "Extraordinary Journey": 872, "Gold Pan": 1156, "Extraordinary Journey_SB": 873, "Nurturing Pixie_SB": 1883, "Moonshaker Cavalry": 1802, "Balemurk Leech": 166, "Bashful Beastie": 186, "Cackling Slasher": 361, "Defiant Survivor": 635, "Fear of the Dark": 930, "Flesh Burrower": 991, "Give In to Violence": 1110, "Grasping Longneck": 1176, "Horrid Vigor": 1334, "Innocuous Rat": 1380, "Let's Play a Game": 1583, "Wickerfolk Thresher": 3167, "Winter's Intervention": 3179, "Leyline of Transformation": 1593, "Saheeli's Lattice": 2298, "Etali, Primal Storm_SB": 842, "Connecting the Dots_SB": 520, "Adamant Will": 13, "Goldvein Pick": 1159, "Moment of Triumph": 1786, "Pilfer": 2029, "Public Thoroughfare": 2085, "Undying Malice": 2958, "Cancel_SB": 375, "Opt_SB": 1917, "Bushwhack_SB": 359, "Mistbreath Elder_SB": 1771, "Polliwallop_SB": 2048, "Realmbreaker's Grasp_SB": 2156, "Stickytongue Sentinel_SB": 2596, "Tumbleweed Rising_SB": 2913, "Analyze the Pollen_SB": 58, "Annihilating Glare": 75, "Fanatical Offering": 903, "Sword of Wealth and Power": 2675, "Makeshift Binding": 1688, "Pelakka Wurm": 1987, "Jump Scare_SB": 1471, "Progenitus_SB": 2076, "Harvestrite Host": 1240, "Cut Short_SB": 585, "Family Reunion_SB": 898, "Skulduggery": 2461, "Skulduggery_SB": 2462, "Lassoed by the Law": 1560, "Mabel's Mettle": 1669, "Minor Misstep": 1751, "Central Elevator // Promising Stairs": 425, "Creeping Peeper": 556, "Dazzling Theater // Prop Room": 604, "Erratic Apparition": 828, "Fear of Falling": 918, "Lionheart Glimmer": 1616, "Restricted Office // Lecture Hall": 2224, "Stalked Researcher_SB": 2575, "Tunnel Surveyor_SB": 2917, "Archon of Cruelty": 105, "Bloodstained Mire": 250, "Brazen Borrower": 308, "Counterspell": 549, "Faithless Looting": 893, "Fatal Push": 907, "Force of Negation": 1006, "Misty Rainforest": 1773, "Persist": 1992, "Polluted Delta": 2049, "Psychic Frog": 2083, "Scalding Tarn": 2326, "Sink into Stupor": 2449, "Spell Snare": 2532, "Steam Vents": 2586, "Tamiyo, Inquisitive Student": 2696, "Thoughtseize": 2814, "Unearth": 2959, "Watery Grave": 3147, "Consign to Memory_SB": 522, "Fable of the Mirror-Breaker_SB": 878, "Harbinger of the Seas_SB": 1227, "Nihil Spellbomb_SB": 1856, "Stern Scolding_SB": 2595, "Surgical Extraction_SB": 2654, "Ajani, Nacatl Pariah": 37, "Arena of Glory": 108, "Arid Mesa": 113, "Blood Crypt": 239, "Chained to the Rocks": 428, "Goblin Bombardment": 1144, "Godless Shrine": 1155, "Guide of Souls": 1206, "Marsh Flats": 1708, "Ocelot Pride": 1897, "Phelia, Exuberant Shepherd": 2002, "Phlage, Titan of Fire's Fury": 2003, "Sacred Foundry": 2297, "Seasoned Pyromancer": 2373, "Thraben Charm": 2818, "Chained to the Rocks_SB": 429, "Drannith Magistrate_SB": 723, "Obsidian Charmaw_SB": 1893, "Orim's Chant_SB": 1922, "Ragavan, Nimble Pilferer_SB": 2113, "Stony Silence_SB": 2608, "Wear // Tear_SB": 3151, "Wrath of the Skies_SB": 3197, "Blazing Rootwalla": 233, "Burning Inquiry": 351, "Detective's Phoenix": 662, "Flameblade Adept": 981, "Goblin Lore": 1148, "Hollow One": 1322, "Lightning Bolt": 1603, "Stomping Ground": 2607, "Street Wraith": 2618, "Vengevine": 3056, "Wooded Foothills": 3194, "Cursed Totem_SB": 581, "Meltdown_SB": 1727, "Barbarian Ring": 179, "Eidolon of the Great Revel": 771, "Flare of Duplication": 985, "Goblin Guide": 1147, "Lava Spike": 1566, "Rift Bolt": 2230, "Searing Blaze": 2360, "Skewer the Critics": 2454, "Skullcrack": 2465, "Sunbaked Canyon": 2634, "Ensnaring Bridge_SB": 817, "Faerie Macabre_SB": 888, "Smash to Smithereens_SB": 2490, "Amulet of Vigor": 54, "Arboreal Grazer": 89, "Boseiju, Who Endures": 283, "Crumbling Vestige": 563, "Dryad Arbor": 739, "Dryad of the Ilysian Grove": 742, "Echoing Deeps": 764, "Explore": 862, "Green Sun's Zenith": 1187, "Gruul Turf": 1202, "Hanweir Battlements": 1224, "Lotus Field": 1653, "Mirrorpool": 1761, "Otawara, Soaring City": 1930, "Primeval Titan": 2069, "Scapeshift": 2331, "Shifting Woodland": 2417, "Simic Growth Chamber": 2446, "Summoner's Pact": 2631, "Tolaria West": 2871, "Urza's Cave": 3007, "Urza's Saga": 3010, "Valakut, the Molten Pinnacle": 3016, "Vesuva": 3060, "Bojuka Bog_SB": 263, "Collector Ouphe_SB": 493, "Defense Grid_SB": 634, "Dismember_SB": 678, "Endurance_SB": 801, "Force of Vigor_SB": 1007, "Tireless Tracker_SB": 2857, "Vampires' Vengeance_SB": 3039, "Dwarven Mine": 753, "Fable of the Mirror-Breaker": 877, "Flooded Strand": 992, "Indomitable Creativity": 1370, "Jetmir's Garden": 1458, "Prismatic Ending": 2072, "Wrenn and Six": 3201, "Xander's Lounge": 3206, "Boseiju, Who Endures_SB": 284, "Damping Sphere_SB": 589, "Hurkyl's Recall_SB": 1347, "Toxic Deluge_SB": 2886, "Cling to Dust": 481, "Harbinger of the Seas": 1226, "Murktide Regent": 1821, "Preordain": 2065, "Thought Scour": 2811, "Engineered Explosives_SB": 814, "Mystical Dispute_SB": 1826, "Spell Pierce_SB": 2531, "The Meathook Massacre_SB": 2767, "Orcish Bowmasters": 1921, "Galvanic Discharge": 1055, "Showdown of the Skalds_SB": 2430, "Thoughtseize_SB": 2815, "Den of the Bugbear": 654, "Devastating Summons": 664, "Foundry Street Denizen": 1023, "Goblin Bushwhacker": 1145, "Goblin Grenade": 1146, "Goblin Piledriver": 1150, "Legion Loyalist": 1578, "Mogg War Marshal": 1777, "Reckless Bushwhacker": 2162, "Skirk Prospector": 2455, "Sokenzan, Crucible of Defiance": 2498, "Blood Moon_SB": 241, "Magus of the Moon_SB": 1682, "Reality Hemorrhage_SB": 2154, "Shattering Spree_SB": 2407, "Tormod's Crypt_SB": 2882, "Ziatora's Proving Ground": 3221, "Terastodon_SB": 2725, "Veil of Summer_SB": 3048, "Consider": 521, "Graveyard Trespasser": 1177, "Exquisite Firecraft_SB": 865, "Searing Blood_SB": 2361, "Tunnel Ignus_SB": 2915, "Ragavan, Nimble Pilferer": 2112, "Showdown of the Skalds": 2429, "Static Prison": 2584, "Windswept Heath": 3177, "Fear, Fire, Foes!_SB": 931, "Vexing Bauble": 3066, "Colossal Skyturtle_SB": 502, "Generous Ent_SB": 1071, "Grist, the Hunger Tide_SB": 1196, "Hexdrinker_SB": 1294, "Come Back Wrong": 507, "Glassworks // Shattered Yard": 1123, "Slice from the Shadows": 2482, "Talion, the Kindly Lord": 2694, "Over the Edge_SB": 1942, "Poison Dart Frog_SB": 2046, "Beamtown Beatstick": 195, "Celestial Armor": 422, "Edgewall Inn": 767, "Goliath Hatchery_SB": 1162, "Balmor, Battlemage Captain": 169, "Bria, Riptide Rogue": 319, "Freeze in Place": 1028, "Relic's Roar": 2187, "Run Away Together_SB": 2279, "Scalding Viper_SB": 2328, "Defabricate": 630, "Fear of Burning Alive": 917, "Iron-Fist Pulverizer": 1438, "Johann, Apprentice Sorcerer": 1465, "Keldon Flamesage": 1500, "Kraum, Violent Cacophony": 1545, "Molten Tributary": 1783, "Nightwhorl Hermit": 1855, "Pyrotechnic Performer": 2093, "Razzle-Dazzler": 2153, "Snaremaster Sprite": 2496, "Stop Cold": 2609, "Thopter Mechanic": 2806, "Vesuvan Drifter": 3061, "Involuntary Cooldown_SB": 1434, "Kellan, Planar Trailblazer_SB": 1507, "Mishra's Command_SB": 1767, "Out of Air_SB": 1933, "Plan the Heist_SB": 2039, "Sleight of Hand_SB": 2481, "Trick Shot_SB": 2908, "Violent Urge_SB": 3076, "Harrier Strix": 1236, "The Filigree Sylex": 2750, "Hardened Escort": 1232, "Holy Cow": 1324, "Living Phone": 1623, "Unsettling Twins": 2979, "Feather of Flight_SB": 934, "Possessed Goat_SB": 2060, "Raccoon Rallier_SB": 2106, "Rogue's Passage_SB": 2262, "The Jolly Balloon Man_SB": 2761, "Unsettling Twins_SB": 2980, "Heartfire Hero_SB": 1261, "Inti, Seneschal of the Sun_SB": 1394, "Pests of Honor": 1998, "Dauntless Dismantler_SB": 596, "Phoenix Chick_SB": 2005, "Gleaming Barrier": 1125, "Gleaming Barrier_SB": 1126, "Solemn Simulacrum_SB": 2500, "Sure Strike_SB": 2649, "Twinferno_SB": 2922, "Ancestors' Aid": 59, "Furious Bellow": 1045, "Ghitu Amplifier": 1089, "Heartfire Immolator": 1262, "Sure Strike": 2648, "Whiskerquill Scribe": 3160, "Halo Hopper": 1221, "Grand Abolisher": 1171, "Unnerving Grasp": 2973, "Hellspur Posse Boss_SB": 1277, "Harbinger of the Tides": 1228, "Harbinger of the Tides_SB": 1229, "Fynn, the Fangbearer_SB": 1051, "Cat Collector": 405, "Bottomless Pool && Locker Room_SB": 288, "Growing Rites of Itlimoc": 1198, "Season of Gathering": 2364, "Horrid Vigor_SB": 1335, "Lionheart Glimmer_SB": 1617, "Omnivorous Flytrap_SB": 1914, "Seasoned Warrenguard_SB": 2375, "Into the Roil": 1401, "Into the Roil_SB": 1402, "Ayara, Widow of the Realm": 156, "Arachnoid Adaptation": 86, "Throw from the Saddle": 2837, "Longstalk Brawl_SB": 1637, "Thrill of Possibility_SB": 2835, "Feldon, Ronom Excavator": 945, "Roc Hunter": 2255, "Adventuring Gear_SB": 16, "Fear of Being Hunted_SB": 916, "Vicious Clown_SB": 3071, "Jump Scare": 1470, "Niko, Light of Hope": 1857, "Stalked Researcher": 2574, "Tunnel Surveyor": 2916, "Fear of Isolation_SB": 924, "Splash Portal_SB": 2555, "Demonic Pact_SB": 651, "Rite of the Dragoncaller_SB": 2240, "Valorous Stance": 3034, "Lodestone Needle": 1630, "Sawblade Skinripper_SB": 2322, "Afterburner Expert": 24, "Draconautics Engineer": 708, "Dredger's Insight": 733, "Loot, the Pathfinder": 1640, "Molt Tender": 1779, "Restless Spire_SB": 2220, "Momentum Breaker": 1788, "Sunbillow Verge": 2635, "Grim Bauble": 1194, "Spell Pierce": 2530, "Debris Beetle": 618, "Wastewood Verge": 3146, "Vein Ripper_SB": 3050, "Oildeep Gearhulk": 1899, "Haunt the Network_SB": 1244, "Bartolom\u00e9 del Presidio_SB": 185, "Lunar Convocation_SB": 1662, "Bloodghast": 246, "Valley Rotcaller_SB": 3031, "Oildeep Gearhulk_SB": 1900, "Outpace Oblivion_SB": 1939, "Gleeful Demolition_SB": 1129, "Monument to Endurance": 1800, "Ride's End": 2228, "Defend the Rider": 632, "Hazoret, Godseeker": 1254, "Bleachbone Verge": 234, "Willowrush Verge": 3173, "Intimidation Tactics": 1396, "Ketramose, the New Dawn": 1512, "Transmutation Font": 2895, "Braided Net_SB": 297, "Cunning Coyote_SB": 576, "Bounce Off": 293, "Greasewrench Goblin": 1179, "Marauding Mako": 1702, "Riverpyre Verge": 2248, "Scrounging Skyray": 2354, "Bounce Off_SB": 294, "Engine Rat": 812, "Gonti, Night Minister": 1163, "Perilous Snare": 1990, "Teysa, Opulent Oligarch": 2732, "Chandra, Spark Hunter_SB": 437, "Grim Bauble_SB": 1195, "Momentum Breaker_SB": 1789, "Lightwheel Enhancements": 1608, "Tomik, Wielder of Law_SB": 2877, "Memory Guardian": 1728, "Mendicant Core, Guidelight": 1729, "Diversion Unit_SB": 690, "The Aetherspark": 2735, "Brightglass Gearhulk": 322, "Voyager Glidecar": 3113, "Chandra, Spark Hunter": 436, "Intimidation Tactics_SB": 1397, "Optimistic Scavenger_SB": 1919, "Captain Howler, Sea Scourge": 382, "Gastal Thrillroller": 1066, "Riptide Gearhulk": 2234, "Transit Mage": 2894, "Heliod, the Radiant Dawn": 1273, "Twinblade Blessing": 2920, "Diversion Unit": 689, "Muraganda Raceway": 1818, "Nesting Bot": 1843, "Repurposing Bay": 2198, "Gastal Thrillroller_SB": 1067, "Lifecraft Engine": 1600, "Mindspring Merfolk": 1750, "Mu Yanling, Wind Rider": 1813, "Caelorna, Coral Tyrant_SB": 364, "Lumbering Worldwagon": 1656, "Overrun": 1958, "Defend the Rider_SB": 633, "Zephyr Singer_SB": 3218, "Burnout Bashtronaut": 353, "Demonic Junker": 648, "Nexus of Becoming": 1848, "Amonkhet Raceway": 53, "Gastal Thrillseeker": 1068, "The Last Ride": 2764, "The Speed Demon": 2784, "Ancient Vendetta_SB": 63, "Monument to Endurance_SB": 1801, "The Speed Demon_SB": 2785, "Quag Feast": 2094, "Gastal Raider_SB": 1065, "Howlsquad Heavy": 1338, "Count on Luck_SB": 548, "Invasion of Regatha_SB": 1422, "Ketramose, the New Dawn_SB": 1513, "Thunderous Velocipede": 2844, "Regal Imperiosaur": 2182, "Intrepid Paleontologist_SB": 1404, "Voyager Glidecar_SB": 3114, "Fuel the Flames": 1036, "Skycrash": 2467, "Broadside Barrage_SB": 334, "Fuel the Flames_SB": 1037, "Locust Spray": 1629, "Riverchurn Monument": 2245, "Agonasaur Rex": 31, "Tyrox, Saurid Tyrant": 2931, "Esoteric Duplicator": 834, "Voyage Home": 3112, "Aether Syphon_SB": 21, "Spectacular Pileup": 2524, "Coalstoke Gearhulk_SB": 485, "Boosted Sloop": 279, "Broadside Barrage": 333, "Thopter Fabricator_SB": 2805, "Collision Course_SB": 499, "Pit Automaton": 2033, "Visage of Dread": 3089, "The Last Ride_SB": 2765, "Visage of Dread_SB": 3090, "Ride's End_SB": 2229, "Thalia and The Gitrog Monster_SB": 2734, "Zahur, Glory's Past": 3215, "Quag Feast_SB": 2095, "Leaf-Crowned Visionary_SB": 1574, "Mossborn Hydra_SB": 1807, "Overrun_SB": 1959, "Painful Quandary_SB": 1966, "Wardens of the Cycle_SB": 3137, "Red Sun's Twilight_SB": 2172, "Perilous Snare_SB": 1991, "Playful Shove": 2041, "Debris Beetle_SB": 619, "Mishra, Claimed by Gix": 1769, "Bloated Contaminator_SB": 238, "The Aetherspark_SB": 2736, "Fearless Swashbuckler": 932, "Unctus, Grand Metatect": 2948, "Invasion of Mercadia": 1420, "Webstrike Elite": 3154, "Webstrike Elite_SB": 3155, "Coiling Rebirth_SB": 489, "Say Its Name_SB": 2324, "Spectral Interference_SB": 2527, "Stock Up": 2599, "Spectacular Pileup_SB": 2525, "Far Fortune, End Boss": 904, "Gas Guzzler": 1063, "Flotsam // Jetsam_SB": 996, "Claim Jumper": 471, "Ancient Vendetta": 62, "Full Throttle_SB": 1040, "Loot, the Key to Everything_SB": 1639, "Loot, the Pathfinder_SB": 1641, "Urza's Command_SB": 3008, "Lassoed by the Law_SB": 1561, "Blast Zone_SB": 229, "Basri, Tomorrow's Champion": 189, "Skyseer's Chariot_SB": 2473, "Dive Down": 687, "Engine Rat_SB": 813, "Essence Channeler_SB": 836, "Lunar Insight": 1663, "Jodah, the Unifier_SB": 1463, "Dropkick Bomber": 736, "Coalstoke Gearhulk": 484, "Visage Bandit": 3088, "Waxen Shapethief": 3148, "Dune Drifter": 744, "Rampaging Raptor": 2130, "Agonasaur Rex_SB": 32, "Become Brutes": 199, "The Elder Dragon War_SB": 2743, "Caradora, Heart of Alacria": 385, "Skyseer's Chariot": 2472, "Valor's Flagship": 3032, "Veteran Beastrider": 3063, "Threadbind Clique": 2824, "Twining Twins": 2924, "Boommobile_SB": 276, "Radiant Lotus_SB": 2109, "Boommobile": 275, "Forging the Anchor": 1014, "Radiant Lotus": 2108, "The Mightstone and Weakstone_SB": 2769, "Bloodthorn Flail": 253, "Flamewake Phoenix": 983, "Cryptcaller Chariot_SB": 564, "Volley Veteran": 3105, "Riptide Gearhulk_SB": 2235, "Riverchurn Monument_SB": 2246, "Spiteful Hexmage_SB": 2553, "Clamorous Ironclad": 475, "Furnace Host Charger": 1046, "Alania, Divergent Storm": 45, "Frolicking Familiar": 1033, "Wishing Well": 3183, "Resplendent Angel_SB": 2203, "Cephalopod Sentry": 426, "Thopter Fabricator": 2804, "Redshift, Rocketeer Chief": 2174, "Haunt the Network": 1243, "Sorcerous Spyglass": 2504, "Demonic Junker_SB": 649, "Halana and Alena, Partners_SB": 1215, "Valor's Flagship_SB": 3033, "Stall Out": 2576, "Stall Out_SB": 2577, "Gloryheath Lynx": 1138, "Sovereign Okinec Ahau": 2521, "The Raven Man": 2777, "The Raven Man_SB": 2778, "Broodheart Engine": 335, "Bat Colony": 190, "Hidden Volcano": 1301, "Marketback Walker": 1706, "Sab-Sunen, Luxa Embodied": 2295, "Simian Simulacrum": 2445, "Sylvan Scavenging": 2678, "Mold Adder_SB": 1778, "Boom Box": 274, "Broadcast Rambler": 332, "Possession Engine": 2061, "Leyline Binding_SB": 1587, "Bulwark Ox": 347, "Reluctant Role Model": 2188, "Reluctant Role Model_SB": 2189, "Marketback Walker_SB": 1707, "Daretti, Rocketeer Engineer": 591, "Threefold Thunderhulk": 2833, "Tune Up": 2914, "Meteor Golem_SB": 1734, "Burnout Bashtronaut_SB": 354, "Gastal Raider": 1064, "Oviya, Automech Artisan": 1962, "The Skullspore Nexus_SB": 2783, "Market Gnome_SB": 1705, "Cosmium Confluence": 545, "Festival of Embers": 960, "Skycrash_SB": 2468, "Nexus of Becoming_SB": 1849, "Sab-Sunen, Luxa Embodied_SB": 2296, "Earthrumbler": 758, "Collector's Vault_SB": 497, "Thran Spider_SB": 2821, "Akal Pakal, First Among Equals_SB": 41, "Deepfathom Echo": 626, "Forensic Researcher": 1011, "Oko, the Ringleader": 1906, "Chitin Gravestalker": 455, "Starving Revenant_SB": 2582, "Steamcore Scholar_SB": 2588, "Ojer Pakpatiq, Deepest Epoch_SB": 1905, "Thunderous Velocipede_SB": 2845, "Stock Up_SB": 2600, "Fear of Infinity_SB": 922, "Dredger's Insight_SB": 734, "Fauna Shaman_SB": 910, "Barrow Naughty": 183, "Faerie Slumber Party": 891, "Mocking Sprite": 1774, "Spellscorn Coven": 2538, "Talion's Messenger": 2692, "Coerced to Kill": 487, "Etrata, Deadly Fugitive": 847, "Unstoppable Plan_SB": 2983, "Hoarding Broodlord": 1319, "Shadow-Rite Priest": 2399, "Baral and Kari Zev": 178, "Enigma Drake": 815, "Brightfield Glider": 321, "Congregation Gryff": 519, "Giant Beaver": 1097, "Lagorin, Soul of Alacria": 1557, "Miriam, Herd Whisperer": 1755, "Ornery Tumblewagg": 1923, "Trained Arynx": 2887, "Run Over_SB": 2280, "Night Market": 1853, "Carrion Locust_SB": 390, "Stockpiling Celebrant_SB": 2603, "Akal Pakal, First Among Equals": 40, "Forensic Gadgeteer": 1009, "Deduce_SB": 623, "Wreck Remover_SB": 3198, "Fountainport Bell": 1025, "Guidelight Optimizer": 1207, "Oaken Siren": 1885, "Machine Over Matter_SB": 1673, "Spinewoods Paladin": 2547, "Malcator, Purity Overseer": 1689, "Tranquil Cove_SB": 2891, "Crumb and Get It_SB": 562, "Flame Lash": 980, "Exsanguinate": 866, "Exsanguinate_SB": 867, "Syr Ginger, the Meal Ender_SB": 2681, "Blade of the Oni": 222, "Blightstep Pathway": 236, "Bloodtithe Harvester": 254, "Mutavault": 1823, "Urborg, Tomb of Yawgmoth": 3004, "Extinction Event_SB": 869, "Go Blank_SB": 1141, "Hidetsugu Consumes All_SB": 1304, "Invoke Despair_SB": 1433, "Unlicensed Hearse_SB": 2970, "Breeding Pool": 318, "Enigmatic Incarnation": 816, "Indatha Triome": 1369, "Linvala, the Preserver": 1615, "Overgrown Tomb": 1944, "Savai Triome": 2316, "Skyclave Apparition": 2466, "Spara's Headquarters": 2522, "Vanishing Verse": 3043, "Zagoth Triome": 3214, "Archon of Emeria_SB": 106, "Knockout Blow_SB": 1532, "Ruric Thar, the Unbowed_SB": 2286, "Thought Distortion_SB": 2810, "Yorion, Sky Nomad_SB": 3211, "Cauldron Familiar": 410, "Claim the Firstborn": 473, "Deadly Dispute": 612, "Mayhem Devil": 1715, "Witch's Oven": 3186, "Ob Nixilis, the Adversary_SB": 1889, "Darksteel Citadel": 595, "Ensoul Artifact": 818, "Riverglide Pathway": 2247, "Shrapnel Blast": 2431, "Smuggler's Copter": 2491, "Voldaren Epicure": 3102, "Aether Gust_SB": 20, "Annul_SB": 77, "Rending Volley_SB": 2192, "Shadowspear_SB": 2400, "Voltage Surge_SB": 3106, "Cragcrown Pathway": 552, "Ramunap Ruins": 2133, "Reckless Rage": 2165, "Soul-Scar Mage": 2513, "Experimental Frenzy_SB": 861, "Hazoret the Fervent_SB": 1253, "Redcap Melee_SB": 2173, "Extinction Event": 868, "Anger of the Gods_SB": 67, "Fatal Push_SB": 908, "Gifted Aetherborn_SB": 1102, "Claim // Fame": 470, "Infuriate": 1375, "Kumano Faces Kakkazan": 1551, "Claim the Firstborn_SB": 474, "Grafdigger's Cage_SB": 1169, "Castle Locthwain": 404, "Clearwater Pathway": 478, "Field of Ruin": 962, "Geier Reach Sanitarium": 1070, "Hall of Storm Giants": 1216, "Hive of the Eye Tyrant": 1318, "Narset, Parter of Veils": 1832, "Omen of the Sea": 1910, "Paradoxical Outcome": 1973, "Shipwreck Marsh": 2419, "Takenuma, Abandoned Mire": 2691, "The Meathook Massacre": 2766, "Ashiok, Dream Render_SB": 123, "Weathered Runestone_SB": 3153, "Fetid Pools": 961, "Yorion, Sky Nomad": 3210, "Aurelia, the Warleader": 147, "Gilded Ghoda": 1103, "Krenko's Buzzcrusher": 1546, "Arclight Phoenix": 107, "Fiery Impulse": 968, "Izzet Charm": 1447, "Lightning Axe": 1602, "Prismari Command": 2070, "Spikefield Hazard": 2544, "Stormcarved Coast": 2611, "Treasure Cruise": 2900, "Dawnwing Marshal": 599, "Bishop of Wings": 212, "Branchloft Pathway": 304, "Cave of the Frost Dragon": 414, "Collected Company": 490, "Eiganjo, Seat of the Empire": 772, "Nykthos, Shrine to Nyx": 1884, "Overgrown Farmland": 1943, "Portable Hole": 2054, "Resplendent Marshal": 2204, "Righteous Valkyrie": 2232, "Temple Garden": 2710, "Archon of Absolution_SB": 104, "Brave the Elements_SB": 306, "Brutal Cathar_SB": 342, "Heroic Intervention_SB": 1291, "Reidane, God of the Worthy_SB": 2183, "Shapers' Sanctuary_SB": 2402, "Colossus Hammer": 503, "Eldritch Evolution": 775, "Mana Confluence": 1695, "Raffine's Informant": 2110, "Sigarda's Aid": 2436, "Soulflayer": 2515, "Sylvan Caryatid": 2677, "Bloodline Culling_SB": 249, "Collective Brutality_SB": 492, "Deafening Silence_SB": 614, "Portable Hole_SB": 2055, "Cavalier of Thorns": 413, "Elvish Mystic": 793, "Kiora, Behemoth Beckoner": 1516, "Lair of the Hydra": 1558, "Leyline of the Guildpact": 1594, "Oath of Nissa": 1887, "Old-Growth Troll": 1908, "Storm the Festival": 2610, "Ulvenwald Oddity": 2941, "Arasta of the Endless Web_SB": 88, "Emrakul, the Promised End_SB": 800, "Setessan Petitioner_SB": 2398, "Burner Rocket": 350, "Cloudspire Skycycle": 483, "Dynamite Diver": 757, "Guidelight Synergist": 1208, "Kolodin, Triumph Caster": 1537, "Count on Luck": 547, "Frenzied Goblin": 1030, "Doubling Season_SB": 704, "Fanatical Firebrand_SB": 902, "Howlsquad Heavy_SB": 1339, "Reckless Lackey_SB": 2164, "Rundvelt Hordemaster_SB": 2282, "District Mascot": 683, "Shivan Devastator": 2420, "Zimone, Paradox Sculptor": 3223, "Tyvar, the Pummeler_SB": 2940, "Zopandrel, Hunger Dominus_SB": 3227, "Ledger Shredder": 1575, "Brazen Borrower_SB": 309, "Prismari Command_SB": 2071, "Ashiok, Nightmare Muse_SB": 124, "Foreboding Ruins": 1008, "Invoke Despair": 1432, "Kroxa, Titan of Death's Hunger": 1550, "Kolaghan's Command_SB": 1536, "Haunted Ridge": 1246, "Hallowed Fountain": 1218, "Barrier Breach_SB": 182, "Leyline of Sanctity_SB": 1592, "Bonecrusher Giant": 268, "Burning-Tree Emissary": 352, "Chandra, Torch of Defiance": 438, "Collision // Colossus": 498, "Gruul Spellbreaker": 1201, "Kami's Flare": 1485, "Pelt Collector": 1988, "Voltaic Brawler": 3107, "Zhur-Taa Goblin": 3220, "Bonecrusher Giant_SB": 269, "Chandra, Torch of Defiance_SB": 439, "Cindervines_SB": 465, "Kami's Flare_SB": 1486, "Roiling Vortex_SB": 2263, "Collective Brutality": 491, "Faithful Mending": 892, "Greasefang, Okiba Boss": 1178, "Parhelion II": 1975, "Raffine's Tower": 2111, "Shattered Sanctum": 2406, "Skysovereign, Consul Flagship": 2474, "Stubborn Denial": 2624, "Tainted Indulgence": 2685, "Dovin's Veto_SB": 706, "Silence_SB": 2438, "Vanishing Verse_SB": 3044, "Furnace Punisher_SB": 1047, "Rocky Roads": 2259, "Lumbering Worldwagon_SB": 1657, "Cosmic Rebirth_SB": 544, "Goblin Oriflamme": 1149, "Drake Hatcher_SB": 721, "Eddymurk Crab_SB": 766, "Spectral Interference": 2526, "Become Brutes_SB": 200, "Mimeoplasm, Revered One": 1748, "Devouring Sugarmaw": 665, "Amalia Benavides Aguirre_SB": 51, "Elas il-Kor, Sadistic Pilgrim_SB": 774, "Fiendish Panda_SB": 964, "Knight of Dawn's Light_SB": 1525, "Mondrak, Glory Dominus_SB": 1795, "Cindering Cutthroat_SB": 464, "Ravine Raider_SB": 2146, "Risky Shortcut_SB": 2237, "Spin Out_SB": 2545, "Steampath Charger_SB": 2589, "Etched Familiar": 844, "Realm-Scorcher Hellkite": 2155, "Spyglass Siren_SB": 2566, "Divine Resilience": 691, "Sentinel of Lost Lore_SB": 2389, "Herd Migration_SB": 1287, "Kykar, Zephyr Awakener": 1556, "Lathril, Blade of the Elves_SB": 1563, "Armored Armadillo_SB": 116, "Gixian Infiltrator_SB": 1117}}